session_id	original_session_id
ses-m4+d26+y2022+ant2+0+03x+4+methyl+3+heptanol+40+t166+z0um	ses-m4-d26-y2022-ant2-0.03x-4-methyl-3-heptanol-40-t166-z0um
ses-m4+d26+y2022+ant2+0+03x+4+methyl+3+heptanol+40+t166+z100um	ses-m4-d26-y2022-ant2-0.03x-4-methyl-3-heptanol-40-t166-z100um
ses-m4+d26+y2022+ant2+0+03x+4+methyl+3+heptanol+40+t166+z105um	ses-m4-d26-y2022-ant2-0.03x-4-methyl-3-heptanol-40-t166-z105um
ses-m4+d26+y2022+ant2+0+03x+4+methyl+3+heptanol+40+t166+z10um	ses-m4-d26-y2022-ant2-0.03x-4-methyl-3-heptanol-40-t166-z10um
ses-m4+d26+y2022+ant2+0+03x+4+methyl+3+heptanol+40+t166+z110um	ses-m4-d26-y2022-ant2-0.03x-4-methyl-3-heptanol-40-t166-z110um
ses-m4+d26+y2022+ant2+0+03x+4+methyl+3+heptanol+40+t166+z115um	ses-m4-d26-y2022-ant2-0.03x-4-methyl-3-heptanol-40-t166-z115um
ses-m4+d26+y2022+ant2+0+03x+4+methyl+3+heptanol+40+t166+z120um	ses-m4-d26-y2022-ant2-0.03x-4-methyl-3-heptanol-40-t166-z120um
ses-m4+d26+y2022+ant2+0+03x+4+methyl+3+heptanol+40+t166+z125um	ses-m4-d26-y2022-ant2-0.03x-4-methyl-3-heptanol-40-t166-z125um
ses-m4+d26+y2022+ant2+0+03x+4+methyl+3+heptanol+40+t166+z130um	ses-m4-d26-y2022-ant2-0.03x-4-methyl-3-heptanol-40-t166-z130um
ses-m4+d26+y2022+ant2+0+03x+4+methyl+3+heptanol+40+t166+z135um	ses-m4-d26-y2022-ant2-0.03x-4-methyl-3-heptanol-40-t166-z135um
ses-m4+d26+y2022+ant2+0+03x+4+methyl+3+heptanol+40+t166+z140um	ses-m4-d26-y2022-ant2-0.03x-4-methyl-3-heptanol-40-t166-z140um
ses-m4+d26+y2022+ant2+0+03x+4+methyl+3+heptanol+40+t166+z145um	ses-m4-d26-y2022-ant2-0.03x-4-methyl-3-heptanol-40-t166-z145um
ses-m4+d26+y2022+ant2+0+03x+4+methyl+3+heptanol+40+t166+z150um	ses-m4-d26-y2022-ant2-0.03x-4-methyl-3-heptanol-40-t166-z150um
ses-m4+d26+y2022+ant2+0+03x+4+methyl+3+heptanol+40+t166+z155um	ses-m4-d26-y2022-ant2-0.03x-4-methyl-3-heptanol-40-t166-z155um
ses-m4+d26+y2022+ant2+0+03x+4+methyl+3+heptanol+40+t166+z15um	ses-m4-d26-y2022-ant2-0.03x-4-methyl-3-heptanol-40-t166-z15um
ses-m4+d26+y2022+ant2+0+03x+4+methyl+3+heptanol+40+t166+z160um	ses-m4-d26-y2022-ant2-0.03x-4-methyl-3-heptanol-40-t166-z160um
ses-m4+d26+y2022+ant2+0+03x+4+methyl+3+heptanol+40+t166+z20um	ses-m4-d26-y2022-ant2-0.03x-4-methyl-3-heptanol-40-t166-z20um
ses-m4+d26+y2022+ant2+0+03x+4+methyl+3+heptanol+40+t166+z25um	ses-m4-d26-y2022-ant2-0.03x-4-methyl-3-heptanol-40-t166-z25um
ses-m4+d26+y2022+ant2+0+03x+4+methyl+3+heptanol+40+t166+z30um	ses-m4-d26-y2022-ant2-0.03x-4-methyl-3-heptanol-40-t166-z30um
ses-m4+d26+y2022+ant2+0+03x+4+methyl+3+heptanol+40+t166+z35um	ses-m4-d26-y2022-ant2-0.03x-4-methyl-3-heptanol-40-t166-z35um
ses-m4+d26+y2022+ant2+0+03x+4+methyl+3+heptanol+40+t166+z40um	ses-m4-d26-y2022-ant2-0.03x-4-methyl-3-heptanol-40-t166-z40um
ses-m4+d26+y2022+ant2+0+03x+4+methyl+3+heptanol+40+t166+z45um	ses-m4-d26-y2022-ant2-0.03x-4-methyl-3-heptanol-40-t166-z45um
ses-m4+d26+y2022+ant2+0+03x+4+methyl+3+heptanol+40+t166+z50um	ses-m4-d26-y2022-ant2-0.03x-4-methyl-3-heptanol-40-t166-z50um
ses-m4+d26+y2022+ant2+0+03x+4+methyl+3+heptanol+40+t166+z55um	ses-m4-d26-y2022-ant2-0.03x-4-methyl-3-heptanol-40-t166-z55um
ses-m4+d26+y2022+ant2+0+03x+4+methyl+3+heptanol+40+t166+z5um	ses-m4-d26-y2022-ant2-0.03x-4-methyl-3-heptanol-40-t166-z5um
ses-m4+d26+y2022+ant2+0+03x+4+methyl+3+heptanol+40+t166+z60um	ses-m4-d26-y2022-ant2-0.03x-4-methyl-3-heptanol-40-t166-z60um
ses-m4+d26+y2022+ant2+0+03x+4+methyl+3+heptanol+40+t166+z65um	ses-m4-d26-y2022-ant2-0.03x-4-methyl-3-heptanol-40-t166-z65um
ses-m4+d26+y2022+ant2+0+03x+4+methyl+3+heptanol+40+t166+z70um	ses-m4-d26-y2022-ant2-0.03x-4-methyl-3-heptanol-40-t166-z70um
ses-m4+d26+y2022+ant2+0+03x+4+methyl+3+heptanol+40+t166+z75um	ses-m4-d26-y2022-ant2-0.03x-4-methyl-3-heptanol-40-t166-z75um
ses-m4+d26+y2022+ant2+0+03x+4+methyl+3+heptanol+40+t166+z80um	ses-m4-d26-y2022-ant2-0.03x-4-methyl-3-heptanol-40-t166-z80um
ses-m4+d26+y2022+ant2+0+03x+4+methyl+3+heptanol+40+t166+z85um	ses-m4-d26-y2022-ant2-0.03x-4-methyl-3-heptanol-40-t166-z85um
ses-m4+d26+y2022+ant2+0+03x+4+methyl+3+heptanol+40+t166+z90um	ses-m4-d26-y2022-ant2-0.03x-4-methyl-3-heptanol-40-t166-z90um
ses-m4+d26+y2022+ant2+0+03x+4+methyl+3+heptanol+40+t166+z95um	ses-m4-d26-y2022-ant2-0.03x-4-methyl-3-heptanol-40-t166-z95um
ses-m4+d26+y2022+ant2+0+03x+4+methyl+3+heptanol+40+t171+z0um	ses-m4-d26-y2022-ant2-0.03x-4-methyl-3-heptanol-40-t171-z0um
ses-m4+d26+y2022+ant2+0+03x+4+methyl+3+heptanol+40+t171+z100um	ses-m4-d26-y2022-ant2-0.03x-4-methyl-3-heptanol-40-t171-z100um
ses-m4+d26+y2022+ant2+0+03x+4+methyl+3+heptanol+40+t171+z105um	ses-m4-d26-y2022-ant2-0.03x-4-methyl-3-heptanol-40-t171-z105um
ses-m4+d26+y2022+ant2+0+03x+4+methyl+3+heptanol+40+t171+z10um	ses-m4-d26-y2022-ant2-0.03x-4-methyl-3-heptanol-40-t171-z10um
ses-m4+d26+y2022+ant2+0+03x+4+methyl+3+heptanol+40+t171+z110um	ses-m4-d26-y2022-ant2-0.03x-4-methyl-3-heptanol-40-t171-z110um
ses-m4+d26+y2022+ant2+0+03x+4+methyl+3+heptanol+40+t171+z115um	ses-m4-d26-y2022-ant2-0.03x-4-methyl-3-heptanol-40-t171-z115um
ses-m4+d26+y2022+ant2+0+03x+4+methyl+3+heptanol+40+t171+z120um	ses-m4-d26-y2022-ant2-0.03x-4-methyl-3-heptanol-40-t171-z120um
ses-m4+d26+y2022+ant2+0+03x+4+methyl+3+heptanol+40+t171+z125um	ses-m4-d26-y2022-ant2-0.03x-4-methyl-3-heptanol-40-t171-z125um
ses-m4+d26+y2022+ant2+0+03x+4+methyl+3+heptanol+40+t171+z130um	ses-m4-d26-y2022-ant2-0.03x-4-methyl-3-heptanol-40-t171-z130um
ses-m4+d26+y2022+ant2+0+03x+4+methyl+3+heptanol+40+t171+z135um	ses-m4-d26-y2022-ant2-0.03x-4-methyl-3-heptanol-40-t171-z135um
ses-m4+d26+y2022+ant2+0+03x+4+methyl+3+heptanol+40+t171+z140um	ses-m4-d26-y2022-ant2-0.03x-4-methyl-3-heptanol-40-t171-z140um
ses-m4+d26+y2022+ant2+0+03x+4+methyl+3+heptanol+40+t171+z145um	ses-m4-d26-y2022-ant2-0.03x-4-methyl-3-heptanol-40-t171-z145um
ses-m4+d26+y2022+ant2+0+03x+4+methyl+3+heptanol+40+t171+z150um	ses-m4-d26-y2022-ant2-0.03x-4-methyl-3-heptanol-40-t171-z150um
ses-m4+d26+y2022+ant2+0+03x+4+methyl+3+heptanol+40+t171+z155um	ses-m4-d26-y2022-ant2-0.03x-4-methyl-3-heptanol-40-t171-z155um
ses-m4+d26+y2022+ant2+0+03x+4+methyl+3+heptanol+40+t171+z15um	ses-m4-d26-y2022-ant2-0.03x-4-methyl-3-heptanol-40-t171-z15um
ses-m4+d26+y2022+ant2+0+03x+4+methyl+3+heptanol+40+t171+z160um	ses-m4-d26-y2022-ant2-0.03x-4-methyl-3-heptanol-40-t171-z160um
ses-m4+d26+y2022+ant2+0+03x+4+methyl+3+heptanol+40+t171+z20um	ses-m4-d26-y2022-ant2-0.03x-4-methyl-3-heptanol-40-t171-z20um
ses-m4+d26+y2022+ant2+0+03x+4+methyl+3+heptanol+40+t171+z25um	ses-m4-d26-y2022-ant2-0.03x-4-methyl-3-heptanol-40-t171-z25um
ses-m4+d26+y2022+ant2+0+03x+4+methyl+3+heptanol+40+t171+z30um	ses-m4-d26-y2022-ant2-0.03x-4-methyl-3-heptanol-40-t171-z30um
ses-m4+d26+y2022+ant2+0+03x+4+methyl+3+heptanol+40+t171+z35um	ses-m4-d26-y2022-ant2-0.03x-4-methyl-3-heptanol-40-t171-z35um
ses-m4+d26+y2022+ant2+0+03x+4+methyl+3+heptanol+40+t171+z40um	ses-m4-d26-y2022-ant2-0.03x-4-methyl-3-heptanol-40-t171-z40um
ses-m4+d26+y2022+ant2+0+03x+4+methyl+3+heptanol+40+t171+z45um	ses-m4-d26-y2022-ant2-0.03x-4-methyl-3-heptanol-40-t171-z45um
ses-m4+d26+y2022+ant2+0+03x+4+methyl+3+heptanol+40+t171+z50um	ses-m4-d26-y2022-ant2-0.03x-4-methyl-3-heptanol-40-t171-z50um
ses-m4+d26+y2022+ant2+0+03x+4+methyl+3+heptanol+40+t171+z55um	ses-m4-d26-y2022-ant2-0.03x-4-methyl-3-heptanol-40-t171-z55um
ses-m4+d26+y2022+ant2+0+03x+4+methyl+3+heptanol+40+t171+z5um	ses-m4-d26-y2022-ant2-0.03x-4-methyl-3-heptanol-40-t171-z5um
ses-m4+d26+y2022+ant2+0+03x+4+methyl+3+heptanol+40+t171+z60um	ses-m4-d26-y2022-ant2-0.03x-4-methyl-3-heptanol-40-t171-z60um
ses-m4+d26+y2022+ant2+0+03x+4+methyl+3+heptanol+40+t171+z65um	ses-m4-d26-y2022-ant2-0.03x-4-methyl-3-heptanol-40-t171-z65um
ses-m4+d26+y2022+ant2+0+03x+4+methyl+3+heptanol+40+t171+z70um	ses-m4-d26-y2022-ant2-0.03x-4-methyl-3-heptanol-40-t171-z70um
ses-m4+d26+y2022+ant2+0+03x+4+methyl+3+heptanol+40+t171+z75um	ses-m4-d26-y2022-ant2-0.03x-4-methyl-3-heptanol-40-t171-z75um
ses-m4+d26+y2022+ant2+0+03x+4+methyl+3+heptanol+40+t171+z80um	ses-m4-d26-y2022-ant2-0.03x-4-methyl-3-heptanol-40-t171-z80um
ses-m4+d26+y2022+ant2+0+03x+4+methyl+3+heptanol+40+t171+z85um	ses-m4-d26-y2022-ant2-0.03x-4-methyl-3-heptanol-40-t171-z85um
ses-m4+d26+y2022+ant2+0+03x+4+methyl+3+heptanol+40+t171+z90um	ses-m4-d26-y2022-ant2-0.03x-4-methyl-3-heptanol-40-t171-z90um
ses-m4+d26+y2022+ant2+0+03x+4+methyl+3+heptanol+40+t171+z95um	ses-m4-d26-y2022-ant2-0.03x-4-methyl-3-heptanol-40-t171-z95um
ses-m4+d26+y2022+ant2+0+03x+4+methyl+3+heptanol+40+t176+z0um	ses-m4-d26-y2022-ant2-0.03x-4-methyl-3-heptanol-40-t176-z0um
ses-m4+d26+y2022+ant2+0+03x+4+methyl+3+heptanol+40+t176+z100um	ses-m4-d26-y2022-ant2-0.03x-4-methyl-3-heptanol-40-t176-z100um
ses-m4+d26+y2022+ant2+0+03x+4+methyl+3+heptanol+40+t176+z105um	ses-m4-d26-y2022-ant2-0.03x-4-methyl-3-heptanol-40-t176-z105um
ses-m4+d26+y2022+ant2+0+03x+4+methyl+3+heptanol+40+t176+z10um	ses-m4-d26-y2022-ant2-0.03x-4-methyl-3-heptanol-40-t176-z10um
ses-m4+d26+y2022+ant2+0+03x+4+methyl+3+heptanol+40+t176+z110um	ses-m4-d26-y2022-ant2-0.03x-4-methyl-3-heptanol-40-t176-z110um
ses-m4+d26+y2022+ant2+0+03x+4+methyl+3+heptanol+40+t176+z115um	ses-m4-d26-y2022-ant2-0.03x-4-methyl-3-heptanol-40-t176-z115um
ses-m4+d26+y2022+ant2+0+03x+4+methyl+3+heptanol+40+t176+z120um	ses-m4-d26-y2022-ant2-0.03x-4-methyl-3-heptanol-40-t176-z120um
ses-m4+d26+y2022+ant2+0+03x+4+methyl+3+heptanol+40+t176+z125um	ses-m4-d26-y2022-ant2-0.03x-4-methyl-3-heptanol-40-t176-z125um
ses-m4+d26+y2022+ant2+0+03x+4+methyl+3+heptanol+40+t176+z130um	ses-m4-d26-y2022-ant2-0.03x-4-methyl-3-heptanol-40-t176-z130um
ses-m4+d26+y2022+ant2+0+03x+4+methyl+3+heptanol+40+t176+z135um	ses-m4-d26-y2022-ant2-0.03x-4-methyl-3-heptanol-40-t176-z135um
ses-m4+d26+y2022+ant2+0+03x+4+methyl+3+heptanol+40+t176+z140um	ses-m4-d26-y2022-ant2-0.03x-4-methyl-3-heptanol-40-t176-z140um
ses-m4+d26+y2022+ant2+0+03x+4+methyl+3+heptanol+40+t176+z145um	ses-m4-d26-y2022-ant2-0.03x-4-methyl-3-heptanol-40-t176-z145um
ses-m4+d26+y2022+ant2+0+03x+4+methyl+3+heptanol+40+t176+z150um	ses-m4-d26-y2022-ant2-0.03x-4-methyl-3-heptanol-40-t176-z150um
ses-m4+d26+y2022+ant2+0+03x+4+methyl+3+heptanol+40+t176+z155um	ses-m4-d26-y2022-ant2-0.03x-4-methyl-3-heptanol-40-t176-z155um
ses-m4+d26+y2022+ant2+0+03x+4+methyl+3+heptanol+40+t176+z15um	ses-m4-d26-y2022-ant2-0.03x-4-methyl-3-heptanol-40-t176-z15um
ses-m4+d26+y2022+ant2+0+03x+4+methyl+3+heptanol+40+t176+z160um	ses-m4-d26-y2022-ant2-0.03x-4-methyl-3-heptanol-40-t176-z160um
ses-m4+d26+y2022+ant2+0+03x+4+methyl+3+heptanol+40+t176+z20um	ses-m4-d26-y2022-ant2-0.03x-4-methyl-3-heptanol-40-t176-z20um
ses-m4+d26+y2022+ant2+0+03x+4+methyl+3+heptanol+40+t176+z25um	ses-m4-d26-y2022-ant2-0.03x-4-methyl-3-heptanol-40-t176-z25um
ses-m4+d26+y2022+ant2+0+03x+4+methyl+3+heptanol+40+t176+z30um	ses-m4-d26-y2022-ant2-0.03x-4-methyl-3-heptanol-40-t176-z30um
ses-m4+d26+y2022+ant2+0+03x+4+methyl+3+heptanol+40+t176+z35um	ses-m4-d26-y2022-ant2-0.03x-4-methyl-3-heptanol-40-t176-z35um
ses-m4+d26+y2022+ant2+0+03x+4+methyl+3+heptanol+40+t176+z40um	ses-m4-d26-y2022-ant2-0.03x-4-methyl-3-heptanol-40-t176-z40um
ses-m4+d26+y2022+ant2+0+03x+4+methyl+3+heptanol+40+t176+z45um	ses-m4-d26-y2022-ant2-0.03x-4-methyl-3-heptanol-40-t176-z45um
ses-m4+d26+y2022+ant2+0+03x+4+methyl+3+heptanol+40+t176+z50um	ses-m4-d26-y2022-ant2-0.03x-4-methyl-3-heptanol-40-t176-z50um
ses-m4+d26+y2022+ant2+0+03x+4+methyl+3+heptanol+40+t176+z55um	ses-m4-d26-y2022-ant2-0.03x-4-methyl-3-heptanol-40-t176-z55um
ses-m4+d26+y2022+ant2+0+03x+4+methyl+3+heptanol+40+t176+z5um	ses-m4-d26-y2022-ant2-0.03x-4-methyl-3-heptanol-40-t176-z5um
ses-m4+d26+y2022+ant2+0+03x+4+methyl+3+heptanol+40+t176+z60um	ses-m4-d26-y2022-ant2-0.03x-4-methyl-3-heptanol-40-t176-z60um
ses-m4+d26+y2022+ant2+0+03x+4+methyl+3+heptanol+40+t176+z65um	ses-m4-d26-y2022-ant2-0.03x-4-methyl-3-heptanol-40-t176-z65um
ses-m4+d26+y2022+ant2+0+03x+4+methyl+3+heptanol+40+t176+z70um	ses-m4-d26-y2022-ant2-0.03x-4-methyl-3-heptanol-40-t176-z70um
ses-m4+d26+y2022+ant2+0+03x+4+methyl+3+heptanol+40+t176+z75um	ses-m4-d26-y2022-ant2-0.03x-4-methyl-3-heptanol-40-t176-z75um
ses-m4+d26+y2022+ant2+0+03x+4+methyl+3+heptanol+40+t176+z80um	ses-m4-d26-y2022-ant2-0.03x-4-methyl-3-heptanol-40-t176-z80um
ses-m4+d26+y2022+ant2+0+03x+4+methyl+3+heptanol+40+t176+z85um	ses-m4-d26-y2022-ant2-0.03x-4-methyl-3-heptanol-40-t176-z85um
ses-m4+d26+y2022+ant2+0+03x+4+methyl+3+heptanol+40+t176+z90um	ses-m4-d26-y2022-ant2-0.03x-4-methyl-3-heptanol-40-t176-z90um
ses-m4+d26+y2022+ant2+0+03x+4+methyl+3+heptanol+40+t176+z95um	ses-m4-d26-y2022-ant2-0.03x-4-methyl-3-heptanol-40-t176-z95um
ses-m4+d26+y2022+ant2+0+03x+4+methyl+3+heptanone+40+t163+z0um	ses-m4-d26-y2022-ant2-0.03x-4-methyl-3-heptanone-40-t163-z0um
ses-m4+d26+y2022+ant2+0+03x+4+methyl+3+heptanone+40+t163+z100um	ses-m4-d26-y2022-ant2-0.03x-4-methyl-3-heptanone-40-t163-z100um
ses-m4+d26+y2022+ant2+0+03x+4+methyl+3+heptanone+40+t163+z105um	ses-m4-d26-y2022-ant2-0.03x-4-methyl-3-heptanone-40-t163-z105um
ses-m4+d26+y2022+ant2+0+03x+4+methyl+3+heptanone+40+t163+z10um	ses-m4-d26-y2022-ant2-0.03x-4-methyl-3-heptanone-40-t163-z10um
ses-m4+d26+y2022+ant2+0+03x+4+methyl+3+heptanone+40+t163+z110um	ses-m4-d26-y2022-ant2-0.03x-4-methyl-3-heptanone-40-t163-z110um
ses-m4+d26+y2022+ant2+0+03x+4+methyl+3+heptanone+40+t163+z115um	ses-m4-d26-y2022-ant2-0.03x-4-methyl-3-heptanone-40-t163-z115um
ses-m4+d26+y2022+ant2+0+03x+4+methyl+3+heptanone+40+t163+z120um	ses-m4-d26-y2022-ant2-0.03x-4-methyl-3-heptanone-40-t163-z120um
ses-m4+d26+y2022+ant2+0+03x+4+methyl+3+heptanone+40+t163+z125um	ses-m4-d26-y2022-ant2-0.03x-4-methyl-3-heptanone-40-t163-z125um
ses-m4+d26+y2022+ant2+0+03x+4+methyl+3+heptanone+40+t163+z130um	ses-m4-d26-y2022-ant2-0.03x-4-methyl-3-heptanone-40-t163-z130um
ses-m4+d26+y2022+ant2+0+03x+4+methyl+3+heptanone+40+t163+z135um	ses-m4-d26-y2022-ant2-0.03x-4-methyl-3-heptanone-40-t163-z135um
ses-m4+d26+y2022+ant2+0+03x+4+methyl+3+heptanone+40+t163+z140um	ses-m4-d26-y2022-ant2-0.03x-4-methyl-3-heptanone-40-t163-z140um
ses-m4+d26+y2022+ant2+0+03x+4+methyl+3+heptanone+40+t163+z145um	ses-m4-d26-y2022-ant2-0.03x-4-methyl-3-heptanone-40-t163-z145um
ses-m4+d26+y2022+ant2+0+03x+4+methyl+3+heptanone+40+t163+z150um	ses-m4-d26-y2022-ant2-0.03x-4-methyl-3-heptanone-40-t163-z150um
ses-m4+d26+y2022+ant2+0+03x+4+methyl+3+heptanone+40+t163+z155um	ses-m4-d26-y2022-ant2-0.03x-4-methyl-3-heptanone-40-t163-z155um
ses-m4+d26+y2022+ant2+0+03x+4+methyl+3+heptanone+40+t163+z15um	ses-m4-d26-y2022-ant2-0.03x-4-methyl-3-heptanone-40-t163-z15um
ses-m4+d26+y2022+ant2+0+03x+4+methyl+3+heptanone+40+t163+z160um	ses-m4-d26-y2022-ant2-0.03x-4-methyl-3-heptanone-40-t163-z160um
ses-m4+d26+y2022+ant2+0+03x+4+methyl+3+heptanone+40+t163+z20um	ses-m4-d26-y2022-ant2-0.03x-4-methyl-3-heptanone-40-t163-z20um
ses-m4+d26+y2022+ant2+0+03x+4+methyl+3+heptanone+40+t163+z25um	ses-m4-d26-y2022-ant2-0.03x-4-methyl-3-heptanone-40-t163-z25um
ses-m4+d26+y2022+ant2+0+03x+4+methyl+3+heptanone+40+t163+z30um	ses-m4-d26-y2022-ant2-0.03x-4-methyl-3-heptanone-40-t163-z30um
ses-m4+d26+y2022+ant2+0+03x+4+methyl+3+heptanone+40+t163+z35um	ses-m4-d26-y2022-ant2-0.03x-4-methyl-3-heptanone-40-t163-z35um
ses-m4+d26+y2022+ant2+0+03x+4+methyl+3+heptanone+40+t163+z40um	ses-m4-d26-y2022-ant2-0.03x-4-methyl-3-heptanone-40-t163-z40um
ses-m4+d26+y2022+ant2+0+03x+4+methyl+3+heptanone+40+t163+z45um	ses-m4-d26-y2022-ant2-0.03x-4-methyl-3-heptanone-40-t163-z45um
ses-m4+d26+y2022+ant2+0+03x+4+methyl+3+heptanone+40+t163+z50um	ses-m4-d26-y2022-ant2-0.03x-4-methyl-3-heptanone-40-t163-z50um
ses-m4+d26+y2022+ant2+0+03x+4+methyl+3+heptanone+40+t163+z55um	ses-m4-d26-y2022-ant2-0.03x-4-methyl-3-heptanone-40-t163-z55um
ses-m4+d26+y2022+ant2+0+03x+4+methyl+3+heptanone+40+t163+z5um	ses-m4-d26-y2022-ant2-0.03x-4-methyl-3-heptanone-40-t163-z5um
ses-m4+d26+y2022+ant2+0+03x+4+methyl+3+heptanone+40+t163+z60um	ses-m4-d26-y2022-ant2-0.03x-4-methyl-3-heptanone-40-t163-z60um
ses-m4+d26+y2022+ant2+0+03x+4+methyl+3+heptanone+40+t163+z65um	ses-m4-d26-y2022-ant2-0.03x-4-methyl-3-heptanone-40-t163-z65um
ses-m4+d26+y2022+ant2+0+03x+4+methyl+3+heptanone+40+t163+z70um	ses-m4-d26-y2022-ant2-0.03x-4-methyl-3-heptanone-40-t163-z70um
ses-m4+d26+y2022+ant2+0+03x+4+methyl+3+heptanone+40+t163+z75um	ses-m4-d26-y2022-ant2-0.03x-4-methyl-3-heptanone-40-t163-z75um
ses-m4+d26+y2022+ant2+0+03x+4+methyl+3+heptanone+40+t163+z80um	ses-m4-d26-y2022-ant2-0.03x-4-methyl-3-heptanone-40-t163-z80um
ses-m4+d26+y2022+ant2+0+03x+4+methyl+3+heptanone+40+t163+z85um	ses-m4-d26-y2022-ant2-0.03x-4-methyl-3-heptanone-40-t163-z85um
ses-m4+d26+y2022+ant2+0+03x+4+methyl+3+heptanone+40+t163+z90um	ses-m4-d26-y2022-ant2-0.03x-4-methyl-3-heptanone-40-t163-z90um
ses-m4+d26+y2022+ant2+0+03x+4+methyl+3+heptanone+40+t163+z95um	ses-m4-d26-y2022-ant2-0.03x-4-methyl-3-heptanone-40-t163-z95um
ses-m4+d26+y2022+ant2+0+03x+4+methyl+3+heptanone+40+t168+z0um	ses-m4-d26-y2022-ant2-0.03x-4-methyl-3-heptanone-40-t168-z0um
ses-m4+d26+y2022+ant2+0+03x+4+methyl+3+heptanone+40+t168+z100um	ses-m4-d26-y2022-ant2-0.03x-4-methyl-3-heptanone-40-t168-z100um
ses-m4+d26+y2022+ant2+0+03x+4+methyl+3+heptanone+40+t168+z105um	ses-m4-d26-y2022-ant2-0.03x-4-methyl-3-heptanone-40-t168-z105um
ses-m4+d26+y2022+ant2+0+03x+4+methyl+3+heptanone+40+t168+z10um	ses-m4-d26-y2022-ant2-0.03x-4-methyl-3-heptanone-40-t168-z10um
ses-m4+d26+y2022+ant2+0+03x+4+methyl+3+heptanone+40+t168+z110um	ses-m4-d26-y2022-ant2-0.03x-4-methyl-3-heptanone-40-t168-z110um
ses-m4+d26+y2022+ant2+0+03x+4+methyl+3+heptanone+40+t168+z115um	ses-m4-d26-y2022-ant2-0.03x-4-methyl-3-heptanone-40-t168-z115um
ses-m4+d26+y2022+ant2+0+03x+4+methyl+3+heptanone+40+t168+z120um	ses-m4-d26-y2022-ant2-0.03x-4-methyl-3-heptanone-40-t168-z120um
ses-m4+d26+y2022+ant2+0+03x+4+methyl+3+heptanone+40+t168+z125um	ses-m4-d26-y2022-ant2-0.03x-4-methyl-3-heptanone-40-t168-z125um
ses-m4+d26+y2022+ant2+0+03x+4+methyl+3+heptanone+40+t168+z130um	ses-m4-d26-y2022-ant2-0.03x-4-methyl-3-heptanone-40-t168-z130um
ses-m4+d26+y2022+ant2+0+03x+4+methyl+3+heptanone+40+t168+z135um	ses-m4-d26-y2022-ant2-0.03x-4-methyl-3-heptanone-40-t168-z135um
ses-m4+d26+y2022+ant2+0+03x+4+methyl+3+heptanone+40+t168+z140um	ses-m4-d26-y2022-ant2-0.03x-4-methyl-3-heptanone-40-t168-z140um
ses-m4+d26+y2022+ant2+0+03x+4+methyl+3+heptanone+40+t168+z145um	ses-m4-d26-y2022-ant2-0.03x-4-methyl-3-heptanone-40-t168-z145um
ses-m4+d26+y2022+ant2+0+03x+4+methyl+3+heptanone+40+t168+z150um	ses-m4-d26-y2022-ant2-0.03x-4-methyl-3-heptanone-40-t168-z150um
ses-m4+d26+y2022+ant2+0+03x+4+methyl+3+heptanone+40+t168+z155um	ses-m4-d26-y2022-ant2-0.03x-4-methyl-3-heptanone-40-t168-z155um
ses-m4+d26+y2022+ant2+0+03x+4+methyl+3+heptanone+40+t168+z15um	ses-m4-d26-y2022-ant2-0.03x-4-methyl-3-heptanone-40-t168-z15um
ses-m4+d26+y2022+ant2+0+03x+4+methyl+3+heptanone+40+t168+z160um	ses-m4-d26-y2022-ant2-0.03x-4-methyl-3-heptanone-40-t168-z160um
ses-m4+d26+y2022+ant2+0+03x+4+methyl+3+heptanone+40+t168+z20um	ses-m4-d26-y2022-ant2-0.03x-4-methyl-3-heptanone-40-t168-z20um
ses-m4+d26+y2022+ant2+0+03x+4+methyl+3+heptanone+40+t168+z25um	ses-m4-d26-y2022-ant2-0.03x-4-methyl-3-heptanone-40-t168-z25um
ses-m4+d26+y2022+ant2+0+03x+4+methyl+3+heptanone+40+t168+z30um	ses-m4-d26-y2022-ant2-0.03x-4-methyl-3-heptanone-40-t168-z30um
ses-m4+d26+y2022+ant2+0+03x+4+methyl+3+heptanone+40+t168+z35um	ses-m4-d26-y2022-ant2-0.03x-4-methyl-3-heptanone-40-t168-z35um
ses-m4+d26+y2022+ant2+0+03x+4+methyl+3+heptanone+40+t168+z40um	ses-m4-d26-y2022-ant2-0.03x-4-methyl-3-heptanone-40-t168-z40um
ses-m4+d26+y2022+ant2+0+03x+4+methyl+3+heptanone+40+t168+z45um	ses-m4-d26-y2022-ant2-0.03x-4-methyl-3-heptanone-40-t168-z45um
ses-m4+d26+y2022+ant2+0+03x+4+methyl+3+heptanone+40+t168+z50um	ses-m4-d26-y2022-ant2-0.03x-4-methyl-3-heptanone-40-t168-z50um
ses-m4+d26+y2022+ant2+0+03x+4+methyl+3+heptanone+40+t168+z55um	ses-m4-d26-y2022-ant2-0.03x-4-methyl-3-heptanone-40-t168-z55um
ses-m4+d26+y2022+ant2+0+03x+4+methyl+3+heptanone+40+t168+z5um	ses-m4-d26-y2022-ant2-0.03x-4-methyl-3-heptanone-40-t168-z5um
ses-m4+d26+y2022+ant2+0+03x+4+methyl+3+heptanone+40+t168+z60um	ses-m4-d26-y2022-ant2-0.03x-4-methyl-3-heptanone-40-t168-z60um
ses-m4+d26+y2022+ant2+0+03x+4+methyl+3+heptanone+40+t168+z65um	ses-m4-d26-y2022-ant2-0.03x-4-methyl-3-heptanone-40-t168-z65um
ses-m4+d26+y2022+ant2+0+03x+4+methyl+3+heptanone+40+t168+z70um	ses-m4-d26-y2022-ant2-0.03x-4-methyl-3-heptanone-40-t168-z70um
ses-m4+d26+y2022+ant2+0+03x+4+methyl+3+heptanone+40+t168+z75um	ses-m4-d26-y2022-ant2-0.03x-4-methyl-3-heptanone-40-t168-z75um
ses-m4+d26+y2022+ant2+0+03x+4+methyl+3+heptanone+40+t168+z80um	ses-m4-d26-y2022-ant2-0.03x-4-methyl-3-heptanone-40-t168-z80um
ses-m4+d26+y2022+ant2+0+03x+4+methyl+3+heptanone+40+t168+z85um	ses-m4-d26-y2022-ant2-0.03x-4-methyl-3-heptanone-40-t168-z85um
ses-m4+d26+y2022+ant2+0+03x+4+methyl+3+heptanone+40+t168+z90um	ses-m4-d26-y2022-ant2-0.03x-4-methyl-3-heptanone-40-t168-z90um
ses-m4+d26+y2022+ant2+0+03x+4+methyl+3+heptanone+40+t168+z95um	ses-m4-d26-y2022-ant2-0.03x-4-methyl-3-heptanone-40-t168-z95um
ses-m4+d26+y2022+ant2+0+03x+4+methyl+3+heptanone+40+t173+z0um	ses-m4-d26-y2022-ant2-0.03x-4-methyl-3-heptanone-40-t173-z0um
ses-m4+d26+y2022+ant2+0+03x+4+methyl+3+heptanone+40+t173+z100um	ses-m4-d26-y2022-ant2-0.03x-4-methyl-3-heptanone-40-t173-z100um
ses-m4+d26+y2022+ant2+0+03x+4+methyl+3+heptanone+40+t173+z105um	ses-m4-d26-y2022-ant2-0.03x-4-methyl-3-heptanone-40-t173-z105um
ses-m4+d26+y2022+ant2+0+03x+4+methyl+3+heptanone+40+t173+z10um	ses-m4-d26-y2022-ant2-0.03x-4-methyl-3-heptanone-40-t173-z10um
ses-m4+d26+y2022+ant2+0+03x+4+methyl+3+heptanone+40+t173+z110um	ses-m4-d26-y2022-ant2-0.03x-4-methyl-3-heptanone-40-t173-z110um
ses-m4+d26+y2022+ant2+0+03x+4+methyl+3+heptanone+40+t173+z115um	ses-m4-d26-y2022-ant2-0.03x-4-methyl-3-heptanone-40-t173-z115um
ses-m4+d26+y2022+ant2+0+03x+4+methyl+3+heptanone+40+t173+z120um	ses-m4-d26-y2022-ant2-0.03x-4-methyl-3-heptanone-40-t173-z120um
ses-m4+d26+y2022+ant2+0+03x+4+methyl+3+heptanone+40+t173+z125um	ses-m4-d26-y2022-ant2-0.03x-4-methyl-3-heptanone-40-t173-z125um
ses-m4+d26+y2022+ant2+0+03x+4+methyl+3+heptanone+40+t173+z130um	ses-m4-d26-y2022-ant2-0.03x-4-methyl-3-heptanone-40-t173-z130um
ses-m4+d26+y2022+ant2+0+03x+4+methyl+3+heptanone+40+t173+z135um	ses-m4-d26-y2022-ant2-0.03x-4-methyl-3-heptanone-40-t173-z135um
ses-m4+d26+y2022+ant2+0+03x+4+methyl+3+heptanone+40+t173+z140um	ses-m4-d26-y2022-ant2-0.03x-4-methyl-3-heptanone-40-t173-z140um
ses-m4+d26+y2022+ant2+0+03x+4+methyl+3+heptanone+40+t173+z145um	ses-m4-d26-y2022-ant2-0.03x-4-methyl-3-heptanone-40-t173-z145um
ses-m4+d26+y2022+ant2+0+03x+4+methyl+3+heptanone+40+t173+z150um	ses-m4-d26-y2022-ant2-0.03x-4-methyl-3-heptanone-40-t173-z150um
ses-m4+d26+y2022+ant2+0+03x+4+methyl+3+heptanone+40+t173+z155um	ses-m4-d26-y2022-ant2-0.03x-4-methyl-3-heptanone-40-t173-z155um
ses-m4+d26+y2022+ant2+0+03x+4+methyl+3+heptanone+40+t173+z15um	ses-m4-d26-y2022-ant2-0.03x-4-methyl-3-heptanone-40-t173-z15um
ses-m4+d26+y2022+ant2+0+03x+4+methyl+3+heptanone+40+t173+z160um	ses-m4-d26-y2022-ant2-0.03x-4-methyl-3-heptanone-40-t173-z160um
ses-m4+d26+y2022+ant2+0+03x+4+methyl+3+heptanone+40+t173+z20um	ses-m4-d26-y2022-ant2-0.03x-4-methyl-3-heptanone-40-t173-z20um
ses-m4+d26+y2022+ant2+0+03x+4+methyl+3+heptanone+40+t173+z25um	ses-m4-d26-y2022-ant2-0.03x-4-methyl-3-heptanone-40-t173-z25um
ses-m4+d26+y2022+ant2+0+03x+4+methyl+3+heptanone+40+t173+z30um	ses-m4-d26-y2022-ant2-0.03x-4-methyl-3-heptanone-40-t173-z30um
ses-m4+d26+y2022+ant2+0+03x+4+methyl+3+heptanone+40+t173+z35um	ses-m4-d26-y2022-ant2-0.03x-4-methyl-3-heptanone-40-t173-z35um
ses-m4+d26+y2022+ant2+0+03x+4+methyl+3+heptanone+40+t173+z40um	ses-m4-d26-y2022-ant2-0.03x-4-methyl-3-heptanone-40-t173-z40um
ses-m4+d26+y2022+ant2+0+03x+4+methyl+3+heptanone+40+t173+z45um	ses-m4-d26-y2022-ant2-0.03x-4-methyl-3-heptanone-40-t173-z45um
ses-m4+d26+y2022+ant2+0+03x+4+methyl+3+heptanone+40+t173+z50um	ses-m4-d26-y2022-ant2-0.03x-4-methyl-3-heptanone-40-t173-z50um
ses-m4+d26+y2022+ant2+0+03x+4+methyl+3+heptanone+40+t173+z55um	ses-m4-d26-y2022-ant2-0.03x-4-methyl-3-heptanone-40-t173-z55um
ses-m4+d26+y2022+ant2+0+03x+4+methyl+3+heptanone+40+t173+z5um	ses-m4-d26-y2022-ant2-0.03x-4-methyl-3-heptanone-40-t173-z5um
ses-m4+d26+y2022+ant2+0+03x+4+methyl+3+heptanone+40+t173+z60um	ses-m4-d26-y2022-ant2-0.03x-4-methyl-3-heptanone-40-t173-z60um
ses-m4+d26+y2022+ant2+0+03x+4+methyl+3+heptanone+40+t173+z65um	ses-m4-d26-y2022-ant2-0.03x-4-methyl-3-heptanone-40-t173-z65um
ses-m4+d26+y2022+ant2+0+03x+4+methyl+3+heptanone+40+t173+z70um	ses-m4-d26-y2022-ant2-0.03x-4-methyl-3-heptanone-40-t173-z70um
ses-m4+d26+y2022+ant2+0+03x+4+methyl+3+heptanone+40+t173+z75um	ses-m4-d26-y2022-ant2-0.03x-4-methyl-3-heptanone-40-t173-z75um
ses-m4+d26+y2022+ant2+0+03x+4+methyl+3+heptanone+40+t173+z80um	ses-m4-d26-y2022-ant2-0.03x-4-methyl-3-heptanone-40-t173-z80um
ses-m4+d26+y2022+ant2+0+03x+4+methyl+3+heptanone+40+t173+z85um	ses-m4-d26-y2022-ant2-0.03x-4-methyl-3-heptanone-40-t173-z85um
ses-m4+d26+y2022+ant2+0+03x+4+methyl+3+heptanone+40+t173+z90um	ses-m4-d26-y2022-ant2-0.03x-4-methyl-3-heptanone-40-t173-z90um
ses-m4+d26+y2022+ant2+0+03x+4+methyl+3+heptanone+40+t173+z95um	ses-m4-d26-y2022-ant2-0.03x-4-methyl-3-heptanone-40-t173-z95um
ses-m4+d26+y2022+ant2+0+03x+4+methyl+3+hexanol+40+t162+z0um	ses-m4-d26-y2022-ant2-0.03x-4-methyl-3-hexanol-40-t162-z0um
ses-m4+d26+y2022+ant2+0+03x+4+methyl+3+hexanol+40+t162+z100um	ses-m4-d26-y2022-ant2-0.03x-4-methyl-3-hexanol-40-t162-z100um
ses-m4+d26+y2022+ant2+0+03x+4+methyl+3+hexanol+40+t162+z105um	ses-m4-d26-y2022-ant2-0.03x-4-methyl-3-hexanol-40-t162-z105um
ses-m4+d26+y2022+ant2+0+03x+4+methyl+3+hexanol+40+t162+z10um	ses-m4-d26-y2022-ant2-0.03x-4-methyl-3-hexanol-40-t162-z10um
ses-m4+d26+y2022+ant2+0+03x+4+methyl+3+hexanol+40+t162+z110um	ses-m4-d26-y2022-ant2-0.03x-4-methyl-3-hexanol-40-t162-z110um
ses-m4+d26+y2022+ant2+0+03x+4+methyl+3+hexanol+40+t162+z115um	ses-m4-d26-y2022-ant2-0.03x-4-methyl-3-hexanol-40-t162-z115um
ses-m4+d26+y2022+ant2+0+03x+4+methyl+3+hexanol+40+t162+z120um	ses-m4-d26-y2022-ant2-0.03x-4-methyl-3-hexanol-40-t162-z120um
ses-m4+d26+y2022+ant2+0+03x+4+methyl+3+hexanol+40+t162+z125um	ses-m4-d26-y2022-ant2-0.03x-4-methyl-3-hexanol-40-t162-z125um
ses-m4+d26+y2022+ant2+0+03x+4+methyl+3+hexanol+40+t162+z130um	ses-m4-d26-y2022-ant2-0.03x-4-methyl-3-hexanol-40-t162-z130um
ses-m4+d26+y2022+ant2+0+03x+4+methyl+3+hexanol+40+t162+z135um	ses-m4-d26-y2022-ant2-0.03x-4-methyl-3-hexanol-40-t162-z135um
ses-m4+d26+y2022+ant2+0+03x+4+methyl+3+hexanol+40+t162+z140um	ses-m4-d26-y2022-ant2-0.03x-4-methyl-3-hexanol-40-t162-z140um
ses-m4+d26+y2022+ant2+0+03x+4+methyl+3+hexanol+40+t162+z145um	ses-m4-d26-y2022-ant2-0.03x-4-methyl-3-hexanol-40-t162-z145um
ses-m4+d26+y2022+ant2+0+03x+4+methyl+3+hexanol+40+t162+z150um	ses-m4-d26-y2022-ant2-0.03x-4-methyl-3-hexanol-40-t162-z150um
ses-m4+d26+y2022+ant2+0+03x+4+methyl+3+hexanol+40+t162+z155um	ses-m4-d26-y2022-ant2-0.03x-4-methyl-3-hexanol-40-t162-z155um
ses-m4+d26+y2022+ant2+0+03x+4+methyl+3+hexanol+40+t162+z15um	ses-m4-d26-y2022-ant2-0.03x-4-methyl-3-hexanol-40-t162-z15um
ses-m4+d26+y2022+ant2+0+03x+4+methyl+3+hexanol+40+t162+z160um	ses-m4-d26-y2022-ant2-0.03x-4-methyl-3-hexanol-40-t162-z160um
ses-m4+d26+y2022+ant2+0+03x+4+methyl+3+hexanol+40+t162+z20um	ses-m4-d26-y2022-ant2-0.03x-4-methyl-3-hexanol-40-t162-z20um
ses-m4+d26+y2022+ant2+0+03x+4+methyl+3+hexanol+40+t162+z25um	ses-m4-d26-y2022-ant2-0.03x-4-methyl-3-hexanol-40-t162-z25um
ses-m4+d26+y2022+ant2+0+03x+4+methyl+3+hexanol+40+t162+z30um	ses-m4-d26-y2022-ant2-0.03x-4-methyl-3-hexanol-40-t162-z30um
ses-m4+d26+y2022+ant2+0+03x+4+methyl+3+hexanol+40+t162+z35um	ses-m4-d26-y2022-ant2-0.03x-4-methyl-3-hexanol-40-t162-z35um
ses-m4+d26+y2022+ant2+0+03x+4+methyl+3+hexanol+40+t162+z40um	ses-m4-d26-y2022-ant2-0.03x-4-methyl-3-hexanol-40-t162-z40um
ses-m4+d26+y2022+ant2+0+03x+4+methyl+3+hexanol+40+t162+z45um	ses-m4-d26-y2022-ant2-0.03x-4-methyl-3-hexanol-40-t162-z45um
ses-m4+d26+y2022+ant2+0+03x+4+methyl+3+hexanol+40+t162+z50um	ses-m4-d26-y2022-ant2-0.03x-4-methyl-3-hexanol-40-t162-z50um
ses-m4+d26+y2022+ant2+0+03x+4+methyl+3+hexanol+40+t162+z55um	ses-m4-d26-y2022-ant2-0.03x-4-methyl-3-hexanol-40-t162-z55um
ses-m4+d26+y2022+ant2+0+03x+4+methyl+3+hexanol+40+t162+z5um	ses-m4-d26-y2022-ant2-0.03x-4-methyl-3-hexanol-40-t162-z5um
ses-m4+d26+y2022+ant2+0+03x+4+methyl+3+hexanol+40+t162+z60um	ses-m4-d26-y2022-ant2-0.03x-4-methyl-3-hexanol-40-t162-z60um
ses-m4+d26+y2022+ant2+0+03x+4+methyl+3+hexanol+40+t162+z65um	ses-m4-d26-y2022-ant2-0.03x-4-methyl-3-hexanol-40-t162-z65um
ses-m4+d26+y2022+ant2+0+03x+4+methyl+3+hexanol+40+t162+z70um	ses-m4-d26-y2022-ant2-0.03x-4-methyl-3-hexanol-40-t162-z70um
ses-m4+d26+y2022+ant2+0+03x+4+methyl+3+hexanol+40+t162+z75um	ses-m4-d26-y2022-ant2-0.03x-4-methyl-3-hexanol-40-t162-z75um
ses-m4+d26+y2022+ant2+0+03x+4+methyl+3+hexanol+40+t162+z80um	ses-m4-d26-y2022-ant2-0.03x-4-methyl-3-hexanol-40-t162-z80um
ses-m4+d26+y2022+ant2+0+03x+4+methyl+3+hexanol+40+t162+z85um	ses-m4-d26-y2022-ant2-0.03x-4-methyl-3-hexanol-40-t162-z85um
ses-m4+d26+y2022+ant2+0+03x+4+methyl+3+hexanol+40+t162+z90um	ses-m4-d26-y2022-ant2-0.03x-4-methyl-3-hexanol-40-t162-z90um
ses-m4+d26+y2022+ant2+0+03x+4+methyl+3+hexanol+40+t162+z95um	ses-m4-d26-y2022-ant2-0.03x-4-methyl-3-hexanol-40-t162-z95um
ses-m4+d26+y2022+ant2+0+03x+4+methyl+3+hexanol+40+t167+z0um	ses-m4-d26-y2022-ant2-0.03x-4-methyl-3-hexanol-40-t167-z0um
ses-m4+d26+y2022+ant2+0+03x+4+methyl+3+hexanol+40+t167+z100um	ses-m4-d26-y2022-ant2-0.03x-4-methyl-3-hexanol-40-t167-z100um
ses-m4+d26+y2022+ant2+0+03x+4+methyl+3+hexanol+40+t167+z105um	ses-m4-d26-y2022-ant2-0.03x-4-methyl-3-hexanol-40-t167-z105um
ses-m4+d26+y2022+ant2+0+03x+4+methyl+3+hexanol+40+t167+z10um	ses-m4-d26-y2022-ant2-0.03x-4-methyl-3-hexanol-40-t167-z10um
ses-m4+d26+y2022+ant2+0+03x+4+methyl+3+hexanol+40+t167+z110um	ses-m4-d26-y2022-ant2-0.03x-4-methyl-3-hexanol-40-t167-z110um
ses-m4+d26+y2022+ant2+0+03x+4+methyl+3+hexanol+40+t167+z115um	ses-m4-d26-y2022-ant2-0.03x-4-methyl-3-hexanol-40-t167-z115um
ses-m4+d26+y2022+ant2+0+03x+4+methyl+3+hexanol+40+t167+z120um	ses-m4-d26-y2022-ant2-0.03x-4-methyl-3-hexanol-40-t167-z120um
ses-m4+d26+y2022+ant2+0+03x+4+methyl+3+hexanol+40+t167+z125um	ses-m4-d26-y2022-ant2-0.03x-4-methyl-3-hexanol-40-t167-z125um
ses-m4+d26+y2022+ant2+0+03x+4+methyl+3+hexanol+40+t167+z130um	ses-m4-d26-y2022-ant2-0.03x-4-methyl-3-hexanol-40-t167-z130um
ses-m4+d26+y2022+ant2+0+03x+4+methyl+3+hexanol+40+t167+z135um	ses-m4-d26-y2022-ant2-0.03x-4-methyl-3-hexanol-40-t167-z135um
ses-m4+d26+y2022+ant2+0+03x+4+methyl+3+hexanol+40+t167+z140um	ses-m4-d26-y2022-ant2-0.03x-4-methyl-3-hexanol-40-t167-z140um
ses-m4+d26+y2022+ant2+0+03x+4+methyl+3+hexanol+40+t167+z145um	ses-m4-d26-y2022-ant2-0.03x-4-methyl-3-hexanol-40-t167-z145um
ses-m4+d26+y2022+ant2+0+03x+4+methyl+3+hexanol+40+t167+z150um	ses-m4-d26-y2022-ant2-0.03x-4-methyl-3-hexanol-40-t167-z150um
ses-m4+d26+y2022+ant2+0+03x+4+methyl+3+hexanol+40+t167+z155um	ses-m4-d26-y2022-ant2-0.03x-4-methyl-3-hexanol-40-t167-z155um
ses-m4+d26+y2022+ant2+0+03x+4+methyl+3+hexanol+40+t167+z15um	ses-m4-d26-y2022-ant2-0.03x-4-methyl-3-hexanol-40-t167-z15um
ses-m4+d26+y2022+ant2+0+03x+4+methyl+3+hexanol+40+t167+z160um	ses-m4-d26-y2022-ant2-0.03x-4-methyl-3-hexanol-40-t167-z160um
ses-m4+d26+y2022+ant2+0+03x+4+methyl+3+hexanol+40+t167+z20um	ses-m4-d26-y2022-ant2-0.03x-4-methyl-3-hexanol-40-t167-z20um
ses-m4+d26+y2022+ant2+0+03x+4+methyl+3+hexanol+40+t167+z25um	ses-m4-d26-y2022-ant2-0.03x-4-methyl-3-hexanol-40-t167-z25um
ses-m4+d26+y2022+ant2+0+03x+4+methyl+3+hexanol+40+t167+z30um	ses-m4-d26-y2022-ant2-0.03x-4-methyl-3-hexanol-40-t167-z30um
ses-m4+d26+y2022+ant2+0+03x+4+methyl+3+hexanol+40+t167+z35um	ses-m4-d26-y2022-ant2-0.03x-4-methyl-3-hexanol-40-t167-z35um
ses-m4+d26+y2022+ant2+0+03x+4+methyl+3+hexanol+40+t167+z40um	ses-m4-d26-y2022-ant2-0.03x-4-methyl-3-hexanol-40-t167-z40um
ses-m4+d26+y2022+ant2+0+03x+4+methyl+3+hexanol+40+t167+z45um	ses-m4-d26-y2022-ant2-0.03x-4-methyl-3-hexanol-40-t167-z45um
ses-m4+d26+y2022+ant2+0+03x+4+methyl+3+hexanol+40+t167+z50um	ses-m4-d26-y2022-ant2-0.03x-4-methyl-3-hexanol-40-t167-z50um
ses-m4+d26+y2022+ant2+0+03x+4+methyl+3+hexanol+40+t167+z55um	ses-m4-d26-y2022-ant2-0.03x-4-methyl-3-hexanol-40-t167-z55um
ses-m4+d26+y2022+ant2+0+03x+4+methyl+3+hexanol+40+t167+z5um	ses-m4-d26-y2022-ant2-0.03x-4-methyl-3-hexanol-40-t167-z5um
ses-m4+d26+y2022+ant2+0+03x+4+methyl+3+hexanol+40+t167+z60um	ses-m4-d26-y2022-ant2-0.03x-4-methyl-3-hexanol-40-t167-z60um
ses-m4+d26+y2022+ant2+0+03x+4+methyl+3+hexanol+40+t167+z65um	ses-m4-d26-y2022-ant2-0.03x-4-methyl-3-hexanol-40-t167-z65um
ses-m4+d26+y2022+ant2+0+03x+4+methyl+3+hexanol+40+t167+z70um	ses-m4-d26-y2022-ant2-0.03x-4-methyl-3-hexanol-40-t167-z70um
ses-m4+d26+y2022+ant2+0+03x+4+methyl+3+hexanol+40+t167+z75um	ses-m4-d26-y2022-ant2-0.03x-4-methyl-3-hexanol-40-t167-z75um
ses-m4+d26+y2022+ant2+0+03x+4+methyl+3+hexanol+40+t167+z80um	ses-m4-d26-y2022-ant2-0.03x-4-methyl-3-hexanol-40-t167-z80um
ses-m4+d26+y2022+ant2+0+03x+4+methyl+3+hexanol+40+t167+z85um	ses-m4-d26-y2022-ant2-0.03x-4-methyl-3-hexanol-40-t167-z85um
ses-m4+d26+y2022+ant2+0+03x+4+methyl+3+hexanol+40+t167+z90um	ses-m4-d26-y2022-ant2-0.03x-4-methyl-3-hexanol-40-t167-z90um
ses-m4+d26+y2022+ant2+0+03x+4+methyl+3+hexanol+40+t167+z95um	ses-m4-d26-y2022-ant2-0.03x-4-methyl-3-hexanol-40-t167-z95um
ses-m4+d26+y2022+ant2+0+03x+4+methyl+3+hexanol+40+t172+z0um	ses-m4-d26-y2022-ant2-0.03x-4-methyl-3-hexanol-40-t172-z0um
ses-m4+d26+y2022+ant2+0+03x+4+methyl+3+hexanol+40+t172+z100um	ses-m4-d26-y2022-ant2-0.03x-4-methyl-3-hexanol-40-t172-z100um
ses-m4+d26+y2022+ant2+0+03x+4+methyl+3+hexanol+40+t172+z105um	ses-m4-d26-y2022-ant2-0.03x-4-methyl-3-hexanol-40-t172-z105um
ses-m4+d26+y2022+ant2+0+03x+4+methyl+3+hexanol+40+t172+z10um	ses-m4-d26-y2022-ant2-0.03x-4-methyl-3-hexanol-40-t172-z10um
ses-m4+d26+y2022+ant2+0+03x+4+methyl+3+hexanol+40+t172+z110um	ses-m4-d26-y2022-ant2-0.03x-4-methyl-3-hexanol-40-t172-z110um
ses-m4+d26+y2022+ant2+0+03x+4+methyl+3+hexanol+40+t172+z115um	ses-m4-d26-y2022-ant2-0.03x-4-methyl-3-hexanol-40-t172-z115um
ses-m4+d26+y2022+ant2+0+03x+4+methyl+3+hexanol+40+t172+z120um	ses-m4-d26-y2022-ant2-0.03x-4-methyl-3-hexanol-40-t172-z120um
ses-m4+d26+y2022+ant2+0+03x+4+methyl+3+hexanol+40+t172+z125um	ses-m4-d26-y2022-ant2-0.03x-4-methyl-3-hexanol-40-t172-z125um
ses-m4+d26+y2022+ant2+0+03x+4+methyl+3+hexanol+40+t172+z130um	ses-m4-d26-y2022-ant2-0.03x-4-methyl-3-hexanol-40-t172-z130um
ses-m4+d26+y2022+ant2+0+03x+4+methyl+3+hexanol+40+t172+z135um	ses-m4-d26-y2022-ant2-0.03x-4-methyl-3-hexanol-40-t172-z135um
ses-m4+d26+y2022+ant2+0+03x+4+methyl+3+hexanol+40+t172+z140um	ses-m4-d26-y2022-ant2-0.03x-4-methyl-3-hexanol-40-t172-z140um
ses-m4+d26+y2022+ant2+0+03x+4+methyl+3+hexanol+40+t172+z145um	ses-m4-d26-y2022-ant2-0.03x-4-methyl-3-hexanol-40-t172-z145um
ses-m4+d26+y2022+ant2+0+03x+4+methyl+3+hexanol+40+t172+z150um	ses-m4-d26-y2022-ant2-0.03x-4-methyl-3-hexanol-40-t172-z150um
ses-m4+d26+y2022+ant2+0+03x+4+methyl+3+hexanol+40+t172+z155um	ses-m4-d26-y2022-ant2-0.03x-4-methyl-3-hexanol-40-t172-z155um
ses-m4+d26+y2022+ant2+0+03x+4+methyl+3+hexanol+40+t172+z15um	ses-m4-d26-y2022-ant2-0.03x-4-methyl-3-hexanol-40-t172-z15um
ses-m4+d26+y2022+ant2+0+03x+4+methyl+3+hexanol+40+t172+z160um	ses-m4-d26-y2022-ant2-0.03x-4-methyl-3-hexanol-40-t172-z160um
ses-m4+d26+y2022+ant2+0+03x+4+methyl+3+hexanol+40+t172+z20um	ses-m4-d26-y2022-ant2-0.03x-4-methyl-3-hexanol-40-t172-z20um
ses-m4+d26+y2022+ant2+0+03x+4+methyl+3+hexanol+40+t172+z25um	ses-m4-d26-y2022-ant2-0.03x-4-methyl-3-hexanol-40-t172-z25um
ses-m4+d26+y2022+ant2+0+03x+4+methyl+3+hexanol+40+t172+z30um	ses-m4-d26-y2022-ant2-0.03x-4-methyl-3-hexanol-40-t172-z30um
ses-m4+d26+y2022+ant2+0+03x+4+methyl+3+hexanol+40+t172+z35um	ses-m4-d26-y2022-ant2-0.03x-4-methyl-3-hexanol-40-t172-z35um
ses-m4+d26+y2022+ant2+0+03x+4+methyl+3+hexanol+40+t172+z40um	ses-m4-d26-y2022-ant2-0.03x-4-methyl-3-hexanol-40-t172-z40um
ses-m4+d26+y2022+ant2+0+03x+4+methyl+3+hexanol+40+t172+z45um	ses-m4-d26-y2022-ant2-0.03x-4-methyl-3-hexanol-40-t172-z45um
ses-m4+d26+y2022+ant2+0+03x+4+methyl+3+hexanol+40+t172+z50um	ses-m4-d26-y2022-ant2-0.03x-4-methyl-3-hexanol-40-t172-z50um
ses-m4+d26+y2022+ant2+0+03x+4+methyl+3+hexanol+40+t172+z55um	ses-m4-d26-y2022-ant2-0.03x-4-methyl-3-hexanol-40-t172-z55um
ses-m4+d26+y2022+ant2+0+03x+4+methyl+3+hexanol+40+t172+z5um	ses-m4-d26-y2022-ant2-0.03x-4-methyl-3-hexanol-40-t172-z5um
ses-m4+d26+y2022+ant2+0+03x+4+methyl+3+hexanol+40+t172+z60um	ses-m4-d26-y2022-ant2-0.03x-4-methyl-3-hexanol-40-t172-z60um
ses-m4+d26+y2022+ant2+0+03x+4+methyl+3+hexanol+40+t172+z65um	ses-m4-d26-y2022-ant2-0.03x-4-methyl-3-hexanol-40-t172-z65um
ses-m4+d26+y2022+ant2+0+03x+4+methyl+3+hexanol+40+t172+z70um	ses-m4-d26-y2022-ant2-0.03x-4-methyl-3-hexanol-40-t172-z70um
ses-m4+d26+y2022+ant2+0+03x+4+methyl+3+hexanol+40+t172+z75um	ses-m4-d26-y2022-ant2-0.03x-4-methyl-3-hexanol-40-t172-z75um
ses-m4+d26+y2022+ant2+0+03x+4+methyl+3+hexanol+40+t172+z80um	ses-m4-d26-y2022-ant2-0.03x-4-methyl-3-hexanol-40-t172-z80um
ses-m4+d26+y2022+ant2+0+03x+4+methyl+3+hexanol+40+t172+z85um	ses-m4-d26-y2022-ant2-0.03x-4-methyl-3-hexanol-40-t172-z85um
ses-m4+d26+y2022+ant2+0+03x+4+methyl+3+hexanol+40+t172+z90um	ses-m4-d26-y2022-ant2-0.03x-4-methyl-3-hexanol-40-t172-z90um
ses-m4+d26+y2022+ant2+0+03x+4+methyl+3+hexanol+40+t172+z95um	ses-m4-d26-y2022-ant2-0.03x-4-methyl-3-hexanol-40-t172-z95um
ses-m4+d26+y2022+ant2+0+03x+6+methyl+5+hepten+2+one+40+t165+z0um	ses-m4-d26-y2022-ant2-0.03x-6-methyl-5-hepten-2-one-40-t165-z0um
ses-m4+d26+y2022+ant2+0+03x+6+methyl+5+hepten+2+one+40+t165+z100um	ses-m4-d26-y2022-ant2-0.03x-6-methyl-5-hepten-2-one-40-t165-z100um
ses-m4+d26+y2022+ant2+0+03x+6+methyl+5+hepten+2+one+40+t165+z105um	ses-m4-d26-y2022-ant2-0.03x-6-methyl-5-hepten-2-one-40-t165-z105um
ses-m4+d26+y2022+ant2+0+03x+6+methyl+5+hepten+2+one+40+t165+z10um	ses-m4-d26-y2022-ant2-0.03x-6-methyl-5-hepten-2-one-40-t165-z10um
ses-m4+d26+y2022+ant2+0+03x+6+methyl+5+hepten+2+one+40+t165+z110um	ses-m4-d26-y2022-ant2-0.03x-6-methyl-5-hepten-2-one-40-t165-z110um
ses-m4+d26+y2022+ant2+0+03x+6+methyl+5+hepten+2+one+40+t165+z115um	ses-m4-d26-y2022-ant2-0.03x-6-methyl-5-hepten-2-one-40-t165-z115um
ses-m4+d26+y2022+ant2+0+03x+6+methyl+5+hepten+2+one+40+t165+z120um	ses-m4-d26-y2022-ant2-0.03x-6-methyl-5-hepten-2-one-40-t165-z120um
ses-m4+d26+y2022+ant2+0+03x+6+methyl+5+hepten+2+one+40+t165+z125um	ses-m4-d26-y2022-ant2-0.03x-6-methyl-5-hepten-2-one-40-t165-z125um
ses-m4+d26+y2022+ant2+0+03x+6+methyl+5+hepten+2+one+40+t165+z130um	ses-m4-d26-y2022-ant2-0.03x-6-methyl-5-hepten-2-one-40-t165-z130um
ses-m4+d26+y2022+ant2+0+03x+6+methyl+5+hepten+2+one+40+t165+z135um	ses-m4-d26-y2022-ant2-0.03x-6-methyl-5-hepten-2-one-40-t165-z135um
ses-m4+d26+y2022+ant2+0+03x+6+methyl+5+hepten+2+one+40+t165+z140um	ses-m4-d26-y2022-ant2-0.03x-6-methyl-5-hepten-2-one-40-t165-z140um
ses-m4+d26+y2022+ant2+0+03x+6+methyl+5+hepten+2+one+40+t165+z145um	ses-m4-d26-y2022-ant2-0.03x-6-methyl-5-hepten-2-one-40-t165-z145um
ses-m4+d26+y2022+ant2+0+03x+6+methyl+5+hepten+2+one+40+t165+z150um	ses-m4-d26-y2022-ant2-0.03x-6-methyl-5-hepten-2-one-40-t165-z150um
ses-m4+d26+y2022+ant2+0+03x+6+methyl+5+hepten+2+one+40+t165+z155um	ses-m4-d26-y2022-ant2-0.03x-6-methyl-5-hepten-2-one-40-t165-z155um
ses-m4+d26+y2022+ant2+0+03x+6+methyl+5+hepten+2+one+40+t165+z15um	ses-m4-d26-y2022-ant2-0.03x-6-methyl-5-hepten-2-one-40-t165-z15um
ses-m4+d26+y2022+ant2+0+03x+6+methyl+5+hepten+2+one+40+t165+z160um	ses-m4-d26-y2022-ant2-0.03x-6-methyl-5-hepten-2-one-40-t165-z160um
ses-m4+d26+y2022+ant2+0+03x+6+methyl+5+hepten+2+one+40+t165+z20um	ses-m4-d26-y2022-ant2-0.03x-6-methyl-5-hepten-2-one-40-t165-z20um
ses-m4+d26+y2022+ant2+0+03x+6+methyl+5+hepten+2+one+40+t165+z25um	ses-m4-d26-y2022-ant2-0.03x-6-methyl-5-hepten-2-one-40-t165-z25um
ses-m4+d26+y2022+ant2+0+03x+6+methyl+5+hepten+2+one+40+t165+z30um	ses-m4-d26-y2022-ant2-0.03x-6-methyl-5-hepten-2-one-40-t165-z30um
ses-m4+d26+y2022+ant2+0+03x+6+methyl+5+hepten+2+one+40+t165+z35um	ses-m4-d26-y2022-ant2-0.03x-6-methyl-5-hepten-2-one-40-t165-z35um
ses-m4+d26+y2022+ant2+0+03x+6+methyl+5+hepten+2+one+40+t165+z40um	ses-m4-d26-y2022-ant2-0.03x-6-methyl-5-hepten-2-one-40-t165-z40um
ses-m4+d26+y2022+ant2+0+03x+6+methyl+5+hepten+2+one+40+t165+z45um	ses-m4-d26-y2022-ant2-0.03x-6-methyl-5-hepten-2-one-40-t165-z45um
ses-m4+d26+y2022+ant2+0+03x+6+methyl+5+hepten+2+one+40+t165+z50um	ses-m4-d26-y2022-ant2-0.03x-6-methyl-5-hepten-2-one-40-t165-z50um
ses-m4+d26+y2022+ant2+0+03x+6+methyl+5+hepten+2+one+40+t165+z55um	ses-m4-d26-y2022-ant2-0.03x-6-methyl-5-hepten-2-one-40-t165-z55um
ses-m4+d26+y2022+ant2+0+03x+6+methyl+5+hepten+2+one+40+t165+z5um	ses-m4-d26-y2022-ant2-0.03x-6-methyl-5-hepten-2-one-40-t165-z5um
ses-m4+d26+y2022+ant2+0+03x+6+methyl+5+hepten+2+one+40+t165+z60um	ses-m4-d26-y2022-ant2-0.03x-6-methyl-5-hepten-2-one-40-t165-z60um
ses-m4+d26+y2022+ant2+0+03x+6+methyl+5+hepten+2+one+40+t165+z65um	ses-m4-d26-y2022-ant2-0.03x-6-methyl-5-hepten-2-one-40-t165-z65um
ses-m4+d26+y2022+ant2+0+03x+6+methyl+5+hepten+2+one+40+t165+z70um	ses-m4-d26-y2022-ant2-0.03x-6-methyl-5-hepten-2-one-40-t165-z70um
ses-m4+d26+y2022+ant2+0+03x+6+methyl+5+hepten+2+one+40+t165+z75um	ses-m4-d26-y2022-ant2-0.03x-6-methyl-5-hepten-2-one-40-t165-z75um
ses-m4+d26+y2022+ant2+0+03x+6+methyl+5+hepten+2+one+40+t165+z80um	ses-m4-d26-y2022-ant2-0.03x-6-methyl-5-hepten-2-one-40-t165-z80um
ses-m4+d26+y2022+ant2+0+03x+6+methyl+5+hepten+2+one+40+t165+z85um	ses-m4-d26-y2022-ant2-0.03x-6-methyl-5-hepten-2-one-40-t165-z85um
ses-m4+d26+y2022+ant2+0+03x+6+methyl+5+hepten+2+one+40+t165+z90um	ses-m4-d26-y2022-ant2-0.03x-6-methyl-5-hepten-2-one-40-t165-z90um
ses-m4+d26+y2022+ant2+0+03x+6+methyl+5+hepten+2+one+40+t165+z95um	ses-m4-d26-y2022-ant2-0.03x-6-methyl-5-hepten-2-one-40-t165-z95um
ses-m4+d26+y2022+ant2+0+03x+6+methyl+5+hepten+2+one+40+t170+z0um	ses-m4-d26-y2022-ant2-0.03x-6-methyl-5-hepten-2-one-40-t170-z0um
ses-m4+d26+y2022+ant2+0+03x+6+methyl+5+hepten+2+one+40+t170+z100um	ses-m4-d26-y2022-ant2-0.03x-6-methyl-5-hepten-2-one-40-t170-z100um
ses-m4+d26+y2022+ant2+0+03x+6+methyl+5+hepten+2+one+40+t170+z105um	ses-m4-d26-y2022-ant2-0.03x-6-methyl-5-hepten-2-one-40-t170-z105um
ses-m4+d26+y2022+ant2+0+03x+6+methyl+5+hepten+2+one+40+t170+z10um	ses-m4-d26-y2022-ant2-0.03x-6-methyl-5-hepten-2-one-40-t170-z10um
ses-m4+d26+y2022+ant2+0+03x+6+methyl+5+hepten+2+one+40+t170+z110um	ses-m4-d26-y2022-ant2-0.03x-6-methyl-5-hepten-2-one-40-t170-z110um
ses-m4+d26+y2022+ant2+0+03x+6+methyl+5+hepten+2+one+40+t170+z115um	ses-m4-d26-y2022-ant2-0.03x-6-methyl-5-hepten-2-one-40-t170-z115um
ses-m4+d26+y2022+ant2+0+03x+6+methyl+5+hepten+2+one+40+t170+z120um	ses-m4-d26-y2022-ant2-0.03x-6-methyl-5-hepten-2-one-40-t170-z120um
ses-m4+d26+y2022+ant2+0+03x+6+methyl+5+hepten+2+one+40+t170+z125um	ses-m4-d26-y2022-ant2-0.03x-6-methyl-5-hepten-2-one-40-t170-z125um
ses-m4+d26+y2022+ant2+0+03x+6+methyl+5+hepten+2+one+40+t170+z130um	ses-m4-d26-y2022-ant2-0.03x-6-methyl-5-hepten-2-one-40-t170-z130um
ses-m4+d26+y2022+ant2+0+03x+6+methyl+5+hepten+2+one+40+t170+z135um	ses-m4-d26-y2022-ant2-0.03x-6-methyl-5-hepten-2-one-40-t170-z135um
ses-m4+d26+y2022+ant2+0+03x+6+methyl+5+hepten+2+one+40+t170+z140um	ses-m4-d26-y2022-ant2-0.03x-6-methyl-5-hepten-2-one-40-t170-z140um
ses-m4+d26+y2022+ant2+0+03x+6+methyl+5+hepten+2+one+40+t170+z145um	ses-m4-d26-y2022-ant2-0.03x-6-methyl-5-hepten-2-one-40-t170-z145um
ses-m4+d26+y2022+ant2+0+03x+6+methyl+5+hepten+2+one+40+t170+z150um	ses-m4-d26-y2022-ant2-0.03x-6-methyl-5-hepten-2-one-40-t170-z150um
ses-m4+d26+y2022+ant2+0+03x+6+methyl+5+hepten+2+one+40+t170+z155um	ses-m4-d26-y2022-ant2-0.03x-6-methyl-5-hepten-2-one-40-t170-z155um
ses-m4+d26+y2022+ant2+0+03x+6+methyl+5+hepten+2+one+40+t170+z15um	ses-m4-d26-y2022-ant2-0.03x-6-methyl-5-hepten-2-one-40-t170-z15um
ses-m4+d26+y2022+ant2+0+03x+6+methyl+5+hepten+2+one+40+t170+z160um	ses-m4-d26-y2022-ant2-0.03x-6-methyl-5-hepten-2-one-40-t170-z160um
ses-m4+d26+y2022+ant2+0+03x+6+methyl+5+hepten+2+one+40+t170+z20um	ses-m4-d26-y2022-ant2-0.03x-6-methyl-5-hepten-2-one-40-t170-z20um
ses-m4+d26+y2022+ant2+0+03x+6+methyl+5+hepten+2+one+40+t170+z25um	ses-m4-d26-y2022-ant2-0.03x-6-methyl-5-hepten-2-one-40-t170-z25um
ses-m4+d26+y2022+ant2+0+03x+6+methyl+5+hepten+2+one+40+t170+z30um	ses-m4-d26-y2022-ant2-0.03x-6-methyl-5-hepten-2-one-40-t170-z30um
ses-m4+d26+y2022+ant2+0+03x+6+methyl+5+hepten+2+one+40+t170+z35um	ses-m4-d26-y2022-ant2-0.03x-6-methyl-5-hepten-2-one-40-t170-z35um
ses-m4+d26+y2022+ant2+0+03x+6+methyl+5+hepten+2+one+40+t170+z40um	ses-m4-d26-y2022-ant2-0.03x-6-methyl-5-hepten-2-one-40-t170-z40um
ses-m4+d26+y2022+ant2+0+03x+6+methyl+5+hepten+2+one+40+t170+z45um	ses-m4-d26-y2022-ant2-0.03x-6-methyl-5-hepten-2-one-40-t170-z45um
ses-m4+d26+y2022+ant2+0+03x+6+methyl+5+hepten+2+one+40+t170+z50um	ses-m4-d26-y2022-ant2-0.03x-6-methyl-5-hepten-2-one-40-t170-z50um
ses-m4+d26+y2022+ant2+0+03x+6+methyl+5+hepten+2+one+40+t170+z55um	ses-m4-d26-y2022-ant2-0.03x-6-methyl-5-hepten-2-one-40-t170-z55um
ses-m4+d26+y2022+ant2+0+03x+6+methyl+5+hepten+2+one+40+t170+z5um	ses-m4-d26-y2022-ant2-0.03x-6-methyl-5-hepten-2-one-40-t170-z5um
ses-m4+d26+y2022+ant2+0+03x+6+methyl+5+hepten+2+one+40+t170+z60um	ses-m4-d26-y2022-ant2-0.03x-6-methyl-5-hepten-2-one-40-t170-z60um
ses-m4+d26+y2022+ant2+0+03x+6+methyl+5+hepten+2+one+40+t170+z65um	ses-m4-d26-y2022-ant2-0.03x-6-methyl-5-hepten-2-one-40-t170-z65um
ses-m4+d26+y2022+ant2+0+03x+6+methyl+5+hepten+2+one+40+t170+z70um	ses-m4-d26-y2022-ant2-0.03x-6-methyl-5-hepten-2-one-40-t170-z70um
ses-m4+d26+y2022+ant2+0+03x+6+methyl+5+hepten+2+one+40+t170+z75um	ses-m4-d26-y2022-ant2-0.03x-6-methyl-5-hepten-2-one-40-t170-z75um
ses-m4+d26+y2022+ant2+0+03x+6+methyl+5+hepten+2+one+40+t170+z80um	ses-m4-d26-y2022-ant2-0.03x-6-methyl-5-hepten-2-one-40-t170-z80um
ses-m4+d26+y2022+ant2+0+03x+6+methyl+5+hepten+2+one+40+t170+z85um	ses-m4-d26-y2022-ant2-0.03x-6-methyl-5-hepten-2-one-40-t170-z85um
ses-m4+d26+y2022+ant2+0+03x+6+methyl+5+hepten+2+one+40+t170+z90um	ses-m4-d26-y2022-ant2-0.03x-6-methyl-5-hepten-2-one-40-t170-z90um
ses-m4+d26+y2022+ant2+0+03x+6+methyl+5+hepten+2+one+40+t170+z95um	ses-m4-d26-y2022-ant2-0.03x-6-methyl-5-hepten-2-one-40-t170-z95um
ses-m4+d26+y2022+ant2+0+03x+6+methyl+5+hepten+2+one+40+t175+z0um	ses-m4-d26-y2022-ant2-0.03x-6-methyl-5-hepten-2-one-40-t175-z0um
ses-m4+d26+y2022+ant2+0+03x+6+methyl+5+hepten+2+one+40+t175+z100um	ses-m4-d26-y2022-ant2-0.03x-6-methyl-5-hepten-2-one-40-t175-z100um
ses-m4+d26+y2022+ant2+0+03x+6+methyl+5+hepten+2+one+40+t175+z105um	ses-m4-d26-y2022-ant2-0.03x-6-methyl-5-hepten-2-one-40-t175-z105um
ses-m4+d26+y2022+ant2+0+03x+6+methyl+5+hepten+2+one+40+t175+z10um	ses-m4-d26-y2022-ant2-0.03x-6-methyl-5-hepten-2-one-40-t175-z10um
ses-m4+d26+y2022+ant2+0+03x+6+methyl+5+hepten+2+one+40+t175+z110um	ses-m4-d26-y2022-ant2-0.03x-6-methyl-5-hepten-2-one-40-t175-z110um
ses-m4+d26+y2022+ant2+0+03x+6+methyl+5+hepten+2+one+40+t175+z115um	ses-m4-d26-y2022-ant2-0.03x-6-methyl-5-hepten-2-one-40-t175-z115um
ses-m4+d26+y2022+ant2+0+03x+6+methyl+5+hepten+2+one+40+t175+z120um	ses-m4-d26-y2022-ant2-0.03x-6-methyl-5-hepten-2-one-40-t175-z120um
ses-m4+d26+y2022+ant2+0+03x+6+methyl+5+hepten+2+one+40+t175+z125um	ses-m4-d26-y2022-ant2-0.03x-6-methyl-5-hepten-2-one-40-t175-z125um
ses-m4+d26+y2022+ant2+0+03x+6+methyl+5+hepten+2+one+40+t175+z130um	ses-m4-d26-y2022-ant2-0.03x-6-methyl-5-hepten-2-one-40-t175-z130um
ses-m4+d26+y2022+ant2+0+03x+6+methyl+5+hepten+2+one+40+t175+z135um	ses-m4-d26-y2022-ant2-0.03x-6-methyl-5-hepten-2-one-40-t175-z135um
ses-m4+d26+y2022+ant2+0+03x+6+methyl+5+hepten+2+one+40+t175+z140um	ses-m4-d26-y2022-ant2-0.03x-6-methyl-5-hepten-2-one-40-t175-z140um
ses-m4+d26+y2022+ant2+0+03x+6+methyl+5+hepten+2+one+40+t175+z145um	ses-m4-d26-y2022-ant2-0.03x-6-methyl-5-hepten-2-one-40-t175-z145um
ses-m4+d26+y2022+ant2+0+03x+6+methyl+5+hepten+2+one+40+t175+z150um	ses-m4-d26-y2022-ant2-0.03x-6-methyl-5-hepten-2-one-40-t175-z150um
ses-m4+d26+y2022+ant2+0+03x+6+methyl+5+hepten+2+one+40+t175+z155um	ses-m4-d26-y2022-ant2-0.03x-6-methyl-5-hepten-2-one-40-t175-z155um
ses-m4+d26+y2022+ant2+0+03x+6+methyl+5+hepten+2+one+40+t175+z15um	ses-m4-d26-y2022-ant2-0.03x-6-methyl-5-hepten-2-one-40-t175-z15um
ses-m4+d26+y2022+ant2+0+03x+6+methyl+5+hepten+2+one+40+t175+z160um	ses-m4-d26-y2022-ant2-0.03x-6-methyl-5-hepten-2-one-40-t175-z160um
ses-m4+d26+y2022+ant2+0+03x+6+methyl+5+hepten+2+one+40+t175+z20um	ses-m4-d26-y2022-ant2-0.03x-6-methyl-5-hepten-2-one-40-t175-z20um
ses-m4+d26+y2022+ant2+0+03x+6+methyl+5+hepten+2+one+40+t175+z25um	ses-m4-d26-y2022-ant2-0.03x-6-methyl-5-hepten-2-one-40-t175-z25um
ses-m4+d26+y2022+ant2+0+03x+6+methyl+5+hepten+2+one+40+t175+z30um	ses-m4-d26-y2022-ant2-0.03x-6-methyl-5-hepten-2-one-40-t175-z30um
ses-m4+d26+y2022+ant2+0+03x+6+methyl+5+hepten+2+one+40+t175+z35um	ses-m4-d26-y2022-ant2-0.03x-6-methyl-5-hepten-2-one-40-t175-z35um
ses-m4+d26+y2022+ant2+0+03x+6+methyl+5+hepten+2+one+40+t175+z40um	ses-m4-d26-y2022-ant2-0.03x-6-methyl-5-hepten-2-one-40-t175-z40um
ses-m4+d26+y2022+ant2+0+03x+6+methyl+5+hepten+2+one+40+t175+z45um	ses-m4-d26-y2022-ant2-0.03x-6-methyl-5-hepten-2-one-40-t175-z45um
ses-m4+d26+y2022+ant2+0+03x+6+methyl+5+hepten+2+one+40+t175+z50um	ses-m4-d26-y2022-ant2-0.03x-6-methyl-5-hepten-2-one-40-t175-z50um
ses-m4+d26+y2022+ant2+0+03x+6+methyl+5+hepten+2+one+40+t175+z55um	ses-m4-d26-y2022-ant2-0.03x-6-methyl-5-hepten-2-one-40-t175-z55um
ses-m4+d26+y2022+ant2+0+03x+6+methyl+5+hepten+2+one+40+t175+z5um	ses-m4-d26-y2022-ant2-0.03x-6-methyl-5-hepten-2-one-40-t175-z5um
ses-m4+d26+y2022+ant2+0+03x+6+methyl+5+hepten+2+one+40+t175+z60um	ses-m4-d26-y2022-ant2-0.03x-6-methyl-5-hepten-2-one-40-t175-z60um
ses-m4+d26+y2022+ant2+0+03x+6+methyl+5+hepten+2+one+40+t175+z65um	ses-m4-d26-y2022-ant2-0.03x-6-methyl-5-hepten-2-one-40-t175-z65um
ses-m4+d26+y2022+ant2+0+03x+6+methyl+5+hepten+2+one+40+t175+z70um	ses-m4-d26-y2022-ant2-0.03x-6-methyl-5-hepten-2-one-40-t175-z70um
ses-m4+d26+y2022+ant2+0+03x+6+methyl+5+hepten+2+one+40+t175+z75um	ses-m4-d26-y2022-ant2-0.03x-6-methyl-5-hepten-2-one-40-t175-z75um
ses-m4+d26+y2022+ant2+0+03x+6+methyl+5+hepten+2+one+40+t175+z80um	ses-m4-d26-y2022-ant2-0.03x-6-methyl-5-hepten-2-one-40-t175-z80um
ses-m4+d26+y2022+ant2+0+03x+6+methyl+5+hepten+2+one+40+t175+z85um	ses-m4-d26-y2022-ant2-0.03x-6-methyl-5-hepten-2-one-40-t175-z85um
ses-m4+d26+y2022+ant2+0+03x+6+methyl+5+hepten+2+one+40+t175+z90um	ses-m4-d26-y2022-ant2-0.03x-6-methyl-5-hepten-2-one-40-t175-z90um
ses-m4+d26+y2022+ant2+0+03x+6+methyl+5+hepten+2+one+40+t175+z95um	ses-m4-d26-y2022-ant2-0.03x-6-methyl-5-hepten-2-one-40-t175-z95um
ses-m4+d26+y2022+ant2+0+48x+4+methyl+3+heptanol+40+t182+z0um	ses-m4-d26-y2022-ant2-0.48x-4-methyl-3-heptanol-40-t182-z0um
ses-m4+d26+y2022+ant2+0+48x+4+methyl+3+heptanol+40+t182+z100um	ses-m4-d26-y2022-ant2-0.48x-4-methyl-3-heptanol-40-t182-z100um
ses-m4+d26+y2022+ant2+0+48x+4+methyl+3+heptanol+40+t182+z105um	ses-m4-d26-y2022-ant2-0.48x-4-methyl-3-heptanol-40-t182-z105um
ses-m4+d26+y2022+ant2+0+48x+4+methyl+3+heptanol+40+t182+z10um	ses-m4-d26-y2022-ant2-0.48x-4-methyl-3-heptanol-40-t182-z10um
ses-m4+d26+y2022+ant2+0+48x+4+methyl+3+heptanol+40+t182+z110um	ses-m4-d26-y2022-ant2-0.48x-4-methyl-3-heptanol-40-t182-z110um
ses-m4+d26+y2022+ant2+0+48x+4+methyl+3+heptanol+40+t182+z115um	ses-m4-d26-y2022-ant2-0.48x-4-methyl-3-heptanol-40-t182-z115um
ses-m4+d26+y2022+ant2+0+48x+4+methyl+3+heptanol+40+t182+z120um	ses-m4-d26-y2022-ant2-0.48x-4-methyl-3-heptanol-40-t182-z120um
ses-m4+d26+y2022+ant2+0+48x+4+methyl+3+heptanol+40+t182+z125um	ses-m4-d26-y2022-ant2-0.48x-4-methyl-3-heptanol-40-t182-z125um
ses-m4+d26+y2022+ant2+0+48x+4+methyl+3+heptanol+40+t182+z130um	ses-m4-d26-y2022-ant2-0.48x-4-methyl-3-heptanol-40-t182-z130um
ses-m4+d26+y2022+ant2+0+48x+4+methyl+3+heptanol+40+t182+z135um	ses-m4-d26-y2022-ant2-0.48x-4-methyl-3-heptanol-40-t182-z135um
ses-m4+d26+y2022+ant2+0+48x+4+methyl+3+heptanol+40+t182+z140um	ses-m4-d26-y2022-ant2-0.48x-4-methyl-3-heptanol-40-t182-z140um
ses-m4+d26+y2022+ant2+0+48x+4+methyl+3+heptanol+40+t182+z145um	ses-m4-d26-y2022-ant2-0.48x-4-methyl-3-heptanol-40-t182-z145um
ses-m4+d26+y2022+ant2+0+48x+4+methyl+3+heptanol+40+t182+z150um	ses-m4-d26-y2022-ant2-0.48x-4-methyl-3-heptanol-40-t182-z150um
ses-m4+d26+y2022+ant2+0+48x+4+methyl+3+heptanol+40+t182+z155um	ses-m4-d26-y2022-ant2-0.48x-4-methyl-3-heptanol-40-t182-z155um
ses-m4+d26+y2022+ant2+0+48x+4+methyl+3+heptanol+40+t182+z15um	ses-m4-d26-y2022-ant2-0.48x-4-methyl-3-heptanol-40-t182-z15um
ses-m4+d26+y2022+ant2+0+48x+4+methyl+3+heptanol+40+t182+z160um	ses-m4-d26-y2022-ant2-0.48x-4-methyl-3-heptanol-40-t182-z160um
ses-m4+d26+y2022+ant2+0+48x+4+methyl+3+heptanol+40+t182+z20um	ses-m4-d26-y2022-ant2-0.48x-4-methyl-3-heptanol-40-t182-z20um
ses-m4+d26+y2022+ant2+0+48x+4+methyl+3+heptanol+40+t182+z25um	ses-m4-d26-y2022-ant2-0.48x-4-methyl-3-heptanol-40-t182-z25um
ses-m4+d26+y2022+ant2+0+48x+4+methyl+3+heptanol+40+t182+z30um	ses-m4-d26-y2022-ant2-0.48x-4-methyl-3-heptanol-40-t182-z30um
ses-m4+d26+y2022+ant2+0+48x+4+methyl+3+heptanol+40+t182+z35um	ses-m4-d26-y2022-ant2-0.48x-4-methyl-3-heptanol-40-t182-z35um
ses-m4+d26+y2022+ant2+0+48x+4+methyl+3+heptanol+40+t182+z40um	ses-m4-d26-y2022-ant2-0.48x-4-methyl-3-heptanol-40-t182-z40um
ses-m4+d26+y2022+ant2+0+48x+4+methyl+3+heptanol+40+t182+z45um	ses-m4-d26-y2022-ant2-0.48x-4-methyl-3-heptanol-40-t182-z45um
ses-m4+d26+y2022+ant2+0+48x+4+methyl+3+heptanol+40+t182+z50um	ses-m4-d26-y2022-ant2-0.48x-4-methyl-3-heptanol-40-t182-z50um
ses-m4+d26+y2022+ant2+0+48x+4+methyl+3+heptanol+40+t182+z55um	ses-m4-d26-y2022-ant2-0.48x-4-methyl-3-heptanol-40-t182-z55um
ses-m4+d26+y2022+ant2+0+48x+4+methyl+3+heptanol+40+t182+z5um	ses-m4-d26-y2022-ant2-0.48x-4-methyl-3-heptanol-40-t182-z5um
ses-m4+d26+y2022+ant2+0+48x+4+methyl+3+heptanol+40+t182+z60um	ses-m4-d26-y2022-ant2-0.48x-4-methyl-3-heptanol-40-t182-z60um
ses-m4+d26+y2022+ant2+0+48x+4+methyl+3+heptanol+40+t182+z65um	ses-m4-d26-y2022-ant2-0.48x-4-methyl-3-heptanol-40-t182-z65um
ses-m4+d26+y2022+ant2+0+48x+4+methyl+3+heptanol+40+t182+z70um	ses-m4-d26-y2022-ant2-0.48x-4-methyl-3-heptanol-40-t182-z70um
ses-m4+d26+y2022+ant2+0+48x+4+methyl+3+heptanol+40+t182+z75um	ses-m4-d26-y2022-ant2-0.48x-4-methyl-3-heptanol-40-t182-z75um
ses-m4+d26+y2022+ant2+0+48x+4+methyl+3+heptanol+40+t182+z80um	ses-m4-d26-y2022-ant2-0.48x-4-methyl-3-heptanol-40-t182-z80um
ses-m4+d26+y2022+ant2+0+48x+4+methyl+3+heptanol+40+t182+z85um	ses-m4-d26-y2022-ant2-0.48x-4-methyl-3-heptanol-40-t182-z85um
ses-m4+d26+y2022+ant2+0+48x+4+methyl+3+heptanol+40+t182+z90um	ses-m4-d26-y2022-ant2-0.48x-4-methyl-3-heptanol-40-t182-z90um
ses-m4+d26+y2022+ant2+0+48x+4+methyl+3+heptanol+40+t182+z95um	ses-m4-d26-y2022-ant2-0.48x-4-methyl-3-heptanol-40-t182-z95um
ses-m4+d26+y2022+ant2+0+48x+4+methyl+3+heptanol+40+t187+z0um	ses-m4-d26-y2022-ant2-0.48x-4-methyl-3-heptanol-40-t187-z0um
ses-m4+d26+y2022+ant2+0+48x+4+methyl+3+heptanol+40+t187+z100um	ses-m4-d26-y2022-ant2-0.48x-4-methyl-3-heptanol-40-t187-z100um
ses-m4+d26+y2022+ant2+0+48x+4+methyl+3+heptanol+40+t187+z105um	ses-m4-d26-y2022-ant2-0.48x-4-methyl-3-heptanol-40-t187-z105um
ses-m4+d26+y2022+ant2+0+48x+4+methyl+3+heptanol+40+t187+z10um	ses-m4-d26-y2022-ant2-0.48x-4-methyl-3-heptanol-40-t187-z10um
ses-m4+d26+y2022+ant2+0+48x+4+methyl+3+heptanol+40+t187+z110um	ses-m4-d26-y2022-ant2-0.48x-4-methyl-3-heptanol-40-t187-z110um
ses-m4+d26+y2022+ant2+0+48x+4+methyl+3+heptanol+40+t187+z115um	ses-m4-d26-y2022-ant2-0.48x-4-methyl-3-heptanol-40-t187-z115um
ses-m4+d26+y2022+ant2+0+48x+4+methyl+3+heptanol+40+t187+z120um	ses-m4-d26-y2022-ant2-0.48x-4-methyl-3-heptanol-40-t187-z120um
ses-m4+d26+y2022+ant2+0+48x+4+methyl+3+heptanol+40+t187+z125um	ses-m4-d26-y2022-ant2-0.48x-4-methyl-3-heptanol-40-t187-z125um
ses-m4+d26+y2022+ant2+0+48x+4+methyl+3+heptanol+40+t187+z130um	ses-m4-d26-y2022-ant2-0.48x-4-methyl-3-heptanol-40-t187-z130um
ses-m4+d26+y2022+ant2+0+48x+4+methyl+3+heptanol+40+t187+z135um	ses-m4-d26-y2022-ant2-0.48x-4-methyl-3-heptanol-40-t187-z135um
ses-m4+d26+y2022+ant2+0+48x+4+methyl+3+heptanol+40+t187+z140um	ses-m4-d26-y2022-ant2-0.48x-4-methyl-3-heptanol-40-t187-z140um
ses-m4+d26+y2022+ant2+0+48x+4+methyl+3+heptanol+40+t187+z145um	ses-m4-d26-y2022-ant2-0.48x-4-methyl-3-heptanol-40-t187-z145um
ses-m4+d26+y2022+ant2+0+48x+4+methyl+3+heptanol+40+t187+z150um	ses-m4-d26-y2022-ant2-0.48x-4-methyl-3-heptanol-40-t187-z150um
ses-m4+d26+y2022+ant2+0+48x+4+methyl+3+heptanol+40+t187+z155um	ses-m4-d26-y2022-ant2-0.48x-4-methyl-3-heptanol-40-t187-z155um
ses-m4+d26+y2022+ant2+0+48x+4+methyl+3+heptanol+40+t187+z15um	ses-m4-d26-y2022-ant2-0.48x-4-methyl-3-heptanol-40-t187-z15um
ses-m4+d26+y2022+ant2+0+48x+4+methyl+3+heptanol+40+t187+z160um	ses-m4-d26-y2022-ant2-0.48x-4-methyl-3-heptanol-40-t187-z160um
ses-m4+d26+y2022+ant2+0+48x+4+methyl+3+heptanol+40+t187+z20um	ses-m4-d26-y2022-ant2-0.48x-4-methyl-3-heptanol-40-t187-z20um
ses-m4+d26+y2022+ant2+0+48x+4+methyl+3+heptanol+40+t187+z25um	ses-m4-d26-y2022-ant2-0.48x-4-methyl-3-heptanol-40-t187-z25um
ses-m4+d26+y2022+ant2+0+48x+4+methyl+3+heptanol+40+t187+z30um	ses-m4-d26-y2022-ant2-0.48x-4-methyl-3-heptanol-40-t187-z30um
ses-m4+d26+y2022+ant2+0+48x+4+methyl+3+heptanol+40+t187+z35um	ses-m4-d26-y2022-ant2-0.48x-4-methyl-3-heptanol-40-t187-z35um
ses-m4+d26+y2022+ant2+0+48x+4+methyl+3+heptanol+40+t187+z40um	ses-m4-d26-y2022-ant2-0.48x-4-methyl-3-heptanol-40-t187-z40um
ses-m4+d26+y2022+ant2+0+48x+4+methyl+3+heptanol+40+t187+z45um	ses-m4-d26-y2022-ant2-0.48x-4-methyl-3-heptanol-40-t187-z45um
ses-m4+d26+y2022+ant2+0+48x+4+methyl+3+heptanol+40+t187+z50um	ses-m4-d26-y2022-ant2-0.48x-4-methyl-3-heptanol-40-t187-z50um
ses-m4+d26+y2022+ant2+0+48x+4+methyl+3+heptanol+40+t187+z55um	ses-m4-d26-y2022-ant2-0.48x-4-methyl-3-heptanol-40-t187-z55um
ses-m4+d26+y2022+ant2+0+48x+4+methyl+3+heptanol+40+t187+z5um	ses-m4-d26-y2022-ant2-0.48x-4-methyl-3-heptanol-40-t187-z5um
ses-m4+d26+y2022+ant2+0+48x+4+methyl+3+heptanol+40+t187+z60um	ses-m4-d26-y2022-ant2-0.48x-4-methyl-3-heptanol-40-t187-z60um
ses-m4+d26+y2022+ant2+0+48x+4+methyl+3+heptanol+40+t187+z65um	ses-m4-d26-y2022-ant2-0.48x-4-methyl-3-heptanol-40-t187-z65um
ses-m4+d26+y2022+ant2+0+48x+4+methyl+3+heptanol+40+t187+z70um	ses-m4-d26-y2022-ant2-0.48x-4-methyl-3-heptanol-40-t187-z70um
ses-m4+d26+y2022+ant2+0+48x+4+methyl+3+heptanol+40+t187+z75um	ses-m4-d26-y2022-ant2-0.48x-4-methyl-3-heptanol-40-t187-z75um
ses-m4+d26+y2022+ant2+0+48x+4+methyl+3+heptanol+40+t187+z80um	ses-m4-d26-y2022-ant2-0.48x-4-methyl-3-heptanol-40-t187-z80um
ses-m4+d26+y2022+ant2+0+48x+4+methyl+3+heptanol+40+t187+z85um	ses-m4-d26-y2022-ant2-0.48x-4-methyl-3-heptanol-40-t187-z85um
ses-m4+d26+y2022+ant2+0+48x+4+methyl+3+heptanol+40+t187+z90um	ses-m4-d26-y2022-ant2-0.48x-4-methyl-3-heptanol-40-t187-z90um
ses-m4+d26+y2022+ant2+0+48x+4+methyl+3+heptanol+40+t187+z95um	ses-m4-d26-y2022-ant2-0.48x-4-methyl-3-heptanol-40-t187-z95um
ses-m4+d26+y2022+ant2+0+48x+4+methyl+3+heptanol+40+t192+z0um	ses-m4-d26-y2022-ant2-0.48x-4-methyl-3-heptanol-40-t192-z0um
ses-m4+d26+y2022+ant2+0+48x+4+methyl+3+heptanol+40+t192+z100um	ses-m4-d26-y2022-ant2-0.48x-4-methyl-3-heptanol-40-t192-z100um
ses-m4+d26+y2022+ant2+0+48x+4+methyl+3+heptanol+40+t192+z105um	ses-m4-d26-y2022-ant2-0.48x-4-methyl-3-heptanol-40-t192-z105um
ses-m4+d26+y2022+ant2+0+48x+4+methyl+3+heptanol+40+t192+z10um	ses-m4-d26-y2022-ant2-0.48x-4-methyl-3-heptanol-40-t192-z10um
ses-m4+d26+y2022+ant2+0+48x+4+methyl+3+heptanol+40+t192+z110um	ses-m4-d26-y2022-ant2-0.48x-4-methyl-3-heptanol-40-t192-z110um
ses-m4+d26+y2022+ant2+0+48x+4+methyl+3+heptanol+40+t192+z115um	ses-m4-d26-y2022-ant2-0.48x-4-methyl-3-heptanol-40-t192-z115um
ses-m4+d26+y2022+ant2+0+48x+4+methyl+3+heptanol+40+t192+z120um	ses-m4-d26-y2022-ant2-0.48x-4-methyl-3-heptanol-40-t192-z120um
ses-m4+d26+y2022+ant2+0+48x+4+methyl+3+heptanol+40+t192+z125um	ses-m4-d26-y2022-ant2-0.48x-4-methyl-3-heptanol-40-t192-z125um
ses-m4+d26+y2022+ant2+0+48x+4+methyl+3+heptanol+40+t192+z130um	ses-m4-d26-y2022-ant2-0.48x-4-methyl-3-heptanol-40-t192-z130um
ses-m4+d26+y2022+ant2+0+48x+4+methyl+3+heptanol+40+t192+z135um	ses-m4-d26-y2022-ant2-0.48x-4-methyl-3-heptanol-40-t192-z135um
ses-m4+d26+y2022+ant2+0+48x+4+methyl+3+heptanol+40+t192+z140um	ses-m4-d26-y2022-ant2-0.48x-4-methyl-3-heptanol-40-t192-z140um
ses-m4+d26+y2022+ant2+0+48x+4+methyl+3+heptanol+40+t192+z145um	ses-m4-d26-y2022-ant2-0.48x-4-methyl-3-heptanol-40-t192-z145um
ses-m4+d26+y2022+ant2+0+48x+4+methyl+3+heptanol+40+t192+z150um	ses-m4-d26-y2022-ant2-0.48x-4-methyl-3-heptanol-40-t192-z150um
ses-m4+d26+y2022+ant2+0+48x+4+methyl+3+heptanol+40+t192+z155um	ses-m4-d26-y2022-ant2-0.48x-4-methyl-3-heptanol-40-t192-z155um
ses-m4+d26+y2022+ant2+0+48x+4+methyl+3+heptanol+40+t192+z15um	ses-m4-d26-y2022-ant2-0.48x-4-methyl-3-heptanol-40-t192-z15um
ses-m4+d26+y2022+ant2+0+48x+4+methyl+3+heptanol+40+t192+z160um	ses-m4-d26-y2022-ant2-0.48x-4-methyl-3-heptanol-40-t192-z160um
ses-m4+d26+y2022+ant2+0+48x+4+methyl+3+heptanol+40+t192+z20um	ses-m4-d26-y2022-ant2-0.48x-4-methyl-3-heptanol-40-t192-z20um
ses-m4+d26+y2022+ant2+0+48x+4+methyl+3+heptanol+40+t192+z25um	ses-m4-d26-y2022-ant2-0.48x-4-methyl-3-heptanol-40-t192-z25um
ses-m4+d26+y2022+ant2+0+48x+4+methyl+3+heptanol+40+t192+z30um	ses-m4-d26-y2022-ant2-0.48x-4-methyl-3-heptanol-40-t192-z30um
ses-m4+d26+y2022+ant2+0+48x+4+methyl+3+heptanol+40+t192+z35um	ses-m4-d26-y2022-ant2-0.48x-4-methyl-3-heptanol-40-t192-z35um
ses-m4+d26+y2022+ant2+0+48x+4+methyl+3+heptanol+40+t192+z40um	ses-m4-d26-y2022-ant2-0.48x-4-methyl-3-heptanol-40-t192-z40um
ses-m4+d26+y2022+ant2+0+48x+4+methyl+3+heptanol+40+t192+z45um	ses-m4-d26-y2022-ant2-0.48x-4-methyl-3-heptanol-40-t192-z45um
ses-m4+d26+y2022+ant2+0+48x+4+methyl+3+heptanol+40+t192+z50um	ses-m4-d26-y2022-ant2-0.48x-4-methyl-3-heptanol-40-t192-z50um
ses-m4+d26+y2022+ant2+0+48x+4+methyl+3+heptanol+40+t192+z55um	ses-m4-d26-y2022-ant2-0.48x-4-methyl-3-heptanol-40-t192-z55um
ses-m4+d26+y2022+ant2+0+48x+4+methyl+3+heptanol+40+t192+z5um	ses-m4-d26-y2022-ant2-0.48x-4-methyl-3-heptanol-40-t192-z5um
ses-m4+d26+y2022+ant2+0+48x+4+methyl+3+heptanol+40+t192+z60um	ses-m4-d26-y2022-ant2-0.48x-4-methyl-3-heptanol-40-t192-z60um
ses-m4+d26+y2022+ant2+0+48x+4+methyl+3+heptanol+40+t192+z65um	ses-m4-d26-y2022-ant2-0.48x-4-methyl-3-heptanol-40-t192-z65um
ses-m4+d26+y2022+ant2+0+48x+4+methyl+3+heptanol+40+t192+z70um	ses-m4-d26-y2022-ant2-0.48x-4-methyl-3-heptanol-40-t192-z70um
ses-m4+d26+y2022+ant2+0+48x+4+methyl+3+heptanol+40+t192+z75um	ses-m4-d26-y2022-ant2-0.48x-4-methyl-3-heptanol-40-t192-z75um
ses-m4+d26+y2022+ant2+0+48x+4+methyl+3+heptanol+40+t192+z80um	ses-m4-d26-y2022-ant2-0.48x-4-methyl-3-heptanol-40-t192-z80um
ses-m4+d26+y2022+ant2+0+48x+4+methyl+3+heptanol+40+t192+z85um	ses-m4-d26-y2022-ant2-0.48x-4-methyl-3-heptanol-40-t192-z85um
ses-m4+d26+y2022+ant2+0+48x+4+methyl+3+heptanol+40+t192+z90um	ses-m4-d26-y2022-ant2-0.48x-4-methyl-3-heptanol-40-t192-z90um
ses-m4+d26+y2022+ant2+0+48x+4+methyl+3+heptanol+40+t192+z95um	ses-m4-d26-y2022-ant2-0.48x-4-methyl-3-heptanol-40-t192-z95um
ses-m4+d26+y2022+ant2+0+48x+4+methyl+3+heptanone+40+t179+z0um	ses-m4-d26-y2022-ant2-0.48x-4-methyl-3-heptanone-40-t179-z0um
ses-m4+d26+y2022+ant2+0+48x+4+methyl+3+heptanone+40+t179+z100um	ses-m4-d26-y2022-ant2-0.48x-4-methyl-3-heptanone-40-t179-z100um
ses-m4+d26+y2022+ant2+0+48x+4+methyl+3+heptanone+40+t179+z105um	ses-m4-d26-y2022-ant2-0.48x-4-methyl-3-heptanone-40-t179-z105um
ses-m4+d26+y2022+ant2+0+48x+4+methyl+3+heptanone+40+t179+z10um	ses-m4-d26-y2022-ant2-0.48x-4-methyl-3-heptanone-40-t179-z10um
ses-m4+d26+y2022+ant2+0+48x+4+methyl+3+heptanone+40+t179+z110um	ses-m4-d26-y2022-ant2-0.48x-4-methyl-3-heptanone-40-t179-z110um
ses-m4+d26+y2022+ant2+0+48x+4+methyl+3+heptanone+40+t179+z115um	ses-m4-d26-y2022-ant2-0.48x-4-methyl-3-heptanone-40-t179-z115um
ses-m4+d26+y2022+ant2+0+48x+4+methyl+3+heptanone+40+t179+z120um	ses-m4-d26-y2022-ant2-0.48x-4-methyl-3-heptanone-40-t179-z120um
ses-m4+d26+y2022+ant2+0+48x+4+methyl+3+heptanone+40+t179+z125um	ses-m4-d26-y2022-ant2-0.48x-4-methyl-3-heptanone-40-t179-z125um
ses-m4+d26+y2022+ant2+0+48x+4+methyl+3+heptanone+40+t179+z130um	ses-m4-d26-y2022-ant2-0.48x-4-methyl-3-heptanone-40-t179-z130um
ses-m4+d26+y2022+ant2+0+48x+4+methyl+3+heptanone+40+t179+z135um	ses-m4-d26-y2022-ant2-0.48x-4-methyl-3-heptanone-40-t179-z135um
ses-m4+d26+y2022+ant2+0+48x+4+methyl+3+heptanone+40+t179+z140um	ses-m4-d26-y2022-ant2-0.48x-4-methyl-3-heptanone-40-t179-z140um
ses-m4+d26+y2022+ant2+0+48x+4+methyl+3+heptanone+40+t179+z145um	ses-m4-d26-y2022-ant2-0.48x-4-methyl-3-heptanone-40-t179-z145um
ses-m4+d26+y2022+ant2+0+48x+4+methyl+3+heptanone+40+t179+z150um	ses-m4-d26-y2022-ant2-0.48x-4-methyl-3-heptanone-40-t179-z150um
ses-m4+d26+y2022+ant2+0+48x+4+methyl+3+heptanone+40+t179+z155um	ses-m4-d26-y2022-ant2-0.48x-4-methyl-3-heptanone-40-t179-z155um
ses-m4+d26+y2022+ant2+0+48x+4+methyl+3+heptanone+40+t179+z15um	ses-m4-d26-y2022-ant2-0.48x-4-methyl-3-heptanone-40-t179-z15um
ses-m4+d26+y2022+ant2+0+48x+4+methyl+3+heptanone+40+t179+z160um	ses-m4-d26-y2022-ant2-0.48x-4-methyl-3-heptanone-40-t179-z160um
ses-m4+d26+y2022+ant2+0+48x+4+methyl+3+heptanone+40+t179+z20um	ses-m4-d26-y2022-ant2-0.48x-4-methyl-3-heptanone-40-t179-z20um
ses-m4+d26+y2022+ant2+0+48x+4+methyl+3+heptanone+40+t179+z25um	ses-m4-d26-y2022-ant2-0.48x-4-methyl-3-heptanone-40-t179-z25um
ses-m4+d26+y2022+ant2+0+48x+4+methyl+3+heptanone+40+t179+z30um	ses-m4-d26-y2022-ant2-0.48x-4-methyl-3-heptanone-40-t179-z30um
ses-m4+d26+y2022+ant2+0+48x+4+methyl+3+heptanone+40+t179+z35um	ses-m4-d26-y2022-ant2-0.48x-4-methyl-3-heptanone-40-t179-z35um
ses-m4+d26+y2022+ant2+0+48x+4+methyl+3+heptanone+40+t179+z40um	ses-m4-d26-y2022-ant2-0.48x-4-methyl-3-heptanone-40-t179-z40um
ses-m4+d26+y2022+ant2+0+48x+4+methyl+3+heptanone+40+t179+z45um	ses-m4-d26-y2022-ant2-0.48x-4-methyl-3-heptanone-40-t179-z45um
ses-m4+d26+y2022+ant2+0+48x+4+methyl+3+heptanone+40+t179+z50um	ses-m4-d26-y2022-ant2-0.48x-4-methyl-3-heptanone-40-t179-z50um
ses-m4+d26+y2022+ant2+0+48x+4+methyl+3+heptanone+40+t179+z55um	ses-m4-d26-y2022-ant2-0.48x-4-methyl-3-heptanone-40-t179-z55um
ses-m4+d26+y2022+ant2+0+48x+4+methyl+3+heptanone+40+t179+z5um	ses-m4-d26-y2022-ant2-0.48x-4-methyl-3-heptanone-40-t179-z5um
ses-m4+d26+y2022+ant2+0+48x+4+methyl+3+heptanone+40+t179+z60um	ses-m4-d26-y2022-ant2-0.48x-4-methyl-3-heptanone-40-t179-z60um
ses-m4+d26+y2022+ant2+0+48x+4+methyl+3+heptanone+40+t179+z65um	ses-m4-d26-y2022-ant2-0.48x-4-methyl-3-heptanone-40-t179-z65um
ses-m4+d26+y2022+ant2+0+48x+4+methyl+3+heptanone+40+t179+z70um	ses-m4-d26-y2022-ant2-0.48x-4-methyl-3-heptanone-40-t179-z70um
ses-m4+d26+y2022+ant2+0+48x+4+methyl+3+heptanone+40+t179+z75um	ses-m4-d26-y2022-ant2-0.48x-4-methyl-3-heptanone-40-t179-z75um
ses-m4+d26+y2022+ant2+0+48x+4+methyl+3+heptanone+40+t179+z80um	ses-m4-d26-y2022-ant2-0.48x-4-methyl-3-heptanone-40-t179-z80um
ses-m4+d26+y2022+ant2+0+48x+4+methyl+3+heptanone+40+t179+z85um	ses-m4-d26-y2022-ant2-0.48x-4-methyl-3-heptanone-40-t179-z85um
ses-m4+d26+y2022+ant2+0+48x+4+methyl+3+heptanone+40+t179+z90um	ses-m4-d26-y2022-ant2-0.48x-4-methyl-3-heptanone-40-t179-z90um
ses-m4+d26+y2022+ant2+0+48x+4+methyl+3+heptanone+40+t179+z95um	ses-m4-d26-y2022-ant2-0.48x-4-methyl-3-heptanone-40-t179-z95um
ses-m4+d26+y2022+ant2+0+48x+4+methyl+3+heptanone+40+t184+z0um	ses-m4-d26-y2022-ant2-0.48x-4-methyl-3-heptanone-40-t184-z0um
ses-m4+d26+y2022+ant2+0+48x+4+methyl+3+heptanone+40+t184+z100um	ses-m4-d26-y2022-ant2-0.48x-4-methyl-3-heptanone-40-t184-z100um
ses-m4+d26+y2022+ant2+0+48x+4+methyl+3+heptanone+40+t184+z105um	ses-m4-d26-y2022-ant2-0.48x-4-methyl-3-heptanone-40-t184-z105um
ses-m4+d26+y2022+ant2+0+48x+4+methyl+3+heptanone+40+t184+z10um	ses-m4-d26-y2022-ant2-0.48x-4-methyl-3-heptanone-40-t184-z10um
ses-m4+d26+y2022+ant2+0+48x+4+methyl+3+heptanone+40+t184+z110um	ses-m4-d26-y2022-ant2-0.48x-4-methyl-3-heptanone-40-t184-z110um
ses-m4+d26+y2022+ant2+0+48x+4+methyl+3+heptanone+40+t184+z115um	ses-m4-d26-y2022-ant2-0.48x-4-methyl-3-heptanone-40-t184-z115um
ses-m4+d26+y2022+ant2+0+48x+4+methyl+3+heptanone+40+t184+z120um	ses-m4-d26-y2022-ant2-0.48x-4-methyl-3-heptanone-40-t184-z120um
ses-m4+d26+y2022+ant2+0+48x+4+methyl+3+heptanone+40+t184+z125um	ses-m4-d26-y2022-ant2-0.48x-4-methyl-3-heptanone-40-t184-z125um
ses-m4+d26+y2022+ant2+0+48x+4+methyl+3+heptanone+40+t184+z130um	ses-m4-d26-y2022-ant2-0.48x-4-methyl-3-heptanone-40-t184-z130um
ses-m4+d26+y2022+ant2+0+48x+4+methyl+3+heptanone+40+t184+z135um	ses-m4-d26-y2022-ant2-0.48x-4-methyl-3-heptanone-40-t184-z135um
ses-m4+d26+y2022+ant2+0+48x+4+methyl+3+heptanone+40+t184+z140um	ses-m4-d26-y2022-ant2-0.48x-4-methyl-3-heptanone-40-t184-z140um
ses-m4+d26+y2022+ant2+0+48x+4+methyl+3+heptanone+40+t184+z145um	ses-m4-d26-y2022-ant2-0.48x-4-methyl-3-heptanone-40-t184-z145um
ses-m4+d26+y2022+ant2+0+48x+4+methyl+3+heptanone+40+t184+z150um	ses-m4-d26-y2022-ant2-0.48x-4-methyl-3-heptanone-40-t184-z150um
ses-m4+d26+y2022+ant2+0+48x+4+methyl+3+heptanone+40+t184+z155um	ses-m4-d26-y2022-ant2-0.48x-4-methyl-3-heptanone-40-t184-z155um
ses-m4+d26+y2022+ant2+0+48x+4+methyl+3+heptanone+40+t184+z15um	ses-m4-d26-y2022-ant2-0.48x-4-methyl-3-heptanone-40-t184-z15um
ses-m4+d26+y2022+ant2+0+48x+4+methyl+3+heptanone+40+t184+z160um	ses-m4-d26-y2022-ant2-0.48x-4-methyl-3-heptanone-40-t184-z160um
ses-m4+d26+y2022+ant2+0+48x+4+methyl+3+heptanone+40+t184+z20um	ses-m4-d26-y2022-ant2-0.48x-4-methyl-3-heptanone-40-t184-z20um
ses-m4+d26+y2022+ant2+0+48x+4+methyl+3+heptanone+40+t184+z25um	ses-m4-d26-y2022-ant2-0.48x-4-methyl-3-heptanone-40-t184-z25um
ses-m4+d26+y2022+ant2+0+48x+4+methyl+3+heptanone+40+t184+z30um	ses-m4-d26-y2022-ant2-0.48x-4-methyl-3-heptanone-40-t184-z30um
ses-m4+d26+y2022+ant2+0+48x+4+methyl+3+heptanone+40+t184+z35um	ses-m4-d26-y2022-ant2-0.48x-4-methyl-3-heptanone-40-t184-z35um
ses-m4+d26+y2022+ant2+0+48x+4+methyl+3+heptanone+40+t184+z40um	ses-m4-d26-y2022-ant2-0.48x-4-methyl-3-heptanone-40-t184-z40um
ses-m4+d26+y2022+ant2+0+48x+4+methyl+3+heptanone+40+t184+z45um	ses-m4-d26-y2022-ant2-0.48x-4-methyl-3-heptanone-40-t184-z45um
ses-m4+d26+y2022+ant2+0+48x+4+methyl+3+heptanone+40+t184+z50um	ses-m4-d26-y2022-ant2-0.48x-4-methyl-3-heptanone-40-t184-z50um
ses-m4+d26+y2022+ant2+0+48x+4+methyl+3+heptanone+40+t184+z55um	ses-m4-d26-y2022-ant2-0.48x-4-methyl-3-heptanone-40-t184-z55um
ses-m4+d26+y2022+ant2+0+48x+4+methyl+3+heptanone+40+t184+z5um	ses-m4-d26-y2022-ant2-0.48x-4-methyl-3-heptanone-40-t184-z5um
ses-m4+d26+y2022+ant2+0+48x+4+methyl+3+heptanone+40+t184+z60um	ses-m4-d26-y2022-ant2-0.48x-4-methyl-3-heptanone-40-t184-z60um
ses-m4+d26+y2022+ant2+0+48x+4+methyl+3+heptanone+40+t184+z65um	ses-m4-d26-y2022-ant2-0.48x-4-methyl-3-heptanone-40-t184-z65um
ses-m4+d26+y2022+ant2+0+48x+4+methyl+3+heptanone+40+t184+z70um	ses-m4-d26-y2022-ant2-0.48x-4-methyl-3-heptanone-40-t184-z70um
ses-m4+d26+y2022+ant2+0+48x+4+methyl+3+heptanone+40+t184+z75um	ses-m4-d26-y2022-ant2-0.48x-4-methyl-3-heptanone-40-t184-z75um
ses-m4+d26+y2022+ant2+0+48x+4+methyl+3+heptanone+40+t184+z80um	ses-m4-d26-y2022-ant2-0.48x-4-methyl-3-heptanone-40-t184-z80um
ses-m4+d26+y2022+ant2+0+48x+4+methyl+3+heptanone+40+t184+z85um	ses-m4-d26-y2022-ant2-0.48x-4-methyl-3-heptanone-40-t184-z85um
ses-m4+d26+y2022+ant2+0+48x+4+methyl+3+heptanone+40+t184+z90um	ses-m4-d26-y2022-ant2-0.48x-4-methyl-3-heptanone-40-t184-z90um
ses-m4+d26+y2022+ant2+0+48x+4+methyl+3+heptanone+40+t184+z95um	ses-m4-d26-y2022-ant2-0.48x-4-methyl-3-heptanone-40-t184-z95um
ses-m4+d26+y2022+ant2+0+48x+4+methyl+3+heptanone+40+t189+z0um	ses-m4-d26-y2022-ant2-0.48x-4-methyl-3-heptanone-40-t189-z0um
ses-m4+d26+y2022+ant2+0+48x+4+methyl+3+heptanone+40+t189+z100um	ses-m4-d26-y2022-ant2-0.48x-4-methyl-3-heptanone-40-t189-z100um
ses-m4+d26+y2022+ant2+0+48x+4+methyl+3+heptanone+40+t189+z105um	ses-m4-d26-y2022-ant2-0.48x-4-methyl-3-heptanone-40-t189-z105um
ses-m4+d26+y2022+ant2+0+48x+4+methyl+3+heptanone+40+t189+z10um	ses-m4-d26-y2022-ant2-0.48x-4-methyl-3-heptanone-40-t189-z10um
ses-m4+d26+y2022+ant2+0+48x+4+methyl+3+heptanone+40+t189+z110um	ses-m4-d26-y2022-ant2-0.48x-4-methyl-3-heptanone-40-t189-z110um
ses-m4+d26+y2022+ant2+0+48x+4+methyl+3+heptanone+40+t189+z115um	ses-m4-d26-y2022-ant2-0.48x-4-methyl-3-heptanone-40-t189-z115um
ses-m4+d26+y2022+ant2+0+48x+4+methyl+3+heptanone+40+t189+z120um	ses-m4-d26-y2022-ant2-0.48x-4-methyl-3-heptanone-40-t189-z120um
ses-m4+d26+y2022+ant2+0+48x+4+methyl+3+heptanone+40+t189+z125um	ses-m4-d26-y2022-ant2-0.48x-4-methyl-3-heptanone-40-t189-z125um
ses-m4+d26+y2022+ant2+0+48x+4+methyl+3+heptanone+40+t189+z130um	ses-m4-d26-y2022-ant2-0.48x-4-methyl-3-heptanone-40-t189-z130um
ses-m4+d26+y2022+ant2+0+48x+4+methyl+3+heptanone+40+t189+z135um	ses-m4-d26-y2022-ant2-0.48x-4-methyl-3-heptanone-40-t189-z135um
ses-m4+d26+y2022+ant2+0+48x+4+methyl+3+heptanone+40+t189+z140um	ses-m4-d26-y2022-ant2-0.48x-4-methyl-3-heptanone-40-t189-z140um
ses-m4+d26+y2022+ant2+0+48x+4+methyl+3+heptanone+40+t189+z145um	ses-m4-d26-y2022-ant2-0.48x-4-methyl-3-heptanone-40-t189-z145um
ses-m4+d26+y2022+ant2+0+48x+4+methyl+3+heptanone+40+t189+z150um	ses-m4-d26-y2022-ant2-0.48x-4-methyl-3-heptanone-40-t189-z150um
ses-m4+d26+y2022+ant2+0+48x+4+methyl+3+heptanone+40+t189+z155um	ses-m4-d26-y2022-ant2-0.48x-4-methyl-3-heptanone-40-t189-z155um
ses-m4+d26+y2022+ant2+0+48x+4+methyl+3+heptanone+40+t189+z15um	ses-m4-d26-y2022-ant2-0.48x-4-methyl-3-heptanone-40-t189-z15um
ses-m4+d26+y2022+ant2+0+48x+4+methyl+3+heptanone+40+t189+z160um	ses-m4-d26-y2022-ant2-0.48x-4-methyl-3-heptanone-40-t189-z160um
ses-m4+d26+y2022+ant2+0+48x+4+methyl+3+heptanone+40+t189+z20um	ses-m4-d26-y2022-ant2-0.48x-4-methyl-3-heptanone-40-t189-z20um
ses-m4+d26+y2022+ant2+0+48x+4+methyl+3+heptanone+40+t189+z25um	ses-m4-d26-y2022-ant2-0.48x-4-methyl-3-heptanone-40-t189-z25um
ses-m4+d26+y2022+ant2+0+48x+4+methyl+3+heptanone+40+t189+z30um	ses-m4-d26-y2022-ant2-0.48x-4-methyl-3-heptanone-40-t189-z30um
ses-m4+d26+y2022+ant2+0+48x+4+methyl+3+heptanone+40+t189+z35um	ses-m4-d26-y2022-ant2-0.48x-4-methyl-3-heptanone-40-t189-z35um
ses-m4+d26+y2022+ant2+0+48x+4+methyl+3+heptanone+40+t189+z40um	ses-m4-d26-y2022-ant2-0.48x-4-methyl-3-heptanone-40-t189-z40um
ses-m4+d26+y2022+ant2+0+48x+4+methyl+3+heptanone+40+t189+z45um	ses-m4-d26-y2022-ant2-0.48x-4-methyl-3-heptanone-40-t189-z45um
ses-m4+d26+y2022+ant2+0+48x+4+methyl+3+heptanone+40+t189+z50um	ses-m4-d26-y2022-ant2-0.48x-4-methyl-3-heptanone-40-t189-z50um
ses-m4+d26+y2022+ant2+0+48x+4+methyl+3+heptanone+40+t189+z55um	ses-m4-d26-y2022-ant2-0.48x-4-methyl-3-heptanone-40-t189-z55um
ses-m4+d26+y2022+ant2+0+48x+4+methyl+3+heptanone+40+t189+z5um	ses-m4-d26-y2022-ant2-0.48x-4-methyl-3-heptanone-40-t189-z5um
ses-m4+d26+y2022+ant2+0+48x+4+methyl+3+heptanone+40+t189+z60um	ses-m4-d26-y2022-ant2-0.48x-4-methyl-3-heptanone-40-t189-z60um
ses-m4+d26+y2022+ant2+0+48x+4+methyl+3+heptanone+40+t189+z65um	ses-m4-d26-y2022-ant2-0.48x-4-methyl-3-heptanone-40-t189-z65um
ses-m4+d26+y2022+ant2+0+48x+4+methyl+3+heptanone+40+t189+z70um	ses-m4-d26-y2022-ant2-0.48x-4-methyl-3-heptanone-40-t189-z70um
ses-m4+d26+y2022+ant2+0+48x+4+methyl+3+heptanone+40+t189+z75um	ses-m4-d26-y2022-ant2-0.48x-4-methyl-3-heptanone-40-t189-z75um
ses-m4+d26+y2022+ant2+0+48x+4+methyl+3+heptanone+40+t189+z80um	ses-m4-d26-y2022-ant2-0.48x-4-methyl-3-heptanone-40-t189-z80um
ses-m4+d26+y2022+ant2+0+48x+4+methyl+3+heptanone+40+t189+z85um	ses-m4-d26-y2022-ant2-0.48x-4-methyl-3-heptanone-40-t189-z85um
ses-m4+d26+y2022+ant2+0+48x+4+methyl+3+heptanone+40+t189+z90um	ses-m4-d26-y2022-ant2-0.48x-4-methyl-3-heptanone-40-t189-z90um
ses-m4+d26+y2022+ant2+0+48x+4+methyl+3+heptanone+40+t189+z95um	ses-m4-d26-y2022-ant2-0.48x-4-methyl-3-heptanone-40-t189-z95um
ses-m4+d26+y2022+ant2+0+48x+4+methyl+3+hexanol+40+t178+z0um	ses-m4-d26-y2022-ant2-0.48x-4-methyl-3-hexanol-40-t178-z0um
ses-m4+d26+y2022+ant2+0+48x+4+methyl+3+hexanol+40+t178+z100um	ses-m4-d26-y2022-ant2-0.48x-4-methyl-3-hexanol-40-t178-z100um
ses-m4+d26+y2022+ant2+0+48x+4+methyl+3+hexanol+40+t178+z105um	ses-m4-d26-y2022-ant2-0.48x-4-methyl-3-hexanol-40-t178-z105um
ses-m4+d26+y2022+ant2+0+48x+4+methyl+3+hexanol+40+t178+z10um	ses-m4-d26-y2022-ant2-0.48x-4-methyl-3-hexanol-40-t178-z10um
ses-m4+d26+y2022+ant2+0+48x+4+methyl+3+hexanol+40+t178+z110um	ses-m4-d26-y2022-ant2-0.48x-4-methyl-3-hexanol-40-t178-z110um
ses-m4+d26+y2022+ant2+0+48x+4+methyl+3+hexanol+40+t178+z115um	ses-m4-d26-y2022-ant2-0.48x-4-methyl-3-hexanol-40-t178-z115um
ses-m4+d26+y2022+ant2+0+48x+4+methyl+3+hexanol+40+t178+z120um	ses-m4-d26-y2022-ant2-0.48x-4-methyl-3-hexanol-40-t178-z120um
ses-m4+d26+y2022+ant2+0+48x+4+methyl+3+hexanol+40+t178+z125um	ses-m4-d26-y2022-ant2-0.48x-4-methyl-3-hexanol-40-t178-z125um
ses-m4+d26+y2022+ant2+0+48x+4+methyl+3+hexanol+40+t178+z130um	ses-m4-d26-y2022-ant2-0.48x-4-methyl-3-hexanol-40-t178-z130um
ses-m4+d26+y2022+ant2+0+48x+4+methyl+3+hexanol+40+t178+z135um	ses-m4-d26-y2022-ant2-0.48x-4-methyl-3-hexanol-40-t178-z135um
ses-m4+d26+y2022+ant2+0+48x+4+methyl+3+hexanol+40+t178+z140um	ses-m4-d26-y2022-ant2-0.48x-4-methyl-3-hexanol-40-t178-z140um
ses-m4+d26+y2022+ant2+0+48x+4+methyl+3+hexanol+40+t178+z145um	ses-m4-d26-y2022-ant2-0.48x-4-methyl-3-hexanol-40-t178-z145um
ses-m4+d26+y2022+ant2+0+48x+4+methyl+3+hexanol+40+t178+z150um	ses-m4-d26-y2022-ant2-0.48x-4-methyl-3-hexanol-40-t178-z150um
ses-m4+d26+y2022+ant2+0+48x+4+methyl+3+hexanol+40+t178+z155um	ses-m4-d26-y2022-ant2-0.48x-4-methyl-3-hexanol-40-t178-z155um
ses-m4+d26+y2022+ant2+0+48x+4+methyl+3+hexanol+40+t178+z15um	ses-m4-d26-y2022-ant2-0.48x-4-methyl-3-hexanol-40-t178-z15um
ses-m4+d26+y2022+ant2+0+48x+4+methyl+3+hexanol+40+t178+z160um	ses-m4-d26-y2022-ant2-0.48x-4-methyl-3-hexanol-40-t178-z160um
ses-m4+d26+y2022+ant2+0+48x+4+methyl+3+hexanol+40+t178+z20um	ses-m4-d26-y2022-ant2-0.48x-4-methyl-3-hexanol-40-t178-z20um
ses-m4+d26+y2022+ant2+0+48x+4+methyl+3+hexanol+40+t178+z25um	ses-m4-d26-y2022-ant2-0.48x-4-methyl-3-hexanol-40-t178-z25um
ses-m4+d26+y2022+ant2+0+48x+4+methyl+3+hexanol+40+t178+z30um	ses-m4-d26-y2022-ant2-0.48x-4-methyl-3-hexanol-40-t178-z30um
ses-m4+d26+y2022+ant2+0+48x+4+methyl+3+hexanol+40+t178+z35um	ses-m4-d26-y2022-ant2-0.48x-4-methyl-3-hexanol-40-t178-z35um
ses-m4+d26+y2022+ant2+0+48x+4+methyl+3+hexanol+40+t178+z40um	ses-m4-d26-y2022-ant2-0.48x-4-methyl-3-hexanol-40-t178-z40um
ses-m4+d26+y2022+ant2+0+48x+4+methyl+3+hexanol+40+t178+z45um	ses-m4-d26-y2022-ant2-0.48x-4-methyl-3-hexanol-40-t178-z45um
ses-m4+d26+y2022+ant2+0+48x+4+methyl+3+hexanol+40+t178+z50um	ses-m4-d26-y2022-ant2-0.48x-4-methyl-3-hexanol-40-t178-z50um
ses-m4+d26+y2022+ant2+0+48x+4+methyl+3+hexanol+40+t178+z55um	ses-m4-d26-y2022-ant2-0.48x-4-methyl-3-hexanol-40-t178-z55um
ses-m4+d26+y2022+ant2+0+48x+4+methyl+3+hexanol+40+t178+z5um	ses-m4-d26-y2022-ant2-0.48x-4-methyl-3-hexanol-40-t178-z5um
ses-m4+d26+y2022+ant2+0+48x+4+methyl+3+hexanol+40+t178+z60um	ses-m4-d26-y2022-ant2-0.48x-4-methyl-3-hexanol-40-t178-z60um
ses-m4+d26+y2022+ant2+0+48x+4+methyl+3+hexanol+40+t178+z65um	ses-m4-d26-y2022-ant2-0.48x-4-methyl-3-hexanol-40-t178-z65um
ses-m4+d26+y2022+ant2+0+48x+4+methyl+3+hexanol+40+t178+z70um	ses-m4-d26-y2022-ant2-0.48x-4-methyl-3-hexanol-40-t178-z70um
ses-m4+d26+y2022+ant2+0+48x+4+methyl+3+hexanol+40+t178+z75um	ses-m4-d26-y2022-ant2-0.48x-4-methyl-3-hexanol-40-t178-z75um
ses-m4+d26+y2022+ant2+0+48x+4+methyl+3+hexanol+40+t178+z80um	ses-m4-d26-y2022-ant2-0.48x-4-methyl-3-hexanol-40-t178-z80um
ses-m4+d26+y2022+ant2+0+48x+4+methyl+3+hexanol+40+t178+z85um	ses-m4-d26-y2022-ant2-0.48x-4-methyl-3-hexanol-40-t178-z85um
ses-m4+d26+y2022+ant2+0+48x+4+methyl+3+hexanol+40+t178+z90um	ses-m4-d26-y2022-ant2-0.48x-4-methyl-3-hexanol-40-t178-z90um
ses-m4+d26+y2022+ant2+0+48x+4+methyl+3+hexanol+40+t178+z95um	ses-m4-d26-y2022-ant2-0.48x-4-methyl-3-hexanol-40-t178-z95um
ses-m4+d26+y2022+ant2+0+48x+4+methyl+3+hexanol+40+t183+z0um	ses-m4-d26-y2022-ant2-0.48x-4-methyl-3-hexanol-40-t183-z0um
ses-m4+d26+y2022+ant2+0+48x+4+methyl+3+hexanol+40+t183+z100um	ses-m4-d26-y2022-ant2-0.48x-4-methyl-3-hexanol-40-t183-z100um
ses-m4+d26+y2022+ant2+0+48x+4+methyl+3+hexanol+40+t183+z105um	ses-m4-d26-y2022-ant2-0.48x-4-methyl-3-hexanol-40-t183-z105um
ses-m4+d26+y2022+ant2+0+48x+4+methyl+3+hexanol+40+t183+z10um	ses-m4-d26-y2022-ant2-0.48x-4-methyl-3-hexanol-40-t183-z10um
ses-m4+d26+y2022+ant2+0+48x+4+methyl+3+hexanol+40+t183+z110um	ses-m4-d26-y2022-ant2-0.48x-4-methyl-3-hexanol-40-t183-z110um
ses-m4+d26+y2022+ant2+0+48x+4+methyl+3+hexanol+40+t183+z115um	ses-m4-d26-y2022-ant2-0.48x-4-methyl-3-hexanol-40-t183-z115um
ses-m4+d26+y2022+ant2+0+48x+4+methyl+3+hexanol+40+t183+z120um	ses-m4-d26-y2022-ant2-0.48x-4-methyl-3-hexanol-40-t183-z120um
ses-m4+d26+y2022+ant2+0+48x+4+methyl+3+hexanol+40+t183+z125um	ses-m4-d26-y2022-ant2-0.48x-4-methyl-3-hexanol-40-t183-z125um
ses-m4+d26+y2022+ant2+0+48x+4+methyl+3+hexanol+40+t183+z130um	ses-m4-d26-y2022-ant2-0.48x-4-methyl-3-hexanol-40-t183-z130um
ses-m4+d26+y2022+ant2+0+48x+4+methyl+3+hexanol+40+t183+z135um	ses-m4-d26-y2022-ant2-0.48x-4-methyl-3-hexanol-40-t183-z135um
ses-m4+d26+y2022+ant2+0+48x+4+methyl+3+hexanol+40+t183+z140um	ses-m4-d26-y2022-ant2-0.48x-4-methyl-3-hexanol-40-t183-z140um
ses-m4+d26+y2022+ant2+0+48x+4+methyl+3+hexanol+40+t183+z145um	ses-m4-d26-y2022-ant2-0.48x-4-methyl-3-hexanol-40-t183-z145um
ses-m4+d26+y2022+ant2+0+48x+4+methyl+3+hexanol+40+t183+z150um	ses-m4-d26-y2022-ant2-0.48x-4-methyl-3-hexanol-40-t183-z150um
ses-m4+d26+y2022+ant2+0+48x+4+methyl+3+hexanol+40+t183+z155um	ses-m4-d26-y2022-ant2-0.48x-4-methyl-3-hexanol-40-t183-z155um
ses-m4+d26+y2022+ant2+0+48x+4+methyl+3+hexanol+40+t183+z15um	ses-m4-d26-y2022-ant2-0.48x-4-methyl-3-hexanol-40-t183-z15um
ses-m4+d26+y2022+ant2+0+48x+4+methyl+3+hexanol+40+t183+z160um	ses-m4-d26-y2022-ant2-0.48x-4-methyl-3-hexanol-40-t183-z160um
ses-m4+d26+y2022+ant2+0+48x+4+methyl+3+hexanol+40+t183+z20um	ses-m4-d26-y2022-ant2-0.48x-4-methyl-3-hexanol-40-t183-z20um
ses-m4+d26+y2022+ant2+0+48x+4+methyl+3+hexanol+40+t183+z25um	ses-m4-d26-y2022-ant2-0.48x-4-methyl-3-hexanol-40-t183-z25um
ses-m4+d26+y2022+ant2+0+48x+4+methyl+3+hexanol+40+t183+z30um	ses-m4-d26-y2022-ant2-0.48x-4-methyl-3-hexanol-40-t183-z30um
ses-m4+d26+y2022+ant2+0+48x+4+methyl+3+hexanol+40+t183+z35um	ses-m4-d26-y2022-ant2-0.48x-4-methyl-3-hexanol-40-t183-z35um
ses-m4+d26+y2022+ant2+0+48x+4+methyl+3+hexanol+40+t183+z40um	ses-m4-d26-y2022-ant2-0.48x-4-methyl-3-hexanol-40-t183-z40um
ses-m4+d26+y2022+ant2+0+48x+4+methyl+3+hexanol+40+t183+z45um	ses-m4-d26-y2022-ant2-0.48x-4-methyl-3-hexanol-40-t183-z45um
ses-m4+d26+y2022+ant2+0+48x+4+methyl+3+hexanol+40+t183+z50um	ses-m4-d26-y2022-ant2-0.48x-4-methyl-3-hexanol-40-t183-z50um
ses-m4+d26+y2022+ant2+0+48x+4+methyl+3+hexanol+40+t183+z55um	ses-m4-d26-y2022-ant2-0.48x-4-methyl-3-hexanol-40-t183-z55um
ses-m4+d26+y2022+ant2+0+48x+4+methyl+3+hexanol+40+t183+z5um	ses-m4-d26-y2022-ant2-0.48x-4-methyl-3-hexanol-40-t183-z5um
ses-m4+d26+y2022+ant2+0+48x+4+methyl+3+hexanol+40+t183+z60um	ses-m4-d26-y2022-ant2-0.48x-4-methyl-3-hexanol-40-t183-z60um
ses-m4+d26+y2022+ant2+0+48x+4+methyl+3+hexanol+40+t183+z65um	ses-m4-d26-y2022-ant2-0.48x-4-methyl-3-hexanol-40-t183-z65um
ses-m4+d26+y2022+ant2+0+48x+4+methyl+3+hexanol+40+t183+z70um	ses-m4-d26-y2022-ant2-0.48x-4-methyl-3-hexanol-40-t183-z70um
ses-m4+d26+y2022+ant2+0+48x+4+methyl+3+hexanol+40+t183+z75um	ses-m4-d26-y2022-ant2-0.48x-4-methyl-3-hexanol-40-t183-z75um
ses-m4+d26+y2022+ant2+0+48x+4+methyl+3+hexanol+40+t183+z80um	ses-m4-d26-y2022-ant2-0.48x-4-methyl-3-hexanol-40-t183-z80um
ses-m4+d26+y2022+ant2+0+48x+4+methyl+3+hexanol+40+t183+z85um	ses-m4-d26-y2022-ant2-0.48x-4-methyl-3-hexanol-40-t183-z85um
ses-m4+d26+y2022+ant2+0+48x+4+methyl+3+hexanol+40+t183+z90um	ses-m4-d26-y2022-ant2-0.48x-4-methyl-3-hexanol-40-t183-z90um
ses-m4+d26+y2022+ant2+0+48x+4+methyl+3+hexanol+40+t183+z95um	ses-m4-d26-y2022-ant2-0.48x-4-methyl-3-hexanol-40-t183-z95um
ses-m4+d26+y2022+ant2+0+48x+4+methyl+3+hexanol+40+t188+z0um	ses-m4-d26-y2022-ant2-0.48x-4-methyl-3-hexanol-40-t188-z0um
ses-m4+d26+y2022+ant2+0+48x+4+methyl+3+hexanol+40+t188+z100um	ses-m4-d26-y2022-ant2-0.48x-4-methyl-3-hexanol-40-t188-z100um
ses-m4+d26+y2022+ant2+0+48x+4+methyl+3+hexanol+40+t188+z105um	ses-m4-d26-y2022-ant2-0.48x-4-methyl-3-hexanol-40-t188-z105um
ses-m4+d26+y2022+ant2+0+48x+4+methyl+3+hexanol+40+t188+z10um	ses-m4-d26-y2022-ant2-0.48x-4-methyl-3-hexanol-40-t188-z10um
ses-m4+d26+y2022+ant2+0+48x+4+methyl+3+hexanol+40+t188+z110um	ses-m4-d26-y2022-ant2-0.48x-4-methyl-3-hexanol-40-t188-z110um
ses-m4+d26+y2022+ant2+0+48x+4+methyl+3+hexanol+40+t188+z115um	ses-m4-d26-y2022-ant2-0.48x-4-methyl-3-hexanol-40-t188-z115um
ses-m4+d26+y2022+ant2+0+48x+4+methyl+3+hexanol+40+t188+z120um	ses-m4-d26-y2022-ant2-0.48x-4-methyl-3-hexanol-40-t188-z120um
ses-m4+d26+y2022+ant2+0+48x+4+methyl+3+hexanol+40+t188+z125um	ses-m4-d26-y2022-ant2-0.48x-4-methyl-3-hexanol-40-t188-z125um
ses-m4+d26+y2022+ant2+0+48x+4+methyl+3+hexanol+40+t188+z130um	ses-m4-d26-y2022-ant2-0.48x-4-methyl-3-hexanol-40-t188-z130um
ses-m4+d26+y2022+ant2+0+48x+4+methyl+3+hexanol+40+t188+z135um	ses-m4-d26-y2022-ant2-0.48x-4-methyl-3-hexanol-40-t188-z135um
ses-m4+d26+y2022+ant2+0+48x+4+methyl+3+hexanol+40+t188+z140um	ses-m4-d26-y2022-ant2-0.48x-4-methyl-3-hexanol-40-t188-z140um
ses-m4+d26+y2022+ant2+0+48x+4+methyl+3+hexanol+40+t188+z145um	ses-m4-d26-y2022-ant2-0.48x-4-methyl-3-hexanol-40-t188-z145um
ses-m4+d26+y2022+ant2+0+48x+4+methyl+3+hexanol+40+t188+z150um	ses-m4-d26-y2022-ant2-0.48x-4-methyl-3-hexanol-40-t188-z150um
ses-m4+d26+y2022+ant2+0+48x+4+methyl+3+hexanol+40+t188+z155um	ses-m4-d26-y2022-ant2-0.48x-4-methyl-3-hexanol-40-t188-z155um
ses-m4+d26+y2022+ant2+0+48x+4+methyl+3+hexanol+40+t188+z15um	ses-m4-d26-y2022-ant2-0.48x-4-methyl-3-hexanol-40-t188-z15um
ses-m4+d26+y2022+ant2+0+48x+4+methyl+3+hexanol+40+t188+z160um	ses-m4-d26-y2022-ant2-0.48x-4-methyl-3-hexanol-40-t188-z160um
ses-m4+d26+y2022+ant2+0+48x+4+methyl+3+hexanol+40+t188+z20um	ses-m4-d26-y2022-ant2-0.48x-4-methyl-3-hexanol-40-t188-z20um
ses-m4+d26+y2022+ant2+0+48x+4+methyl+3+hexanol+40+t188+z25um	ses-m4-d26-y2022-ant2-0.48x-4-methyl-3-hexanol-40-t188-z25um
ses-m4+d26+y2022+ant2+0+48x+4+methyl+3+hexanol+40+t188+z30um	ses-m4-d26-y2022-ant2-0.48x-4-methyl-3-hexanol-40-t188-z30um
ses-m4+d26+y2022+ant2+0+48x+4+methyl+3+hexanol+40+t188+z35um	ses-m4-d26-y2022-ant2-0.48x-4-methyl-3-hexanol-40-t188-z35um
ses-m4+d26+y2022+ant2+0+48x+4+methyl+3+hexanol+40+t188+z40um	ses-m4-d26-y2022-ant2-0.48x-4-methyl-3-hexanol-40-t188-z40um
ses-m4+d26+y2022+ant2+0+48x+4+methyl+3+hexanol+40+t188+z45um	ses-m4-d26-y2022-ant2-0.48x-4-methyl-3-hexanol-40-t188-z45um
ses-m4+d26+y2022+ant2+0+48x+4+methyl+3+hexanol+40+t188+z50um	ses-m4-d26-y2022-ant2-0.48x-4-methyl-3-hexanol-40-t188-z50um
ses-m4+d26+y2022+ant2+0+48x+4+methyl+3+hexanol+40+t188+z55um	ses-m4-d26-y2022-ant2-0.48x-4-methyl-3-hexanol-40-t188-z55um
ses-m4+d26+y2022+ant2+0+48x+4+methyl+3+hexanol+40+t188+z5um	ses-m4-d26-y2022-ant2-0.48x-4-methyl-3-hexanol-40-t188-z5um
ses-m4+d26+y2022+ant2+0+48x+4+methyl+3+hexanol+40+t188+z60um	ses-m4-d26-y2022-ant2-0.48x-4-methyl-3-hexanol-40-t188-z60um
ses-m4+d26+y2022+ant2+0+48x+4+methyl+3+hexanol+40+t188+z65um	ses-m4-d26-y2022-ant2-0.48x-4-methyl-3-hexanol-40-t188-z65um
ses-m4+d26+y2022+ant2+0+48x+4+methyl+3+hexanol+40+t188+z70um	ses-m4-d26-y2022-ant2-0.48x-4-methyl-3-hexanol-40-t188-z70um
ses-m4+d26+y2022+ant2+0+48x+4+methyl+3+hexanol+40+t188+z75um	ses-m4-d26-y2022-ant2-0.48x-4-methyl-3-hexanol-40-t188-z75um
ses-m4+d26+y2022+ant2+0+48x+4+methyl+3+hexanol+40+t188+z80um	ses-m4-d26-y2022-ant2-0.48x-4-methyl-3-hexanol-40-t188-z80um
ses-m4+d26+y2022+ant2+0+48x+4+methyl+3+hexanol+40+t188+z85um	ses-m4-d26-y2022-ant2-0.48x-4-methyl-3-hexanol-40-t188-z85um
ses-m4+d26+y2022+ant2+0+48x+4+methyl+3+hexanol+40+t188+z90um	ses-m4-d26-y2022-ant2-0.48x-4-methyl-3-hexanol-40-t188-z90um
ses-m4+d26+y2022+ant2+0+48x+4+methyl+3+hexanol+40+t188+z95um	ses-m4-d26-y2022-ant2-0.48x-4-methyl-3-hexanol-40-t188-z95um
ses-m4+d26+y2022+ant2+0+48x+6+methyl+5+hepten+2+one+120+t194+z0um	ses-m4-d26-y2022-ant2-0.48x-6-methyl-5-hepten-2-one-120-t194-z0um
ses-m4+d26+y2022+ant2+0+48x+6+methyl+5+hepten+2+one+120+t194+z100um	ses-m4-d26-y2022-ant2-0.48x-6-methyl-5-hepten-2-one-120-t194-z100um
ses-m4+d26+y2022+ant2+0+48x+6+methyl+5+hepten+2+one+120+t194+z105um	ses-m4-d26-y2022-ant2-0.48x-6-methyl-5-hepten-2-one-120-t194-z105um
ses-m4+d26+y2022+ant2+0+48x+6+methyl+5+hepten+2+one+120+t194+z10um	ses-m4-d26-y2022-ant2-0.48x-6-methyl-5-hepten-2-one-120-t194-z10um
ses-m4+d26+y2022+ant2+0+48x+6+methyl+5+hepten+2+one+120+t194+z110um	ses-m4-d26-y2022-ant2-0.48x-6-methyl-5-hepten-2-one-120-t194-z110um
ses-m4+d26+y2022+ant2+0+48x+6+methyl+5+hepten+2+one+120+t194+z115um	ses-m4-d26-y2022-ant2-0.48x-6-methyl-5-hepten-2-one-120-t194-z115um
ses-m4+d26+y2022+ant2+0+48x+6+methyl+5+hepten+2+one+120+t194+z120um	ses-m4-d26-y2022-ant2-0.48x-6-methyl-5-hepten-2-one-120-t194-z120um
ses-m4+d26+y2022+ant2+0+48x+6+methyl+5+hepten+2+one+120+t194+z125um	ses-m4-d26-y2022-ant2-0.48x-6-methyl-5-hepten-2-one-120-t194-z125um
ses-m4+d26+y2022+ant2+0+48x+6+methyl+5+hepten+2+one+120+t194+z130um	ses-m4-d26-y2022-ant2-0.48x-6-methyl-5-hepten-2-one-120-t194-z130um
ses-m4+d26+y2022+ant2+0+48x+6+methyl+5+hepten+2+one+120+t194+z135um	ses-m4-d26-y2022-ant2-0.48x-6-methyl-5-hepten-2-one-120-t194-z135um
ses-m4+d26+y2022+ant2+0+48x+6+methyl+5+hepten+2+one+120+t194+z140um	ses-m4-d26-y2022-ant2-0.48x-6-methyl-5-hepten-2-one-120-t194-z140um
ses-m4+d26+y2022+ant2+0+48x+6+methyl+5+hepten+2+one+120+t194+z145um	ses-m4-d26-y2022-ant2-0.48x-6-methyl-5-hepten-2-one-120-t194-z145um
ses-m4+d26+y2022+ant2+0+48x+6+methyl+5+hepten+2+one+120+t194+z150um	ses-m4-d26-y2022-ant2-0.48x-6-methyl-5-hepten-2-one-120-t194-z150um
ses-m4+d26+y2022+ant2+0+48x+6+methyl+5+hepten+2+one+120+t194+z155um	ses-m4-d26-y2022-ant2-0.48x-6-methyl-5-hepten-2-one-120-t194-z155um
ses-m4+d26+y2022+ant2+0+48x+6+methyl+5+hepten+2+one+120+t194+z15um	ses-m4-d26-y2022-ant2-0.48x-6-methyl-5-hepten-2-one-120-t194-z15um
ses-m4+d26+y2022+ant2+0+48x+6+methyl+5+hepten+2+one+120+t194+z160um	ses-m4-d26-y2022-ant2-0.48x-6-methyl-5-hepten-2-one-120-t194-z160um
ses-m4+d26+y2022+ant2+0+48x+6+methyl+5+hepten+2+one+120+t194+z20um	ses-m4-d26-y2022-ant2-0.48x-6-methyl-5-hepten-2-one-120-t194-z20um
ses-m4+d26+y2022+ant2+0+48x+6+methyl+5+hepten+2+one+120+t194+z25um	ses-m4-d26-y2022-ant2-0.48x-6-methyl-5-hepten-2-one-120-t194-z25um
ses-m4+d26+y2022+ant2+0+48x+6+methyl+5+hepten+2+one+120+t194+z30um	ses-m4-d26-y2022-ant2-0.48x-6-methyl-5-hepten-2-one-120-t194-z30um
ses-m4+d26+y2022+ant2+0+48x+6+methyl+5+hepten+2+one+120+t194+z35um	ses-m4-d26-y2022-ant2-0.48x-6-methyl-5-hepten-2-one-120-t194-z35um
ses-m4+d26+y2022+ant2+0+48x+6+methyl+5+hepten+2+one+120+t194+z40um	ses-m4-d26-y2022-ant2-0.48x-6-methyl-5-hepten-2-one-120-t194-z40um
ses-m4+d26+y2022+ant2+0+48x+6+methyl+5+hepten+2+one+120+t194+z45um	ses-m4-d26-y2022-ant2-0.48x-6-methyl-5-hepten-2-one-120-t194-z45um
ses-m4+d26+y2022+ant2+0+48x+6+methyl+5+hepten+2+one+120+t194+z50um	ses-m4-d26-y2022-ant2-0.48x-6-methyl-5-hepten-2-one-120-t194-z50um
ses-m4+d26+y2022+ant2+0+48x+6+methyl+5+hepten+2+one+120+t194+z55um	ses-m4-d26-y2022-ant2-0.48x-6-methyl-5-hepten-2-one-120-t194-z55um
ses-m4+d26+y2022+ant2+0+48x+6+methyl+5+hepten+2+one+120+t194+z5um	ses-m4-d26-y2022-ant2-0.48x-6-methyl-5-hepten-2-one-120-t194-z5um
ses-m4+d26+y2022+ant2+0+48x+6+methyl+5+hepten+2+one+120+t194+z60um	ses-m4-d26-y2022-ant2-0.48x-6-methyl-5-hepten-2-one-120-t194-z60um
ses-m4+d26+y2022+ant2+0+48x+6+methyl+5+hepten+2+one+120+t194+z65um	ses-m4-d26-y2022-ant2-0.48x-6-methyl-5-hepten-2-one-120-t194-z65um
ses-m4+d26+y2022+ant2+0+48x+6+methyl+5+hepten+2+one+120+t194+z70um	ses-m4-d26-y2022-ant2-0.48x-6-methyl-5-hepten-2-one-120-t194-z70um
ses-m4+d26+y2022+ant2+0+48x+6+methyl+5+hepten+2+one+120+t194+z75um	ses-m4-d26-y2022-ant2-0.48x-6-methyl-5-hepten-2-one-120-t194-z75um
ses-m4+d26+y2022+ant2+0+48x+6+methyl+5+hepten+2+one+120+t194+z80um	ses-m4-d26-y2022-ant2-0.48x-6-methyl-5-hepten-2-one-120-t194-z80um
ses-m4+d26+y2022+ant2+0+48x+6+methyl+5+hepten+2+one+120+t194+z85um	ses-m4-d26-y2022-ant2-0.48x-6-methyl-5-hepten-2-one-120-t194-z85um
ses-m4+d26+y2022+ant2+0+48x+6+methyl+5+hepten+2+one+120+t194+z90um	ses-m4-d26-y2022-ant2-0.48x-6-methyl-5-hepten-2-one-120-t194-z90um
ses-m4+d26+y2022+ant2+0+48x+6+methyl+5+hepten+2+one+120+t194+z95um	ses-m4-d26-y2022-ant2-0.48x-6-methyl-5-hepten-2-one-120-t194-z95um
ses-m4+d26+y2022+ant2+0+48x+6+methyl+5+hepten+2+one+40+t181+z0um	ses-m4-d26-y2022-ant2-0.48x-6-methyl-5-hepten-2-one-40-t181-z0um
ses-m4+d26+y2022+ant2+0+48x+6+methyl+5+hepten+2+one+40+t181+z100um	ses-m4-d26-y2022-ant2-0.48x-6-methyl-5-hepten-2-one-40-t181-z100um
ses-m4+d26+y2022+ant2+0+48x+6+methyl+5+hepten+2+one+40+t181+z105um	ses-m4-d26-y2022-ant2-0.48x-6-methyl-5-hepten-2-one-40-t181-z105um
ses-m4+d26+y2022+ant2+0+48x+6+methyl+5+hepten+2+one+40+t181+z10um	ses-m4-d26-y2022-ant2-0.48x-6-methyl-5-hepten-2-one-40-t181-z10um
ses-m4+d26+y2022+ant2+0+48x+6+methyl+5+hepten+2+one+40+t181+z110um	ses-m4-d26-y2022-ant2-0.48x-6-methyl-5-hepten-2-one-40-t181-z110um
ses-m4+d26+y2022+ant2+0+48x+6+methyl+5+hepten+2+one+40+t181+z115um	ses-m4-d26-y2022-ant2-0.48x-6-methyl-5-hepten-2-one-40-t181-z115um
ses-m4+d26+y2022+ant2+0+48x+6+methyl+5+hepten+2+one+40+t181+z120um	ses-m4-d26-y2022-ant2-0.48x-6-methyl-5-hepten-2-one-40-t181-z120um
ses-m4+d26+y2022+ant2+0+48x+6+methyl+5+hepten+2+one+40+t181+z125um	ses-m4-d26-y2022-ant2-0.48x-6-methyl-5-hepten-2-one-40-t181-z125um
ses-m4+d26+y2022+ant2+0+48x+6+methyl+5+hepten+2+one+40+t181+z130um	ses-m4-d26-y2022-ant2-0.48x-6-methyl-5-hepten-2-one-40-t181-z130um
ses-m4+d26+y2022+ant2+0+48x+6+methyl+5+hepten+2+one+40+t181+z135um	ses-m4-d26-y2022-ant2-0.48x-6-methyl-5-hepten-2-one-40-t181-z135um
ses-m4+d26+y2022+ant2+0+48x+6+methyl+5+hepten+2+one+40+t181+z140um	ses-m4-d26-y2022-ant2-0.48x-6-methyl-5-hepten-2-one-40-t181-z140um
ses-m4+d26+y2022+ant2+0+48x+6+methyl+5+hepten+2+one+40+t181+z145um	ses-m4-d26-y2022-ant2-0.48x-6-methyl-5-hepten-2-one-40-t181-z145um
ses-m4+d26+y2022+ant2+0+48x+6+methyl+5+hepten+2+one+40+t181+z150um	ses-m4-d26-y2022-ant2-0.48x-6-methyl-5-hepten-2-one-40-t181-z150um
ses-m4+d26+y2022+ant2+0+48x+6+methyl+5+hepten+2+one+40+t181+z155um	ses-m4-d26-y2022-ant2-0.48x-6-methyl-5-hepten-2-one-40-t181-z155um
ses-m4+d26+y2022+ant2+0+48x+6+methyl+5+hepten+2+one+40+t181+z15um	ses-m4-d26-y2022-ant2-0.48x-6-methyl-5-hepten-2-one-40-t181-z15um
ses-m4+d26+y2022+ant2+0+48x+6+methyl+5+hepten+2+one+40+t181+z160um	ses-m4-d26-y2022-ant2-0.48x-6-methyl-5-hepten-2-one-40-t181-z160um
ses-m4+d26+y2022+ant2+0+48x+6+methyl+5+hepten+2+one+40+t181+z20um	ses-m4-d26-y2022-ant2-0.48x-6-methyl-5-hepten-2-one-40-t181-z20um
ses-m4+d26+y2022+ant2+0+48x+6+methyl+5+hepten+2+one+40+t181+z25um	ses-m4-d26-y2022-ant2-0.48x-6-methyl-5-hepten-2-one-40-t181-z25um
ses-m4+d26+y2022+ant2+0+48x+6+methyl+5+hepten+2+one+40+t181+z30um	ses-m4-d26-y2022-ant2-0.48x-6-methyl-5-hepten-2-one-40-t181-z30um
ses-m4+d26+y2022+ant2+0+48x+6+methyl+5+hepten+2+one+40+t181+z35um	ses-m4-d26-y2022-ant2-0.48x-6-methyl-5-hepten-2-one-40-t181-z35um
ses-m4+d26+y2022+ant2+0+48x+6+methyl+5+hepten+2+one+40+t181+z40um	ses-m4-d26-y2022-ant2-0.48x-6-methyl-5-hepten-2-one-40-t181-z40um
ses-m4+d26+y2022+ant2+0+48x+6+methyl+5+hepten+2+one+40+t181+z45um	ses-m4-d26-y2022-ant2-0.48x-6-methyl-5-hepten-2-one-40-t181-z45um
ses-m4+d26+y2022+ant2+0+48x+6+methyl+5+hepten+2+one+40+t181+z50um	ses-m4-d26-y2022-ant2-0.48x-6-methyl-5-hepten-2-one-40-t181-z50um
ses-m4+d26+y2022+ant2+0+48x+6+methyl+5+hepten+2+one+40+t181+z55um	ses-m4-d26-y2022-ant2-0.48x-6-methyl-5-hepten-2-one-40-t181-z55um
ses-m4+d26+y2022+ant2+0+48x+6+methyl+5+hepten+2+one+40+t181+z5um	ses-m4-d26-y2022-ant2-0.48x-6-methyl-5-hepten-2-one-40-t181-z5um
ses-m4+d26+y2022+ant2+0+48x+6+methyl+5+hepten+2+one+40+t181+z60um	ses-m4-d26-y2022-ant2-0.48x-6-methyl-5-hepten-2-one-40-t181-z60um
ses-m4+d26+y2022+ant2+0+48x+6+methyl+5+hepten+2+one+40+t181+z65um	ses-m4-d26-y2022-ant2-0.48x-6-methyl-5-hepten-2-one-40-t181-z65um
ses-m4+d26+y2022+ant2+0+48x+6+methyl+5+hepten+2+one+40+t181+z70um	ses-m4-d26-y2022-ant2-0.48x-6-methyl-5-hepten-2-one-40-t181-z70um
ses-m4+d26+y2022+ant2+0+48x+6+methyl+5+hepten+2+one+40+t181+z75um	ses-m4-d26-y2022-ant2-0.48x-6-methyl-5-hepten-2-one-40-t181-z75um
ses-m4+d26+y2022+ant2+0+48x+6+methyl+5+hepten+2+one+40+t181+z80um	ses-m4-d26-y2022-ant2-0.48x-6-methyl-5-hepten-2-one-40-t181-z80um
ses-m4+d26+y2022+ant2+0+48x+6+methyl+5+hepten+2+one+40+t181+z85um	ses-m4-d26-y2022-ant2-0.48x-6-methyl-5-hepten-2-one-40-t181-z85um
ses-m4+d26+y2022+ant2+0+48x+6+methyl+5+hepten+2+one+40+t181+z90um	ses-m4-d26-y2022-ant2-0.48x-6-methyl-5-hepten-2-one-40-t181-z90um
ses-m4+d26+y2022+ant2+0+48x+6+methyl+5+hepten+2+one+40+t181+z95um	ses-m4-d26-y2022-ant2-0.48x-6-methyl-5-hepten-2-one-40-t181-z95um
ses-m4+d26+y2022+ant2+0+48x+6+methyl+5+hepten+2+one+40+t186+z0um	ses-m4-d26-y2022-ant2-0.48x-6-methyl-5-hepten-2-one-40-t186-z0um
ses-m4+d26+y2022+ant2+0+48x+6+methyl+5+hepten+2+one+40+t186+z100um	ses-m4-d26-y2022-ant2-0.48x-6-methyl-5-hepten-2-one-40-t186-z100um
ses-m4+d26+y2022+ant2+0+48x+6+methyl+5+hepten+2+one+40+t186+z105um	ses-m4-d26-y2022-ant2-0.48x-6-methyl-5-hepten-2-one-40-t186-z105um
ses-m4+d26+y2022+ant2+0+48x+6+methyl+5+hepten+2+one+40+t186+z10um	ses-m4-d26-y2022-ant2-0.48x-6-methyl-5-hepten-2-one-40-t186-z10um
ses-m4+d26+y2022+ant2+0+48x+6+methyl+5+hepten+2+one+40+t186+z110um	ses-m4-d26-y2022-ant2-0.48x-6-methyl-5-hepten-2-one-40-t186-z110um
ses-m4+d26+y2022+ant2+0+48x+6+methyl+5+hepten+2+one+40+t186+z115um	ses-m4-d26-y2022-ant2-0.48x-6-methyl-5-hepten-2-one-40-t186-z115um
ses-m4+d26+y2022+ant2+0+48x+6+methyl+5+hepten+2+one+40+t186+z120um	ses-m4-d26-y2022-ant2-0.48x-6-methyl-5-hepten-2-one-40-t186-z120um
ses-m4+d26+y2022+ant2+0+48x+6+methyl+5+hepten+2+one+40+t186+z125um	ses-m4-d26-y2022-ant2-0.48x-6-methyl-5-hepten-2-one-40-t186-z125um
ses-m4+d26+y2022+ant2+0+48x+6+methyl+5+hepten+2+one+40+t186+z130um	ses-m4-d26-y2022-ant2-0.48x-6-methyl-5-hepten-2-one-40-t186-z130um
ses-m4+d26+y2022+ant2+0+48x+6+methyl+5+hepten+2+one+40+t186+z135um	ses-m4-d26-y2022-ant2-0.48x-6-methyl-5-hepten-2-one-40-t186-z135um
ses-m4+d26+y2022+ant2+0+48x+6+methyl+5+hepten+2+one+40+t186+z140um	ses-m4-d26-y2022-ant2-0.48x-6-methyl-5-hepten-2-one-40-t186-z140um
ses-m4+d26+y2022+ant2+0+48x+6+methyl+5+hepten+2+one+40+t186+z145um	ses-m4-d26-y2022-ant2-0.48x-6-methyl-5-hepten-2-one-40-t186-z145um
ses-m4+d26+y2022+ant2+0+48x+6+methyl+5+hepten+2+one+40+t186+z150um	ses-m4-d26-y2022-ant2-0.48x-6-methyl-5-hepten-2-one-40-t186-z150um
ses-m4+d26+y2022+ant2+0+48x+6+methyl+5+hepten+2+one+40+t186+z155um	ses-m4-d26-y2022-ant2-0.48x-6-methyl-5-hepten-2-one-40-t186-z155um
ses-m4+d26+y2022+ant2+0+48x+6+methyl+5+hepten+2+one+40+t186+z15um	ses-m4-d26-y2022-ant2-0.48x-6-methyl-5-hepten-2-one-40-t186-z15um
ses-m4+d26+y2022+ant2+0+48x+6+methyl+5+hepten+2+one+40+t186+z160um	ses-m4-d26-y2022-ant2-0.48x-6-methyl-5-hepten-2-one-40-t186-z160um
ses-m4+d26+y2022+ant2+0+48x+6+methyl+5+hepten+2+one+40+t186+z20um	ses-m4-d26-y2022-ant2-0.48x-6-methyl-5-hepten-2-one-40-t186-z20um
ses-m4+d26+y2022+ant2+0+48x+6+methyl+5+hepten+2+one+40+t186+z25um	ses-m4-d26-y2022-ant2-0.48x-6-methyl-5-hepten-2-one-40-t186-z25um
ses-m4+d26+y2022+ant2+0+48x+6+methyl+5+hepten+2+one+40+t186+z30um	ses-m4-d26-y2022-ant2-0.48x-6-methyl-5-hepten-2-one-40-t186-z30um
ses-m4+d26+y2022+ant2+0+48x+6+methyl+5+hepten+2+one+40+t186+z35um	ses-m4-d26-y2022-ant2-0.48x-6-methyl-5-hepten-2-one-40-t186-z35um
ses-m4+d26+y2022+ant2+0+48x+6+methyl+5+hepten+2+one+40+t186+z40um	ses-m4-d26-y2022-ant2-0.48x-6-methyl-5-hepten-2-one-40-t186-z40um
ses-m4+d26+y2022+ant2+0+48x+6+methyl+5+hepten+2+one+40+t186+z45um	ses-m4-d26-y2022-ant2-0.48x-6-methyl-5-hepten-2-one-40-t186-z45um
ses-m4+d26+y2022+ant2+0+48x+6+methyl+5+hepten+2+one+40+t186+z50um	ses-m4-d26-y2022-ant2-0.48x-6-methyl-5-hepten-2-one-40-t186-z50um
ses-m4+d26+y2022+ant2+0+48x+6+methyl+5+hepten+2+one+40+t186+z55um	ses-m4-d26-y2022-ant2-0.48x-6-methyl-5-hepten-2-one-40-t186-z55um
ses-m4+d26+y2022+ant2+0+48x+6+methyl+5+hepten+2+one+40+t186+z5um	ses-m4-d26-y2022-ant2-0.48x-6-methyl-5-hepten-2-one-40-t186-z5um
ses-m4+d26+y2022+ant2+0+48x+6+methyl+5+hepten+2+one+40+t186+z60um	ses-m4-d26-y2022-ant2-0.48x-6-methyl-5-hepten-2-one-40-t186-z60um
ses-m4+d26+y2022+ant2+0+48x+6+methyl+5+hepten+2+one+40+t186+z65um	ses-m4-d26-y2022-ant2-0.48x-6-methyl-5-hepten-2-one-40-t186-z65um
ses-m4+d26+y2022+ant2+0+48x+6+methyl+5+hepten+2+one+40+t186+z70um	ses-m4-d26-y2022-ant2-0.48x-6-methyl-5-hepten-2-one-40-t186-z70um
ses-m4+d26+y2022+ant2+0+48x+6+methyl+5+hepten+2+one+40+t186+z75um	ses-m4-d26-y2022-ant2-0.48x-6-methyl-5-hepten-2-one-40-t186-z75um
ses-m4+d26+y2022+ant2+0+48x+6+methyl+5+hepten+2+one+40+t186+z80um	ses-m4-d26-y2022-ant2-0.48x-6-methyl-5-hepten-2-one-40-t186-z80um
ses-m4+d26+y2022+ant2+0+48x+6+methyl+5+hepten+2+one+40+t186+z85um	ses-m4-d26-y2022-ant2-0.48x-6-methyl-5-hepten-2-one-40-t186-z85um
ses-m4+d26+y2022+ant2+0+48x+6+methyl+5+hepten+2+one+40+t186+z90um	ses-m4-d26-y2022-ant2-0.48x-6-methyl-5-hepten-2-one-40-t186-z90um
ses-m4+d26+y2022+ant2+0+48x+6+methyl+5+hepten+2+one+40+t186+z95um	ses-m4-d26-y2022-ant2-0.48x-6-methyl-5-hepten-2-one-40-t186-z95um
ses-m4+d26+y2022+ant2+0+48x+6+methyl+5+hepten+2+one+40+t191+z0um	ses-m4-d26-y2022-ant2-0.48x-6-methyl-5-hepten-2-one-40-t191-z0um
ses-m4+d26+y2022+ant2+0+48x+6+methyl+5+hepten+2+one+40+t191+z100um	ses-m4-d26-y2022-ant2-0.48x-6-methyl-5-hepten-2-one-40-t191-z100um
ses-m4+d26+y2022+ant2+0+48x+6+methyl+5+hepten+2+one+40+t191+z105um	ses-m4-d26-y2022-ant2-0.48x-6-methyl-5-hepten-2-one-40-t191-z105um
ses-m4+d26+y2022+ant2+0+48x+6+methyl+5+hepten+2+one+40+t191+z10um	ses-m4-d26-y2022-ant2-0.48x-6-methyl-5-hepten-2-one-40-t191-z10um
ses-m4+d26+y2022+ant2+0+48x+6+methyl+5+hepten+2+one+40+t191+z110um	ses-m4-d26-y2022-ant2-0.48x-6-methyl-5-hepten-2-one-40-t191-z110um
ses-m4+d26+y2022+ant2+0+48x+6+methyl+5+hepten+2+one+40+t191+z115um	ses-m4-d26-y2022-ant2-0.48x-6-methyl-5-hepten-2-one-40-t191-z115um
ses-m4+d26+y2022+ant2+0+48x+6+methyl+5+hepten+2+one+40+t191+z120um	ses-m4-d26-y2022-ant2-0.48x-6-methyl-5-hepten-2-one-40-t191-z120um
ses-m4+d26+y2022+ant2+0+48x+6+methyl+5+hepten+2+one+40+t191+z125um	ses-m4-d26-y2022-ant2-0.48x-6-methyl-5-hepten-2-one-40-t191-z125um
ses-m4+d26+y2022+ant2+0+48x+6+methyl+5+hepten+2+one+40+t191+z130um	ses-m4-d26-y2022-ant2-0.48x-6-methyl-5-hepten-2-one-40-t191-z130um
ses-m4+d26+y2022+ant2+0+48x+6+methyl+5+hepten+2+one+40+t191+z135um	ses-m4-d26-y2022-ant2-0.48x-6-methyl-5-hepten-2-one-40-t191-z135um
ses-m4+d26+y2022+ant2+0+48x+6+methyl+5+hepten+2+one+40+t191+z140um	ses-m4-d26-y2022-ant2-0.48x-6-methyl-5-hepten-2-one-40-t191-z140um
ses-m4+d26+y2022+ant2+0+48x+6+methyl+5+hepten+2+one+40+t191+z145um	ses-m4-d26-y2022-ant2-0.48x-6-methyl-5-hepten-2-one-40-t191-z145um
ses-m4+d26+y2022+ant2+0+48x+6+methyl+5+hepten+2+one+40+t191+z150um	ses-m4-d26-y2022-ant2-0.48x-6-methyl-5-hepten-2-one-40-t191-z150um
ses-m4+d26+y2022+ant2+0+48x+6+methyl+5+hepten+2+one+40+t191+z155um	ses-m4-d26-y2022-ant2-0.48x-6-methyl-5-hepten-2-one-40-t191-z155um
ses-m4+d26+y2022+ant2+0+48x+6+methyl+5+hepten+2+one+40+t191+z15um	ses-m4-d26-y2022-ant2-0.48x-6-methyl-5-hepten-2-one-40-t191-z15um
ses-m4+d26+y2022+ant2+0+48x+6+methyl+5+hepten+2+one+40+t191+z160um	ses-m4-d26-y2022-ant2-0.48x-6-methyl-5-hepten-2-one-40-t191-z160um
ses-m4+d26+y2022+ant2+0+48x+6+methyl+5+hepten+2+one+40+t191+z20um	ses-m4-d26-y2022-ant2-0.48x-6-methyl-5-hepten-2-one-40-t191-z20um
ses-m4+d26+y2022+ant2+0+48x+6+methyl+5+hepten+2+one+40+t191+z25um	ses-m4-d26-y2022-ant2-0.48x-6-methyl-5-hepten-2-one-40-t191-z25um
ses-m4+d26+y2022+ant2+0+48x+6+methyl+5+hepten+2+one+40+t191+z30um	ses-m4-d26-y2022-ant2-0.48x-6-methyl-5-hepten-2-one-40-t191-z30um
ses-m4+d26+y2022+ant2+0+48x+6+methyl+5+hepten+2+one+40+t191+z35um	ses-m4-d26-y2022-ant2-0.48x-6-methyl-5-hepten-2-one-40-t191-z35um
ses-m4+d26+y2022+ant2+0+48x+6+methyl+5+hepten+2+one+40+t191+z40um	ses-m4-d26-y2022-ant2-0.48x-6-methyl-5-hepten-2-one-40-t191-z40um
ses-m4+d26+y2022+ant2+0+48x+6+methyl+5+hepten+2+one+40+t191+z45um	ses-m4-d26-y2022-ant2-0.48x-6-methyl-5-hepten-2-one-40-t191-z45um
ses-m4+d26+y2022+ant2+0+48x+6+methyl+5+hepten+2+one+40+t191+z50um	ses-m4-d26-y2022-ant2-0.48x-6-methyl-5-hepten-2-one-40-t191-z50um
ses-m4+d26+y2022+ant2+0+48x+6+methyl+5+hepten+2+one+40+t191+z55um	ses-m4-d26-y2022-ant2-0.48x-6-methyl-5-hepten-2-one-40-t191-z55um
ses-m4+d26+y2022+ant2+0+48x+6+methyl+5+hepten+2+one+40+t191+z5um	ses-m4-d26-y2022-ant2-0.48x-6-methyl-5-hepten-2-one-40-t191-z5um
ses-m4+d26+y2022+ant2+0+48x+6+methyl+5+hepten+2+one+40+t191+z60um	ses-m4-d26-y2022-ant2-0.48x-6-methyl-5-hepten-2-one-40-t191-z60um
ses-m4+d26+y2022+ant2+0+48x+6+methyl+5+hepten+2+one+40+t191+z65um	ses-m4-d26-y2022-ant2-0.48x-6-methyl-5-hepten-2-one-40-t191-z65um
ses-m4+d26+y2022+ant2+0+48x+6+methyl+5+hepten+2+one+40+t191+z70um	ses-m4-d26-y2022-ant2-0.48x-6-methyl-5-hepten-2-one-40-t191-z70um
ses-m4+d26+y2022+ant2+0+48x+6+methyl+5+hepten+2+one+40+t191+z75um	ses-m4-d26-y2022-ant2-0.48x-6-methyl-5-hepten-2-one-40-t191-z75um
ses-m4+d26+y2022+ant2+0+48x+6+methyl+5+hepten+2+one+40+t191+z80um	ses-m4-d26-y2022-ant2-0.48x-6-methyl-5-hepten-2-one-40-t191-z80um
ses-m4+d26+y2022+ant2+0+48x+6+methyl+5+hepten+2+one+40+t191+z85um	ses-m4-d26-y2022-ant2-0.48x-6-methyl-5-hepten-2-one-40-t191-z85um
ses-m4+d26+y2022+ant2+0+48x+6+methyl+5+hepten+2+one+40+t191+z90um	ses-m4-d26-y2022-ant2-0.48x-6-methyl-5-hepten-2-one-40-t191-z90um
ses-m4+d26+y2022+ant2+0+48x+6+methyl+5+hepten+2+one+40+t191+z95um	ses-m4-d26-y2022-ant2-0.48x-6-methyl-5-hepten-2-one-40-t191-z95um
ses-m4+d26+y2022+ant2+1x+isopropanol+40+t161+z0um	ses-m4-d26-y2022-ant2-1x-isopropanol-40-t161-z0um
ses-m4+d26+y2022+ant2+1x+isopropanol+40+t161+z100um	ses-m4-d26-y2022-ant2-1x-isopropanol-40-t161-z100um
ses-m4+d26+y2022+ant2+1x+isopropanol+40+t161+z105um	ses-m4-d26-y2022-ant2-1x-isopropanol-40-t161-z105um
ses-m4+d26+y2022+ant2+1x+isopropanol+40+t161+z10um	ses-m4-d26-y2022-ant2-1x-isopropanol-40-t161-z10um
ses-m4+d26+y2022+ant2+1x+isopropanol+40+t161+z110um	ses-m4-d26-y2022-ant2-1x-isopropanol-40-t161-z110um
ses-m4+d26+y2022+ant2+1x+isopropanol+40+t161+z115um	ses-m4-d26-y2022-ant2-1x-isopropanol-40-t161-z115um
ses-m4+d26+y2022+ant2+1x+isopropanol+40+t161+z120um	ses-m4-d26-y2022-ant2-1x-isopropanol-40-t161-z120um
ses-m4+d26+y2022+ant2+1x+isopropanol+40+t161+z125um	ses-m4-d26-y2022-ant2-1x-isopropanol-40-t161-z125um
ses-m4+d26+y2022+ant2+1x+isopropanol+40+t161+z130um	ses-m4-d26-y2022-ant2-1x-isopropanol-40-t161-z130um
ses-m4+d26+y2022+ant2+1x+isopropanol+40+t161+z135um	ses-m4-d26-y2022-ant2-1x-isopropanol-40-t161-z135um
ses-m4+d26+y2022+ant2+1x+isopropanol+40+t161+z140um	ses-m4-d26-y2022-ant2-1x-isopropanol-40-t161-z140um
ses-m4+d26+y2022+ant2+1x+isopropanol+40+t161+z145um	ses-m4-d26-y2022-ant2-1x-isopropanol-40-t161-z145um
ses-m4+d26+y2022+ant2+1x+isopropanol+40+t161+z150um	ses-m4-d26-y2022-ant2-1x-isopropanol-40-t161-z150um
ses-m4+d26+y2022+ant2+1x+isopropanol+40+t161+z155um	ses-m4-d26-y2022-ant2-1x-isopropanol-40-t161-z155um
ses-m4+d26+y2022+ant2+1x+isopropanol+40+t161+z15um	ses-m4-d26-y2022-ant2-1x-isopropanol-40-t161-z15um
ses-m4+d26+y2022+ant2+1x+isopropanol+40+t161+z160um	ses-m4-d26-y2022-ant2-1x-isopropanol-40-t161-z160um
ses-m4+d26+y2022+ant2+1x+isopropanol+40+t161+z20um	ses-m4-d26-y2022-ant2-1x-isopropanol-40-t161-z20um
ses-m4+d26+y2022+ant2+1x+isopropanol+40+t161+z25um	ses-m4-d26-y2022-ant2-1x-isopropanol-40-t161-z25um
ses-m4+d26+y2022+ant2+1x+isopropanol+40+t161+z30um	ses-m4-d26-y2022-ant2-1x-isopropanol-40-t161-z30um
ses-m4+d26+y2022+ant2+1x+isopropanol+40+t161+z35um	ses-m4-d26-y2022-ant2-1x-isopropanol-40-t161-z35um
ses-m4+d26+y2022+ant2+1x+isopropanol+40+t161+z40um	ses-m4-d26-y2022-ant2-1x-isopropanol-40-t161-z40um
ses-m4+d26+y2022+ant2+1x+isopropanol+40+t161+z45um	ses-m4-d26-y2022-ant2-1x-isopropanol-40-t161-z45um
ses-m4+d26+y2022+ant2+1x+isopropanol+40+t161+z50um	ses-m4-d26-y2022-ant2-1x-isopropanol-40-t161-z50um
ses-m4+d26+y2022+ant2+1x+isopropanol+40+t161+z55um	ses-m4-d26-y2022-ant2-1x-isopropanol-40-t161-z55um
ses-m4+d26+y2022+ant2+1x+isopropanol+40+t161+z5um	ses-m4-d26-y2022-ant2-1x-isopropanol-40-t161-z5um
ses-m4+d26+y2022+ant2+1x+isopropanol+40+t161+z60um	ses-m4-d26-y2022-ant2-1x-isopropanol-40-t161-z60um
ses-m4+d26+y2022+ant2+1x+isopropanol+40+t161+z65um	ses-m4-d26-y2022-ant2-1x-isopropanol-40-t161-z65um
ses-m4+d26+y2022+ant2+1x+isopropanol+40+t161+z70um	ses-m4-d26-y2022-ant2-1x-isopropanol-40-t161-z70um
ses-m4+d26+y2022+ant2+1x+isopropanol+40+t161+z75um	ses-m4-d26-y2022-ant2-1x-isopropanol-40-t161-z75um
ses-m4+d26+y2022+ant2+1x+isopropanol+40+t161+z80um	ses-m4-d26-y2022-ant2-1x-isopropanol-40-t161-z80um
ses-m4+d26+y2022+ant2+1x+isopropanol+40+t161+z85um	ses-m4-d26-y2022-ant2-1x-isopropanol-40-t161-z85um
ses-m4+d26+y2022+ant2+1x+isopropanol+40+t161+z90um	ses-m4-d26-y2022-ant2-1x-isopropanol-40-t161-z90um
ses-m4+d26+y2022+ant2+1x+isopropanol+40+t161+z95um	ses-m4-d26-y2022-ant2-1x-isopropanol-40-t161-z95um
ses-m4+d26+y2022+ant2+1x+paraffin+oil+40+t160+z0um	ses-m4-d26-y2022-ant2-1x-paraffin-oil-40-t160-z0um
ses-m4+d26+y2022+ant2+1x+paraffin+oil+40+t160+z100um	ses-m4-d26-y2022-ant2-1x-paraffin-oil-40-t160-z100um
ses-m4+d26+y2022+ant2+1x+paraffin+oil+40+t160+z105um	ses-m4-d26-y2022-ant2-1x-paraffin-oil-40-t160-z105um
ses-m4+d26+y2022+ant2+1x+paraffin+oil+40+t160+z10um	ses-m4-d26-y2022-ant2-1x-paraffin-oil-40-t160-z10um
ses-m4+d26+y2022+ant2+1x+paraffin+oil+40+t160+z110um	ses-m4-d26-y2022-ant2-1x-paraffin-oil-40-t160-z110um
ses-m4+d26+y2022+ant2+1x+paraffin+oil+40+t160+z115um	ses-m4-d26-y2022-ant2-1x-paraffin-oil-40-t160-z115um
ses-m4+d26+y2022+ant2+1x+paraffin+oil+40+t160+z120um	ses-m4-d26-y2022-ant2-1x-paraffin-oil-40-t160-z120um
ses-m4+d26+y2022+ant2+1x+paraffin+oil+40+t160+z125um	ses-m4-d26-y2022-ant2-1x-paraffin-oil-40-t160-z125um
ses-m4+d26+y2022+ant2+1x+paraffin+oil+40+t160+z130um	ses-m4-d26-y2022-ant2-1x-paraffin-oil-40-t160-z130um
ses-m4+d26+y2022+ant2+1x+paraffin+oil+40+t160+z135um	ses-m4-d26-y2022-ant2-1x-paraffin-oil-40-t160-z135um
ses-m4+d26+y2022+ant2+1x+paraffin+oil+40+t160+z140um	ses-m4-d26-y2022-ant2-1x-paraffin-oil-40-t160-z140um
ses-m4+d26+y2022+ant2+1x+paraffin+oil+40+t160+z145um	ses-m4-d26-y2022-ant2-1x-paraffin-oil-40-t160-z145um
ses-m4+d26+y2022+ant2+1x+paraffin+oil+40+t160+z150um	ses-m4-d26-y2022-ant2-1x-paraffin-oil-40-t160-z150um
ses-m4+d26+y2022+ant2+1x+paraffin+oil+40+t160+z155um	ses-m4-d26-y2022-ant2-1x-paraffin-oil-40-t160-z155um
ses-m4+d26+y2022+ant2+1x+paraffin+oil+40+t160+z15um	ses-m4-d26-y2022-ant2-1x-paraffin-oil-40-t160-z15um
ses-m4+d26+y2022+ant2+1x+paraffin+oil+40+t160+z160um	ses-m4-d26-y2022-ant2-1x-paraffin-oil-40-t160-z160um
ses-m4+d26+y2022+ant2+1x+paraffin+oil+40+t160+z20um	ses-m4-d26-y2022-ant2-1x-paraffin-oil-40-t160-z20um
ses-m4+d26+y2022+ant2+1x+paraffin+oil+40+t160+z25um	ses-m4-d26-y2022-ant2-1x-paraffin-oil-40-t160-z25um
ses-m4+d26+y2022+ant2+1x+paraffin+oil+40+t160+z30um	ses-m4-d26-y2022-ant2-1x-paraffin-oil-40-t160-z30um
ses-m4+d26+y2022+ant2+1x+paraffin+oil+40+t160+z35um	ses-m4-d26-y2022-ant2-1x-paraffin-oil-40-t160-z35um
ses-m4+d26+y2022+ant2+1x+paraffin+oil+40+t160+z40um	ses-m4-d26-y2022-ant2-1x-paraffin-oil-40-t160-z40um
ses-m4+d26+y2022+ant2+1x+paraffin+oil+40+t160+z45um	ses-m4-d26-y2022-ant2-1x-paraffin-oil-40-t160-z45um
ses-m4+d26+y2022+ant2+1x+paraffin+oil+40+t160+z50um	ses-m4-d26-y2022-ant2-1x-paraffin-oil-40-t160-z50um
ses-m4+d26+y2022+ant2+1x+paraffin+oil+40+t160+z55um	ses-m4-d26-y2022-ant2-1x-paraffin-oil-40-t160-z55um
ses-m4+d26+y2022+ant2+1x+paraffin+oil+40+t160+z5um	ses-m4-d26-y2022-ant2-1x-paraffin-oil-40-t160-z5um
ses-m4+d26+y2022+ant2+1x+paraffin+oil+40+t160+z60um	ses-m4-d26-y2022-ant2-1x-paraffin-oil-40-t160-z60um
ses-m4+d26+y2022+ant2+1x+paraffin+oil+40+t160+z65um	ses-m4-d26-y2022-ant2-1x-paraffin-oil-40-t160-z65um
ses-m4+d26+y2022+ant2+1x+paraffin+oil+40+t160+z70um	ses-m4-d26-y2022-ant2-1x-paraffin-oil-40-t160-z70um
ses-m4+d26+y2022+ant2+1x+paraffin+oil+40+t160+z75um	ses-m4-d26-y2022-ant2-1x-paraffin-oil-40-t160-z75um
ses-m4+d26+y2022+ant2+1x+paraffin+oil+40+t160+z80um	ses-m4-d26-y2022-ant2-1x-paraffin-oil-40-t160-z80um
ses-m4+d26+y2022+ant2+1x+paraffin+oil+40+t160+z85um	ses-m4-d26-y2022-ant2-1x-paraffin-oil-40-t160-z85um
ses-m4+d26+y2022+ant2+1x+paraffin+oil+40+t160+z90um	ses-m4-d26-y2022-ant2-1x-paraffin-oil-40-t160-z90um
ses-m4+d26+y2022+ant2+1x+paraffin+oil+40+t160+z95um	ses-m4-d26-y2022-ant2-1x-paraffin-oil-40-t160-z95um
