session_id	original_session_id
ses-m4+d20+y2022+ant4+0+03x+4+methyl+3+heptanol+40+t199+z0um	ses-m4-d20-y2022-ant4-0.03x-4-methyl-3-heptanol-40-t199-z0um
ses-m4+d20+y2022+ant4+0+03x+4+methyl+3+heptanol+40+t199+z100um	ses-m4-d20-y2022-ant4-0.03x-4-methyl-3-heptanol-40-t199-z100um
ses-m4+d20+y2022+ant4+0+03x+4+methyl+3+heptanol+40+t199+z105um	ses-m4-d20-y2022-ant4-0.03x-4-methyl-3-heptanol-40-t199-z105um
ses-m4+d20+y2022+ant4+0+03x+4+methyl+3+heptanol+40+t199+z10um	ses-m4-d20-y2022-ant4-0.03x-4-methyl-3-heptanol-40-t199-z10um
ses-m4+d20+y2022+ant4+0+03x+4+methyl+3+heptanol+40+t199+z110um	ses-m4-d20-y2022-ant4-0.03x-4-methyl-3-heptanol-40-t199-z110um
ses-m4+d20+y2022+ant4+0+03x+4+methyl+3+heptanol+40+t199+z115um	ses-m4-d20-y2022-ant4-0.03x-4-methyl-3-heptanol-40-t199-z115um
ses-m4+d20+y2022+ant4+0+03x+4+methyl+3+heptanol+40+t199+z120um	ses-m4-d20-y2022-ant4-0.03x-4-methyl-3-heptanol-40-t199-z120um
ses-m4+d20+y2022+ant4+0+03x+4+methyl+3+heptanol+40+t199+z125um	ses-m4-d20-y2022-ant4-0.03x-4-methyl-3-heptanol-40-t199-z125um
ses-m4+d20+y2022+ant4+0+03x+4+methyl+3+heptanol+40+t199+z130um	ses-m4-d20-y2022-ant4-0.03x-4-methyl-3-heptanol-40-t199-z130um
ses-m4+d20+y2022+ant4+0+03x+4+methyl+3+heptanol+40+t199+z135um	ses-m4-d20-y2022-ant4-0.03x-4-methyl-3-heptanol-40-t199-z135um
ses-m4+d20+y2022+ant4+0+03x+4+methyl+3+heptanol+40+t199+z140um	ses-m4-d20-y2022-ant4-0.03x-4-methyl-3-heptanol-40-t199-z140um
ses-m4+d20+y2022+ant4+0+03x+4+methyl+3+heptanol+40+t199+z145um	ses-m4-d20-y2022-ant4-0.03x-4-methyl-3-heptanol-40-t199-z145um
ses-m4+d20+y2022+ant4+0+03x+4+methyl+3+heptanol+40+t199+z150um	ses-m4-d20-y2022-ant4-0.03x-4-methyl-3-heptanol-40-t199-z150um
ses-m4+d20+y2022+ant4+0+03x+4+methyl+3+heptanol+40+t199+z155um	ses-m4-d20-y2022-ant4-0.03x-4-methyl-3-heptanol-40-t199-z155um
ses-m4+d20+y2022+ant4+0+03x+4+methyl+3+heptanol+40+t199+z15um	ses-m4-d20-y2022-ant4-0.03x-4-methyl-3-heptanol-40-t199-z15um
ses-m4+d20+y2022+ant4+0+03x+4+methyl+3+heptanol+40+t199+z160um	ses-m4-d20-y2022-ant4-0.03x-4-methyl-3-heptanol-40-t199-z160um
ses-m4+d20+y2022+ant4+0+03x+4+methyl+3+heptanol+40+t199+z20um	ses-m4-d20-y2022-ant4-0.03x-4-methyl-3-heptanol-40-t199-z20um
ses-m4+d20+y2022+ant4+0+03x+4+methyl+3+heptanol+40+t199+z25um	ses-m4-d20-y2022-ant4-0.03x-4-methyl-3-heptanol-40-t199-z25um
ses-m4+d20+y2022+ant4+0+03x+4+methyl+3+heptanol+40+t199+z30um	ses-m4-d20-y2022-ant4-0.03x-4-methyl-3-heptanol-40-t199-z30um
ses-m4+d20+y2022+ant4+0+03x+4+methyl+3+heptanol+40+t199+z35um	ses-m4-d20-y2022-ant4-0.03x-4-methyl-3-heptanol-40-t199-z35um
ses-m4+d20+y2022+ant4+0+03x+4+methyl+3+heptanol+40+t199+z40um	ses-m4-d20-y2022-ant4-0.03x-4-methyl-3-heptanol-40-t199-z40um
ses-m4+d20+y2022+ant4+0+03x+4+methyl+3+heptanol+40+t199+z45um	ses-m4-d20-y2022-ant4-0.03x-4-methyl-3-heptanol-40-t199-z45um
ses-m4+d20+y2022+ant4+0+03x+4+methyl+3+heptanol+40+t199+z50um	ses-m4-d20-y2022-ant4-0.03x-4-methyl-3-heptanol-40-t199-z50um
ses-m4+d20+y2022+ant4+0+03x+4+methyl+3+heptanol+40+t199+z55um	ses-m4-d20-y2022-ant4-0.03x-4-methyl-3-heptanol-40-t199-z55um
ses-m4+d20+y2022+ant4+0+03x+4+methyl+3+heptanol+40+t199+z5um	ses-m4-d20-y2022-ant4-0.03x-4-methyl-3-heptanol-40-t199-z5um
ses-m4+d20+y2022+ant4+0+03x+4+methyl+3+heptanol+40+t199+z60um	ses-m4-d20-y2022-ant4-0.03x-4-methyl-3-heptanol-40-t199-z60um
ses-m4+d20+y2022+ant4+0+03x+4+methyl+3+heptanol+40+t199+z65um	ses-m4-d20-y2022-ant4-0.03x-4-methyl-3-heptanol-40-t199-z65um
ses-m4+d20+y2022+ant4+0+03x+4+methyl+3+heptanol+40+t199+z70um	ses-m4-d20-y2022-ant4-0.03x-4-methyl-3-heptanol-40-t199-z70um
ses-m4+d20+y2022+ant4+0+03x+4+methyl+3+heptanol+40+t199+z75um	ses-m4-d20-y2022-ant4-0.03x-4-methyl-3-heptanol-40-t199-z75um
ses-m4+d20+y2022+ant4+0+03x+4+methyl+3+heptanol+40+t199+z80um	ses-m4-d20-y2022-ant4-0.03x-4-methyl-3-heptanol-40-t199-z80um
ses-m4+d20+y2022+ant4+0+03x+4+methyl+3+heptanol+40+t199+z85um	ses-m4-d20-y2022-ant4-0.03x-4-methyl-3-heptanol-40-t199-z85um
ses-m4+d20+y2022+ant4+0+03x+4+methyl+3+heptanol+40+t199+z90um	ses-m4-d20-y2022-ant4-0.03x-4-methyl-3-heptanol-40-t199-z90um
ses-m4+d20+y2022+ant4+0+03x+4+methyl+3+heptanol+40+t199+z95um	ses-m4-d20-y2022-ant4-0.03x-4-methyl-3-heptanol-40-t199-z95um
ses-m4+d20+y2022+ant4+0+03x+4+methyl+3+heptanol+40+t204+z0um	ses-m4-d20-y2022-ant4-0.03x-4-methyl-3-heptanol-40-t204-z0um
ses-m4+d20+y2022+ant4+0+03x+4+methyl+3+heptanol+40+t204+z100um	ses-m4-d20-y2022-ant4-0.03x-4-methyl-3-heptanol-40-t204-z100um
ses-m4+d20+y2022+ant4+0+03x+4+methyl+3+heptanol+40+t204+z105um	ses-m4-d20-y2022-ant4-0.03x-4-methyl-3-heptanol-40-t204-z105um
ses-m4+d20+y2022+ant4+0+03x+4+methyl+3+heptanol+40+t204+z10um	ses-m4-d20-y2022-ant4-0.03x-4-methyl-3-heptanol-40-t204-z10um
ses-m4+d20+y2022+ant4+0+03x+4+methyl+3+heptanol+40+t204+z110um	ses-m4-d20-y2022-ant4-0.03x-4-methyl-3-heptanol-40-t204-z110um
ses-m4+d20+y2022+ant4+0+03x+4+methyl+3+heptanol+40+t204+z115um	ses-m4-d20-y2022-ant4-0.03x-4-methyl-3-heptanol-40-t204-z115um
ses-m4+d20+y2022+ant4+0+03x+4+methyl+3+heptanol+40+t204+z120um	ses-m4-d20-y2022-ant4-0.03x-4-methyl-3-heptanol-40-t204-z120um
ses-m4+d20+y2022+ant4+0+03x+4+methyl+3+heptanol+40+t204+z125um	ses-m4-d20-y2022-ant4-0.03x-4-methyl-3-heptanol-40-t204-z125um
ses-m4+d20+y2022+ant4+0+03x+4+methyl+3+heptanol+40+t204+z130um	ses-m4-d20-y2022-ant4-0.03x-4-methyl-3-heptanol-40-t204-z130um
ses-m4+d20+y2022+ant4+0+03x+4+methyl+3+heptanol+40+t204+z135um	ses-m4-d20-y2022-ant4-0.03x-4-methyl-3-heptanol-40-t204-z135um
ses-m4+d20+y2022+ant4+0+03x+4+methyl+3+heptanol+40+t204+z140um	ses-m4-d20-y2022-ant4-0.03x-4-methyl-3-heptanol-40-t204-z140um
ses-m4+d20+y2022+ant4+0+03x+4+methyl+3+heptanol+40+t204+z145um	ses-m4-d20-y2022-ant4-0.03x-4-methyl-3-heptanol-40-t204-z145um
ses-m4+d20+y2022+ant4+0+03x+4+methyl+3+heptanol+40+t204+z150um	ses-m4-d20-y2022-ant4-0.03x-4-methyl-3-heptanol-40-t204-z150um
ses-m4+d20+y2022+ant4+0+03x+4+methyl+3+heptanol+40+t204+z155um	ses-m4-d20-y2022-ant4-0.03x-4-methyl-3-heptanol-40-t204-z155um
ses-m4+d20+y2022+ant4+0+03x+4+methyl+3+heptanol+40+t204+z15um	ses-m4-d20-y2022-ant4-0.03x-4-methyl-3-heptanol-40-t204-z15um
ses-m4+d20+y2022+ant4+0+03x+4+methyl+3+heptanol+40+t204+z160um	ses-m4-d20-y2022-ant4-0.03x-4-methyl-3-heptanol-40-t204-z160um
ses-m4+d20+y2022+ant4+0+03x+4+methyl+3+heptanol+40+t204+z20um	ses-m4-d20-y2022-ant4-0.03x-4-methyl-3-heptanol-40-t204-z20um
ses-m4+d20+y2022+ant4+0+03x+4+methyl+3+heptanol+40+t204+z25um	ses-m4-d20-y2022-ant4-0.03x-4-methyl-3-heptanol-40-t204-z25um
ses-m4+d20+y2022+ant4+0+03x+4+methyl+3+heptanol+40+t204+z30um	ses-m4-d20-y2022-ant4-0.03x-4-methyl-3-heptanol-40-t204-z30um
ses-m4+d20+y2022+ant4+0+03x+4+methyl+3+heptanol+40+t204+z35um	ses-m4-d20-y2022-ant4-0.03x-4-methyl-3-heptanol-40-t204-z35um
ses-m4+d20+y2022+ant4+0+03x+4+methyl+3+heptanol+40+t204+z40um	ses-m4-d20-y2022-ant4-0.03x-4-methyl-3-heptanol-40-t204-z40um
ses-m4+d20+y2022+ant4+0+03x+4+methyl+3+heptanol+40+t204+z45um	ses-m4-d20-y2022-ant4-0.03x-4-methyl-3-heptanol-40-t204-z45um
ses-m4+d20+y2022+ant4+0+03x+4+methyl+3+heptanol+40+t204+z50um	ses-m4-d20-y2022-ant4-0.03x-4-methyl-3-heptanol-40-t204-z50um
ses-m4+d20+y2022+ant4+0+03x+4+methyl+3+heptanol+40+t204+z55um	ses-m4-d20-y2022-ant4-0.03x-4-methyl-3-heptanol-40-t204-z55um
ses-m4+d20+y2022+ant4+0+03x+4+methyl+3+heptanol+40+t204+z5um	ses-m4-d20-y2022-ant4-0.03x-4-methyl-3-heptanol-40-t204-z5um
ses-m4+d20+y2022+ant4+0+03x+4+methyl+3+heptanol+40+t204+z60um	ses-m4-d20-y2022-ant4-0.03x-4-methyl-3-heptanol-40-t204-z60um
ses-m4+d20+y2022+ant4+0+03x+4+methyl+3+heptanol+40+t204+z65um	ses-m4-d20-y2022-ant4-0.03x-4-methyl-3-heptanol-40-t204-z65um
ses-m4+d20+y2022+ant4+0+03x+4+methyl+3+heptanol+40+t204+z70um	ses-m4-d20-y2022-ant4-0.03x-4-methyl-3-heptanol-40-t204-z70um
ses-m4+d20+y2022+ant4+0+03x+4+methyl+3+heptanol+40+t204+z75um	ses-m4-d20-y2022-ant4-0.03x-4-methyl-3-heptanol-40-t204-z75um
ses-m4+d20+y2022+ant4+0+03x+4+methyl+3+heptanol+40+t204+z80um	ses-m4-d20-y2022-ant4-0.03x-4-methyl-3-heptanol-40-t204-z80um
ses-m4+d20+y2022+ant4+0+03x+4+methyl+3+heptanol+40+t204+z85um	ses-m4-d20-y2022-ant4-0.03x-4-methyl-3-heptanol-40-t204-z85um
ses-m4+d20+y2022+ant4+0+03x+4+methyl+3+heptanol+40+t204+z90um	ses-m4-d20-y2022-ant4-0.03x-4-methyl-3-heptanol-40-t204-z90um
ses-m4+d20+y2022+ant4+0+03x+4+methyl+3+heptanol+40+t204+z95um	ses-m4-d20-y2022-ant4-0.03x-4-methyl-3-heptanol-40-t204-z95um
ses-m4+d20+y2022+ant4+0+03x+4+methyl+3+heptanol+40+t209+z0um	ses-m4-d20-y2022-ant4-0.03x-4-methyl-3-heptanol-40-t209-z0um
ses-m4+d20+y2022+ant4+0+03x+4+methyl+3+heptanol+40+t209+z100um	ses-m4-d20-y2022-ant4-0.03x-4-methyl-3-heptanol-40-t209-z100um
ses-m4+d20+y2022+ant4+0+03x+4+methyl+3+heptanol+40+t209+z105um	ses-m4-d20-y2022-ant4-0.03x-4-methyl-3-heptanol-40-t209-z105um
ses-m4+d20+y2022+ant4+0+03x+4+methyl+3+heptanol+40+t209+z10um	ses-m4-d20-y2022-ant4-0.03x-4-methyl-3-heptanol-40-t209-z10um
ses-m4+d20+y2022+ant4+0+03x+4+methyl+3+heptanol+40+t209+z110um	ses-m4-d20-y2022-ant4-0.03x-4-methyl-3-heptanol-40-t209-z110um
ses-m4+d20+y2022+ant4+0+03x+4+methyl+3+heptanol+40+t209+z115um	ses-m4-d20-y2022-ant4-0.03x-4-methyl-3-heptanol-40-t209-z115um
ses-m4+d20+y2022+ant4+0+03x+4+methyl+3+heptanol+40+t209+z120um	ses-m4-d20-y2022-ant4-0.03x-4-methyl-3-heptanol-40-t209-z120um
ses-m4+d20+y2022+ant4+0+03x+4+methyl+3+heptanol+40+t209+z125um	ses-m4-d20-y2022-ant4-0.03x-4-methyl-3-heptanol-40-t209-z125um
ses-m4+d20+y2022+ant4+0+03x+4+methyl+3+heptanol+40+t209+z130um	ses-m4-d20-y2022-ant4-0.03x-4-methyl-3-heptanol-40-t209-z130um
ses-m4+d20+y2022+ant4+0+03x+4+methyl+3+heptanol+40+t209+z135um	ses-m4-d20-y2022-ant4-0.03x-4-methyl-3-heptanol-40-t209-z135um
ses-m4+d20+y2022+ant4+0+03x+4+methyl+3+heptanol+40+t209+z140um	ses-m4-d20-y2022-ant4-0.03x-4-methyl-3-heptanol-40-t209-z140um
ses-m4+d20+y2022+ant4+0+03x+4+methyl+3+heptanol+40+t209+z145um	ses-m4-d20-y2022-ant4-0.03x-4-methyl-3-heptanol-40-t209-z145um
ses-m4+d20+y2022+ant4+0+03x+4+methyl+3+heptanol+40+t209+z150um	ses-m4-d20-y2022-ant4-0.03x-4-methyl-3-heptanol-40-t209-z150um
ses-m4+d20+y2022+ant4+0+03x+4+methyl+3+heptanol+40+t209+z155um	ses-m4-d20-y2022-ant4-0.03x-4-methyl-3-heptanol-40-t209-z155um
ses-m4+d20+y2022+ant4+0+03x+4+methyl+3+heptanol+40+t209+z15um	ses-m4-d20-y2022-ant4-0.03x-4-methyl-3-heptanol-40-t209-z15um
ses-m4+d20+y2022+ant4+0+03x+4+methyl+3+heptanol+40+t209+z160um	ses-m4-d20-y2022-ant4-0.03x-4-methyl-3-heptanol-40-t209-z160um
ses-m4+d20+y2022+ant4+0+03x+4+methyl+3+heptanol+40+t209+z20um	ses-m4-d20-y2022-ant4-0.03x-4-methyl-3-heptanol-40-t209-z20um
ses-m4+d20+y2022+ant4+0+03x+4+methyl+3+heptanol+40+t209+z25um	ses-m4-d20-y2022-ant4-0.03x-4-methyl-3-heptanol-40-t209-z25um
ses-m4+d20+y2022+ant4+0+03x+4+methyl+3+heptanol+40+t209+z30um	ses-m4-d20-y2022-ant4-0.03x-4-methyl-3-heptanol-40-t209-z30um
ses-m4+d20+y2022+ant4+0+03x+4+methyl+3+heptanol+40+t209+z35um	ses-m4-d20-y2022-ant4-0.03x-4-methyl-3-heptanol-40-t209-z35um
ses-m4+d20+y2022+ant4+0+03x+4+methyl+3+heptanol+40+t209+z40um	ses-m4-d20-y2022-ant4-0.03x-4-methyl-3-heptanol-40-t209-z40um
ses-m4+d20+y2022+ant4+0+03x+4+methyl+3+heptanol+40+t209+z45um	ses-m4-d20-y2022-ant4-0.03x-4-methyl-3-heptanol-40-t209-z45um
ses-m4+d20+y2022+ant4+0+03x+4+methyl+3+heptanol+40+t209+z50um	ses-m4-d20-y2022-ant4-0.03x-4-methyl-3-heptanol-40-t209-z50um
ses-m4+d20+y2022+ant4+0+03x+4+methyl+3+heptanol+40+t209+z55um	ses-m4-d20-y2022-ant4-0.03x-4-methyl-3-heptanol-40-t209-z55um
ses-m4+d20+y2022+ant4+0+03x+4+methyl+3+heptanol+40+t209+z5um	ses-m4-d20-y2022-ant4-0.03x-4-methyl-3-heptanol-40-t209-z5um
ses-m4+d20+y2022+ant4+0+03x+4+methyl+3+heptanol+40+t209+z60um	ses-m4-d20-y2022-ant4-0.03x-4-methyl-3-heptanol-40-t209-z60um
ses-m4+d20+y2022+ant4+0+03x+4+methyl+3+heptanol+40+t209+z65um	ses-m4-d20-y2022-ant4-0.03x-4-methyl-3-heptanol-40-t209-z65um
ses-m4+d20+y2022+ant4+0+03x+4+methyl+3+heptanol+40+t209+z70um	ses-m4-d20-y2022-ant4-0.03x-4-methyl-3-heptanol-40-t209-z70um
ses-m4+d20+y2022+ant4+0+03x+4+methyl+3+heptanol+40+t209+z75um	ses-m4-d20-y2022-ant4-0.03x-4-methyl-3-heptanol-40-t209-z75um
ses-m4+d20+y2022+ant4+0+03x+4+methyl+3+heptanol+40+t209+z80um	ses-m4-d20-y2022-ant4-0.03x-4-methyl-3-heptanol-40-t209-z80um
ses-m4+d20+y2022+ant4+0+03x+4+methyl+3+heptanol+40+t209+z85um	ses-m4-d20-y2022-ant4-0.03x-4-methyl-3-heptanol-40-t209-z85um
ses-m4+d20+y2022+ant4+0+03x+4+methyl+3+heptanol+40+t209+z90um	ses-m4-d20-y2022-ant4-0.03x-4-methyl-3-heptanol-40-t209-z90um
ses-m4+d20+y2022+ant4+0+03x+4+methyl+3+heptanol+40+t209+z95um	ses-m4-d20-y2022-ant4-0.03x-4-methyl-3-heptanol-40-t209-z95um
ses-m4+d20+y2022+ant4+0+03x+4+methyl+3+heptanone+40+t198+z0um	ses-m4-d20-y2022-ant4-0.03x-4-methyl-3-heptanone-40-t198-z0um
ses-m4+d20+y2022+ant4+0+03x+4+methyl+3+heptanone+40+t198+z100um	ses-m4-d20-y2022-ant4-0.03x-4-methyl-3-heptanone-40-t198-z100um
ses-m4+d20+y2022+ant4+0+03x+4+methyl+3+heptanone+40+t198+z105um	ses-m4-d20-y2022-ant4-0.03x-4-methyl-3-heptanone-40-t198-z105um
ses-m4+d20+y2022+ant4+0+03x+4+methyl+3+heptanone+40+t198+z10um	ses-m4-d20-y2022-ant4-0.03x-4-methyl-3-heptanone-40-t198-z10um
ses-m4+d20+y2022+ant4+0+03x+4+methyl+3+heptanone+40+t198+z110um	ses-m4-d20-y2022-ant4-0.03x-4-methyl-3-heptanone-40-t198-z110um
ses-m4+d20+y2022+ant4+0+03x+4+methyl+3+heptanone+40+t198+z115um	ses-m4-d20-y2022-ant4-0.03x-4-methyl-3-heptanone-40-t198-z115um
ses-m4+d20+y2022+ant4+0+03x+4+methyl+3+heptanone+40+t198+z120um	ses-m4-d20-y2022-ant4-0.03x-4-methyl-3-heptanone-40-t198-z120um
ses-m4+d20+y2022+ant4+0+03x+4+methyl+3+heptanone+40+t198+z125um	ses-m4-d20-y2022-ant4-0.03x-4-methyl-3-heptanone-40-t198-z125um
ses-m4+d20+y2022+ant4+0+03x+4+methyl+3+heptanone+40+t198+z130um	ses-m4-d20-y2022-ant4-0.03x-4-methyl-3-heptanone-40-t198-z130um
ses-m4+d20+y2022+ant4+0+03x+4+methyl+3+heptanone+40+t198+z135um	ses-m4-d20-y2022-ant4-0.03x-4-methyl-3-heptanone-40-t198-z135um
ses-m4+d20+y2022+ant4+0+03x+4+methyl+3+heptanone+40+t198+z140um	ses-m4-d20-y2022-ant4-0.03x-4-methyl-3-heptanone-40-t198-z140um
ses-m4+d20+y2022+ant4+0+03x+4+methyl+3+heptanone+40+t198+z145um	ses-m4-d20-y2022-ant4-0.03x-4-methyl-3-heptanone-40-t198-z145um
ses-m4+d20+y2022+ant4+0+03x+4+methyl+3+heptanone+40+t198+z150um	ses-m4-d20-y2022-ant4-0.03x-4-methyl-3-heptanone-40-t198-z150um
ses-m4+d20+y2022+ant4+0+03x+4+methyl+3+heptanone+40+t198+z155um	ses-m4-d20-y2022-ant4-0.03x-4-methyl-3-heptanone-40-t198-z155um
ses-m4+d20+y2022+ant4+0+03x+4+methyl+3+heptanone+40+t198+z15um	ses-m4-d20-y2022-ant4-0.03x-4-methyl-3-heptanone-40-t198-z15um
ses-m4+d20+y2022+ant4+0+03x+4+methyl+3+heptanone+40+t198+z160um	ses-m4-d20-y2022-ant4-0.03x-4-methyl-3-heptanone-40-t198-z160um
ses-m4+d20+y2022+ant4+0+03x+4+methyl+3+heptanone+40+t198+z20um	ses-m4-d20-y2022-ant4-0.03x-4-methyl-3-heptanone-40-t198-z20um
ses-m4+d20+y2022+ant4+0+03x+4+methyl+3+heptanone+40+t198+z25um	ses-m4-d20-y2022-ant4-0.03x-4-methyl-3-heptanone-40-t198-z25um
ses-m4+d20+y2022+ant4+0+03x+4+methyl+3+heptanone+40+t198+z30um	ses-m4-d20-y2022-ant4-0.03x-4-methyl-3-heptanone-40-t198-z30um
ses-m4+d20+y2022+ant4+0+03x+4+methyl+3+heptanone+40+t198+z35um	ses-m4-d20-y2022-ant4-0.03x-4-methyl-3-heptanone-40-t198-z35um
ses-m4+d20+y2022+ant4+0+03x+4+methyl+3+heptanone+40+t198+z40um	ses-m4-d20-y2022-ant4-0.03x-4-methyl-3-heptanone-40-t198-z40um
ses-m4+d20+y2022+ant4+0+03x+4+methyl+3+heptanone+40+t198+z45um	ses-m4-d20-y2022-ant4-0.03x-4-methyl-3-heptanone-40-t198-z45um
ses-m4+d20+y2022+ant4+0+03x+4+methyl+3+heptanone+40+t198+z50um	ses-m4-d20-y2022-ant4-0.03x-4-methyl-3-heptanone-40-t198-z50um
ses-m4+d20+y2022+ant4+0+03x+4+methyl+3+heptanone+40+t198+z55um	ses-m4-d20-y2022-ant4-0.03x-4-methyl-3-heptanone-40-t198-z55um
ses-m4+d20+y2022+ant4+0+03x+4+methyl+3+heptanone+40+t198+z5um	ses-m4-d20-y2022-ant4-0.03x-4-methyl-3-heptanone-40-t198-z5um
ses-m4+d20+y2022+ant4+0+03x+4+methyl+3+heptanone+40+t198+z60um	ses-m4-d20-y2022-ant4-0.03x-4-methyl-3-heptanone-40-t198-z60um
ses-m4+d20+y2022+ant4+0+03x+4+methyl+3+heptanone+40+t198+z65um	ses-m4-d20-y2022-ant4-0.03x-4-methyl-3-heptanone-40-t198-z65um
ses-m4+d20+y2022+ant4+0+03x+4+methyl+3+heptanone+40+t198+z70um	ses-m4-d20-y2022-ant4-0.03x-4-methyl-3-heptanone-40-t198-z70um
ses-m4+d20+y2022+ant4+0+03x+4+methyl+3+heptanone+40+t198+z75um	ses-m4-d20-y2022-ant4-0.03x-4-methyl-3-heptanone-40-t198-z75um
ses-m4+d20+y2022+ant4+0+03x+4+methyl+3+heptanone+40+t198+z80um	ses-m4-d20-y2022-ant4-0.03x-4-methyl-3-heptanone-40-t198-z80um
ses-m4+d20+y2022+ant4+0+03x+4+methyl+3+heptanone+40+t198+z85um	ses-m4-d20-y2022-ant4-0.03x-4-methyl-3-heptanone-40-t198-z85um
ses-m4+d20+y2022+ant4+0+03x+4+methyl+3+heptanone+40+t198+z90um	ses-m4-d20-y2022-ant4-0.03x-4-methyl-3-heptanone-40-t198-z90um
ses-m4+d20+y2022+ant4+0+03x+4+methyl+3+heptanone+40+t198+z95um	ses-m4-d20-y2022-ant4-0.03x-4-methyl-3-heptanone-40-t198-z95um
ses-m4+d20+y2022+ant4+0+03x+4+methyl+3+heptanone+40+t203+z0um	ses-m4-d20-y2022-ant4-0.03x-4-methyl-3-heptanone-40-t203-z0um
ses-m4+d20+y2022+ant4+0+03x+4+methyl+3+heptanone+40+t203+z100um	ses-m4-d20-y2022-ant4-0.03x-4-methyl-3-heptanone-40-t203-z100um
ses-m4+d20+y2022+ant4+0+03x+4+methyl+3+heptanone+40+t203+z105um	ses-m4-d20-y2022-ant4-0.03x-4-methyl-3-heptanone-40-t203-z105um
ses-m4+d20+y2022+ant4+0+03x+4+methyl+3+heptanone+40+t203+z10um	ses-m4-d20-y2022-ant4-0.03x-4-methyl-3-heptanone-40-t203-z10um
ses-m4+d20+y2022+ant4+0+03x+4+methyl+3+heptanone+40+t203+z110um	ses-m4-d20-y2022-ant4-0.03x-4-methyl-3-heptanone-40-t203-z110um
ses-m4+d20+y2022+ant4+0+03x+4+methyl+3+heptanone+40+t203+z115um	ses-m4-d20-y2022-ant4-0.03x-4-methyl-3-heptanone-40-t203-z115um
ses-m4+d20+y2022+ant4+0+03x+4+methyl+3+heptanone+40+t203+z120um	ses-m4-d20-y2022-ant4-0.03x-4-methyl-3-heptanone-40-t203-z120um
ses-m4+d20+y2022+ant4+0+03x+4+methyl+3+heptanone+40+t203+z125um	ses-m4-d20-y2022-ant4-0.03x-4-methyl-3-heptanone-40-t203-z125um
ses-m4+d20+y2022+ant4+0+03x+4+methyl+3+heptanone+40+t203+z130um	ses-m4-d20-y2022-ant4-0.03x-4-methyl-3-heptanone-40-t203-z130um
ses-m4+d20+y2022+ant4+0+03x+4+methyl+3+heptanone+40+t203+z135um	ses-m4-d20-y2022-ant4-0.03x-4-methyl-3-heptanone-40-t203-z135um
ses-m4+d20+y2022+ant4+0+03x+4+methyl+3+heptanone+40+t203+z140um	ses-m4-d20-y2022-ant4-0.03x-4-methyl-3-heptanone-40-t203-z140um
ses-m4+d20+y2022+ant4+0+03x+4+methyl+3+heptanone+40+t203+z145um	ses-m4-d20-y2022-ant4-0.03x-4-methyl-3-heptanone-40-t203-z145um
ses-m4+d20+y2022+ant4+0+03x+4+methyl+3+heptanone+40+t203+z150um	ses-m4-d20-y2022-ant4-0.03x-4-methyl-3-heptanone-40-t203-z150um
ses-m4+d20+y2022+ant4+0+03x+4+methyl+3+heptanone+40+t203+z155um	ses-m4-d20-y2022-ant4-0.03x-4-methyl-3-heptanone-40-t203-z155um
ses-m4+d20+y2022+ant4+0+03x+4+methyl+3+heptanone+40+t203+z15um	ses-m4-d20-y2022-ant4-0.03x-4-methyl-3-heptanone-40-t203-z15um
ses-m4+d20+y2022+ant4+0+03x+4+methyl+3+heptanone+40+t203+z160um	ses-m4-d20-y2022-ant4-0.03x-4-methyl-3-heptanone-40-t203-z160um
ses-m4+d20+y2022+ant4+0+03x+4+methyl+3+heptanone+40+t203+z20um	ses-m4-d20-y2022-ant4-0.03x-4-methyl-3-heptanone-40-t203-z20um
ses-m4+d20+y2022+ant4+0+03x+4+methyl+3+heptanone+40+t203+z25um	ses-m4-d20-y2022-ant4-0.03x-4-methyl-3-heptanone-40-t203-z25um
ses-m4+d20+y2022+ant4+0+03x+4+methyl+3+heptanone+40+t203+z30um	ses-m4-d20-y2022-ant4-0.03x-4-methyl-3-heptanone-40-t203-z30um
ses-m4+d20+y2022+ant4+0+03x+4+methyl+3+heptanone+40+t203+z35um	ses-m4-d20-y2022-ant4-0.03x-4-methyl-3-heptanone-40-t203-z35um
ses-m4+d20+y2022+ant4+0+03x+4+methyl+3+heptanone+40+t203+z40um	ses-m4-d20-y2022-ant4-0.03x-4-methyl-3-heptanone-40-t203-z40um
ses-m4+d20+y2022+ant4+0+03x+4+methyl+3+heptanone+40+t203+z45um	ses-m4-d20-y2022-ant4-0.03x-4-methyl-3-heptanone-40-t203-z45um
ses-m4+d20+y2022+ant4+0+03x+4+methyl+3+heptanone+40+t203+z50um	ses-m4-d20-y2022-ant4-0.03x-4-methyl-3-heptanone-40-t203-z50um
ses-m4+d20+y2022+ant4+0+03x+4+methyl+3+heptanone+40+t203+z55um	ses-m4-d20-y2022-ant4-0.03x-4-methyl-3-heptanone-40-t203-z55um
ses-m4+d20+y2022+ant4+0+03x+4+methyl+3+heptanone+40+t203+z5um	ses-m4-d20-y2022-ant4-0.03x-4-methyl-3-heptanone-40-t203-z5um
ses-m4+d20+y2022+ant4+0+03x+4+methyl+3+heptanone+40+t203+z60um	ses-m4-d20-y2022-ant4-0.03x-4-methyl-3-heptanone-40-t203-z60um
ses-m4+d20+y2022+ant4+0+03x+4+methyl+3+heptanone+40+t203+z65um	ses-m4-d20-y2022-ant4-0.03x-4-methyl-3-heptanone-40-t203-z65um
ses-m4+d20+y2022+ant4+0+03x+4+methyl+3+heptanone+40+t203+z70um	ses-m4-d20-y2022-ant4-0.03x-4-methyl-3-heptanone-40-t203-z70um
ses-m4+d20+y2022+ant4+0+03x+4+methyl+3+heptanone+40+t203+z75um	ses-m4-d20-y2022-ant4-0.03x-4-methyl-3-heptanone-40-t203-z75um
ses-m4+d20+y2022+ant4+0+03x+4+methyl+3+heptanone+40+t203+z80um	ses-m4-d20-y2022-ant4-0.03x-4-methyl-3-heptanone-40-t203-z80um
ses-m4+d20+y2022+ant4+0+03x+4+methyl+3+heptanone+40+t203+z85um	ses-m4-d20-y2022-ant4-0.03x-4-methyl-3-heptanone-40-t203-z85um
ses-m4+d20+y2022+ant4+0+03x+4+methyl+3+heptanone+40+t203+z90um	ses-m4-d20-y2022-ant4-0.03x-4-methyl-3-heptanone-40-t203-z90um
ses-m4+d20+y2022+ant4+0+03x+4+methyl+3+heptanone+40+t203+z95um	ses-m4-d20-y2022-ant4-0.03x-4-methyl-3-heptanone-40-t203-z95um
ses-m4+d20+y2022+ant4+0+03x+4+methyl+3+heptanone+40+t208+z0um	ses-m4-d20-y2022-ant4-0.03x-4-methyl-3-heptanone-40-t208-z0um
ses-m4+d20+y2022+ant4+0+03x+4+methyl+3+heptanone+40+t208+z100um	ses-m4-d20-y2022-ant4-0.03x-4-methyl-3-heptanone-40-t208-z100um
ses-m4+d20+y2022+ant4+0+03x+4+methyl+3+heptanone+40+t208+z105um	ses-m4-d20-y2022-ant4-0.03x-4-methyl-3-heptanone-40-t208-z105um
ses-m4+d20+y2022+ant4+0+03x+4+methyl+3+heptanone+40+t208+z10um	ses-m4-d20-y2022-ant4-0.03x-4-methyl-3-heptanone-40-t208-z10um
ses-m4+d20+y2022+ant4+0+03x+4+methyl+3+heptanone+40+t208+z110um	ses-m4-d20-y2022-ant4-0.03x-4-methyl-3-heptanone-40-t208-z110um
ses-m4+d20+y2022+ant4+0+03x+4+methyl+3+heptanone+40+t208+z115um	ses-m4-d20-y2022-ant4-0.03x-4-methyl-3-heptanone-40-t208-z115um
ses-m4+d20+y2022+ant4+0+03x+4+methyl+3+heptanone+40+t208+z120um	ses-m4-d20-y2022-ant4-0.03x-4-methyl-3-heptanone-40-t208-z120um
ses-m4+d20+y2022+ant4+0+03x+4+methyl+3+heptanone+40+t208+z125um	ses-m4-d20-y2022-ant4-0.03x-4-methyl-3-heptanone-40-t208-z125um
ses-m4+d20+y2022+ant4+0+03x+4+methyl+3+heptanone+40+t208+z130um	ses-m4-d20-y2022-ant4-0.03x-4-methyl-3-heptanone-40-t208-z130um
ses-m4+d20+y2022+ant4+0+03x+4+methyl+3+heptanone+40+t208+z135um	ses-m4-d20-y2022-ant4-0.03x-4-methyl-3-heptanone-40-t208-z135um
ses-m4+d20+y2022+ant4+0+03x+4+methyl+3+heptanone+40+t208+z140um	ses-m4-d20-y2022-ant4-0.03x-4-methyl-3-heptanone-40-t208-z140um
ses-m4+d20+y2022+ant4+0+03x+4+methyl+3+heptanone+40+t208+z145um	ses-m4-d20-y2022-ant4-0.03x-4-methyl-3-heptanone-40-t208-z145um
ses-m4+d20+y2022+ant4+0+03x+4+methyl+3+heptanone+40+t208+z150um	ses-m4-d20-y2022-ant4-0.03x-4-methyl-3-heptanone-40-t208-z150um
ses-m4+d20+y2022+ant4+0+03x+4+methyl+3+heptanone+40+t208+z155um	ses-m4-d20-y2022-ant4-0.03x-4-methyl-3-heptanone-40-t208-z155um
ses-m4+d20+y2022+ant4+0+03x+4+methyl+3+heptanone+40+t208+z15um	ses-m4-d20-y2022-ant4-0.03x-4-methyl-3-heptanone-40-t208-z15um
ses-m4+d20+y2022+ant4+0+03x+4+methyl+3+heptanone+40+t208+z160um	ses-m4-d20-y2022-ant4-0.03x-4-methyl-3-heptanone-40-t208-z160um
ses-m4+d20+y2022+ant4+0+03x+4+methyl+3+heptanone+40+t208+z20um	ses-m4-d20-y2022-ant4-0.03x-4-methyl-3-heptanone-40-t208-z20um
ses-m4+d20+y2022+ant4+0+03x+4+methyl+3+heptanone+40+t208+z25um	ses-m4-d20-y2022-ant4-0.03x-4-methyl-3-heptanone-40-t208-z25um
ses-m4+d20+y2022+ant4+0+03x+4+methyl+3+heptanone+40+t208+z30um	ses-m4-d20-y2022-ant4-0.03x-4-methyl-3-heptanone-40-t208-z30um
ses-m4+d20+y2022+ant4+0+03x+4+methyl+3+heptanone+40+t208+z35um	ses-m4-d20-y2022-ant4-0.03x-4-methyl-3-heptanone-40-t208-z35um
ses-m4+d20+y2022+ant4+0+03x+4+methyl+3+heptanone+40+t208+z40um	ses-m4-d20-y2022-ant4-0.03x-4-methyl-3-heptanone-40-t208-z40um
ses-m4+d20+y2022+ant4+0+03x+4+methyl+3+heptanone+40+t208+z45um	ses-m4-d20-y2022-ant4-0.03x-4-methyl-3-heptanone-40-t208-z45um
ses-m4+d20+y2022+ant4+0+03x+4+methyl+3+heptanone+40+t208+z50um	ses-m4-d20-y2022-ant4-0.03x-4-methyl-3-heptanone-40-t208-z50um
ses-m4+d20+y2022+ant4+0+03x+4+methyl+3+heptanone+40+t208+z55um	ses-m4-d20-y2022-ant4-0.03x-4-methyl-3-heptanone-40-t208-z55um
ses-m4+d20+y2022+ant4+0+03x+4+methyl+3+heptanone+40+t208+z5um	ses-m4-d20-y2022-ant4-0.03x-4-methyl-3-heptanone-40-t208-z5um
ses-m4+d20+y2022+ant4+0+03x+4+methyl+3+heptanone+40+t208+z60um	ses-m4-d20-y2022-ant4-0.03x-4-methyl-3-heptanone-40-t208-z60um
ses-m4+d20+y2022+ant4+0+03x+4+methyl+3+heptanone+40+t208+z65um	ses-m4-d20-y2022-ant4-0.03x-4-methyl-3-heptanone-40-t208-z65um
ses-m4+d20+y2022+ant4+0+03x+4+methyl+3+heptanone+40+t208+z70um	ses-m4-d20-y2022-ant4-0.03x-4-methyl-3-heptanone-40-t208-z70um
ses-m4+d20+y2022+ant4+0+03x+4+methyl+3+heptanone+40+t208+z75um	ses-m4-d20-y2022-ant4-0.03x-4-methyl-3-heptanone-40-t208-z75um
ses-m4+d20+y2022+ant4+0+03x+4+methyl+3+heptanone+40+t208+z80um	ses-m4-d20-y2022-ant4-0.03x-4-methyl-3-heptanone-40-t208-z80um
ses-m4+d20+y2022+ant4+0+03x+4+methyl+3+heptanone+40+t208+z85um	ses-m4-d20-y2022-ant4-0.03x-4-methyl-3-heptanone-40-t208-z85um
ses-m4+d20+y2022+ant4+0+03x+4+methyl+3+heptanone+40+t208+z90um	ses-m4-d20-y2022-ant4-0.03x-4-methyl-3-heptanone-40-t208-z90um
ses-m4+d20+y2022+ant4+0+03x+4+methyl+3+heptanone+40+t208+z95um	ses-m4-d20-y2022-ant4-0.03x-4-methyl-3-heptanone-40-t208-z95um
ses-m4+d20+y2022+ant4+0+03x+4+methyl+3+hexanol+40+t200+z0um	ses-m4-d20-y2022-ant4-0.03x-4-methyl-3-hexanol-40-t200-z0um
ses-m4+d20+y2022+ant4+0+03x+4+methyl+3+hexanol+40+t200+z100um	ses-m4-d20-y2022-ant4-0.03x-4-methyl-3-hexanol-40-t200-z100um
ses-m4+d20+y2022+ant4+0+03x+4+methyl+3+hexanol+40+t200+z105um	ses-m4-d20-y2022-ant4-0.03x-4-methyl-3-hexanol-40-t200-z105um
ses-m4+d20+y2022+ant4+0+03x+4+methyl+3+hexanol+40+t200+z10um	ses-m4-d20-y2022-ant4-0.03x-4-methyl-3-hexanol-40-t200-z10um
ses-m4+d20+y2022+ant4+0+03x+4+methyl+3+hexanol+40+t200+z110um	ses-m4-d20-y2022-ant4-0.03x-4-methyl-3-hexanol-40-t200-z110um
ses-m4+d20+y2022+ant4+0+03x+4+methyl+3+hexanol+40+t200+z115um	ses-m4-d20-y2022-ant4-0.03x-4-methyl-3-hexanol-40-t200-z115um
ses-m4+d20+y2022+ant4+0+03x+4+methyl+3+hexanol+40+t200+z120um	ses-m4-d20-y2022-ant4-0.03x-4-methyl-3-hexanol-40-t200-z120um
ses-m4+d20+y2022+ant4+0+03x+4+methyl+3+hexanol+40+t200+z125um	ses-m4-d20-y2022-ant4-0.03x-4-methyl-3-hexanol-40-t200-z125um
ses-m4+d20+y2022+ant4+0+03x+4+methyl+3+hexanol+40+t200+z130um	ses-m4-d20-y2022-ant4-0.03x-4-methyl-3-hexanol-40-t200-z130um
ses-m4+d20+y2022+ant4+0+03x+4+methyl+3+hexanol+40+t200+z135um	ses-m4-d20-y2022-ant4-0.03x-4-methyl-3-hexanol-40-t200-z135um
ses-m4+d20+y2022+ant4+0+03x+4+methyl+3+hexanol+40+t200+z140um	ses-m4-d20-y2022-ant4-0.03x-4-methyl-3-hexanol-40-t200-z140um
ses-m4+d20+y2022+ant4+0+03x+4+methyl+3+hexanol+40+t200+z145um	ses-m4-d20-y2022-ant4-0.03x-4-methyl-3-hexanol-40-t200-z145um
ses-m4+d20+y2022+ant4+0+03x+4+methyl+3+hexanol+40+t200+z150um	ses-m4-d20-y2022-ant4-0.03x-4-methyl-3-hexanol-40-t200-z150um
ses-m4+d20+y2022+ant4+0+03x+4+methyl+3+hexanol+40+t200+z155um	ses-m4-d20-y2022-ant4-0.03x-4-methyl-3-hexanol-40-t200-z155um
ses-m4+d20+y2022+ant4+0+03x+4+methyl+3+hexanol+40+t200+z15um	ses-m4-d20-y2022-ant4-0.03x-4-methyl-3-hexanol-40-t200-z15um
ses-m4+d20+y2022+ant4+0+03x+4+methyl+3+hexanol+40+t200+z160um	ses-m4-d20-y2022-ant4-0.03x-4-methyl-3-hexanol-40-t200-z160um
ses-m4+d20+y2022+ant4+0+03x+4+methyl+3+hexanol+40+t200+z20um	ses-m4-d20-y2022-ant4-0.03x-4-methyl-3-hexanol-40-t200-z20um
ses-m4+d20+y2022+ant4+0+03x+4+methyl+3+hexanol+40+t200+z25um	ses-m4-d20-y2022-ant4-0.03x-4-methyl-3-hexanol-40-t200-z25um
ses-m4+d20+y2022+ant4+0+03x+4+methyl+3+hexanol+40+t200+z30um	ses-m4-d20-y2022-ant4-0.03x-4-methyl-3-hexanol-40-t200-z30um
ses-m4+d20+y2022+ant4+0+03x+4+methyl+3+hexanol+40+t200+z35um	ses-m4-d20-y2022-ant4-0.03x-4-methyl-3-hexanol-40-t200-z35um
ses-m4+d20+y2022+ant4+0+03x+4+methyl+3+hexanol+40+t200+z40um	ses-m4-d20-y2022-ant4-0.03x-4-methyl-3-hexanol-40-t200-z40um
ses-m4+d20+y2022+ant4+0+03x+4+methyl+3+hexanol+40+t200+z45um	ses-m4-d20-y2022-ant4-0.03x-4-methyl-3-hexanol-40-t200-z45um
ses-m4+d20+y2022+ant4+0+03x+4+methyl+3+hexanol+40+t200+z50um	ses-m4-d20-y2022-ant4-0.03x-4-methyl-3-hexanol-40-t200-z50um
ses-m4+d20+y2022+ant4+0+03x+4+methyl+3+hexanol+40+t200+z55um	ses-m4-d20-y2022-ant4-0.03x-4-methyl-3-hexanol-40-t200-z55um
ses-m4+d20+y2022+ant4+0+03x+4+methyl+3+hexanol+40+t200+z5um	ses-m4-d20-y2022-ant4-0.03x-4-methyl-3-hexanol-40-t200-z5um
ses-m4+d20+y2022+ant4+0+03x+4+methyl+3+hexanol+40+t200+z60um	ses-m4-d20-y2022-ant4-0.03x-4-methyl-3-hexanol-40-t200-z60um
ses-m4+d20+y2022+ant4+0+03x+4+methyl+3+hexanol+40+t200+z65um	ses-m4-d20-y2022-ant4-0.03x-4-methyl-3-hexanol-40-t200-z65um
ses-m4+d20+y2022+ant4+0+03x+4+methyl+3+hexanol+40+t200+z70um	ses-m4-d20-y2022-ant4-0.03x-4-methyl-3-hexanol-40-t200-z70um
ses-m4+d20+y2022+ant4+0+03x+4+methyl+3+hexanol+40+t200+z75um	ses-m4-d20-y2022-ant4-0.03x-4-methyl-3-hexanol-40-t200-z75um
ses-m4+d20+y2022+ant4+0+03x+4+methyl+3+hexanol+40+t200+z80um	ses-m4-d20-y2022-ant4-0.03x-4-methyl-3-hexanol-40-t200-z80um
ses-m4+d20+y2022+ant4+0+03x+4+methyl+3+hexanol+40+t200+z85um	ses-m4-d20-y2022-ant4-0.03x-4-methyl-3-hexanol-40-t200-z85um
ses-m4+d20+y2022+ant4+0+03x+4+methyl+3+hexanol+40+t200+z90um	ses-m4-d20-y2022-ant4-0.03x-4-methyl-3-hexanol-40-t200-z90um
ses-m4+d20+y2022+ant4+0+03x+4+methyl+3+hexanol+40+t200+z95um	ses-m4-d20-y2022-ant4-0.03x-4-methyl-3-hexanol-40-t200-z95um
ses-m4+d20+y2022+ant4+0+03x+4+methyl+3+hexanol+40+t205+z0um	ses-m4-d20-y2022-ant4-0.03x-4-methyl-3-hexanol-40-t205-z0um
ses-m4+d20+y2022+ant4+0+03x+4+methyl+3+hexanol+40+t205+z100um	ses-m4-d20-y2022-ant4-0.03x-4-methyl-3-hexanol-40-t205-z100um
ses-m4+d20+y2022+ant4+0+03x+4+methyl+3+hexanol+40+t205+z105um	ses-m4-d20-y2022-ant4-0.03x-4-methyl-3-hexanol-40-t205-z105um
ses-m4+d20+y2022+ant4+0+03x+4+methyl+3+hexanol+40+t205+z10um	ses-m4-d20-y2022-ant4-0.03x-4-methyl-3-hexanol-40-t205-z10um
ses-m4+d20+y2022+ant4+0+03x+4+methyl+3+hexanol+40+t205+z110um	ses-m4-d20-y2022-ant4-0.03x-4-methyl-3-hexanol-40-t205-z110um
ses-m4+d20+y2022+ant4+0+03x+4+methyl+3+hexanol+40+t205+z115um	ses-m4-d20-y2022-ant4-0.03x-4-methyl-3-hexanol-40-t205-z115um
ses-m4+d20+y2022+ant4+0+03x+4+methyl+3+hexanol+40+t205+z120um	ses-m4-d20-y2022-ant4-0.03x-4-methyl-3-hexanol-40-t205-z120um
ses-m4+d20+y2022+ant4+0+03x+4+methyl+3+hexanol+40+t205+z125um	ses-m4-d20-y2022-ant4-0.03x-4-methyl-3-hexanol-40-t205-z125um
ses-m4+d20+y2022+ant4+0+03x+4+methyl+3+hexanol+40+t205+z130um	ses-m4-d20-y2022-ant4-0.03x-4-methyl-3-hexanol-40-t205-z130um
ses-m4+d20+y2022+ant4+0+03x+4+methyl+3+hexanol+40+t205+z135um	ses-m4-d20-y2022-ant4-0.03x-4-methyl-3-hexanol-40-t205-z135um
ses-m4+d20+y2022+ant4+0+03x+4+methyl+3+hexanol+40+t205+z140um	ses-m4-d20-y2022-ant4-0.03x-4-methyl-3-hexanol-40-t205-z140um
ses-m4+d20+y2022+ant4+0+03x+4+methyl+3+hexanol+40+t205+z145um	ses-m4-d20-y2022-ant4-0.03x-4-methyl-3-hexanol-40-t205-z145um
ses-m4+d20+y2022+ant4+0+03x+4+methyl+3+hexanol+40+t205+z150um	ses-m4-d20-y2022-ant4-0.03x-4-methyl-3-hexanol-40-t205-z150um
ses-m4+d20+y2022+ant4+0+03x+4+methyl+3+hexanol+40+t205+z155um	ses-m4-d20-y2022-ant4-0.03x-4-methyl-3-hexanol-40-t205-z155um
ses-m4+d20+y2022+ant4+0+03x+4+methyl+3+hexanol+40+t205+z15um	ses-m4-d20-y2022-ant4-0.03x-4-methyl-3-hexanol-40-t205-z15um
ses-m4+d20+y2022+ant4+0+03x+4+methyl+3+hexanol+40+t205+z160um	ses-m4-d20-y2022-ant4-0.03x-4-methyl-3-hexanol-40-t205-z160um
ses-m4+d20+y2022+ant4+0+03x+4+methyl+3+hexanol+40+t205+z20um	ses-m4-d20-y2022-ant4-0.03x-4-methyl-3-hexanol-40-t205-z20um
ses-m4+d20+y2022+ant4+0+03x+4+methyl+3+hexanol+40+t205+z25um	ses-m4-d20-y2022-ant4-0.03x-4-methyl-3-hexanol-40-t205-z25um
ses-m4+d20+y2022+ant4+0+03x+4+methyl+3+hexanol+40+t205+z30um	ses-m4-d20-y2022-ant4-0.03x-4-methyl-3-hexanol-40-t205-z30um
ses-m4+d20+y2022+ant4+0+03x+4+methyl+3+hexanol+40+t205+z35um	ses-m4-d20-y2022-ant4-0.03x-4-methyl-3-hexanol-40-t205-z35um
ses-m4+d20+y2022+ant4+0+03x+4+methyl+3+hexanol+40+t205+z40um	ses-m4-d20-y2022-ant4-0.03x-4-methyl-3-hexanol-40-t205-z40um
ses-m4+d20+y2022+ant4+0+03x+4+methyl+3+hexanol+40+t205+z45um	ses-m4-d20-y2022-ant4-0.03x-4-methyl-3-hexanol-40-t205-z45um
ses-m4+d20+y2022+ant4+0+03x+4+methyl+3+hexanol+40+t205+z50um	ses-m4-d20-y2022-ant4-0.03x-4-methyl-3-hexanol-40-t205-z50um
ses-m4+d20+y2022+ant4+0+03x+4+methyl+3+hexanol+40+t205+z55um	ses-m4-d20-y2022-ant4-0.03x-4-methyl-3-hexanol-40-t205-z55um
ses-m4+d20+y2022+ant4+0+03x+4+methyl+3+hexanol+40+t205+z5um	ses-m4-d20-y2022-ant4-0.03x-4-methyl-3-hexanol-40-t205-z5um
ses-m4+d20+y2022+ant4+0+03x+4+methyl+3+hexanol+40+t205+z60um	ses-m4-d20-y2022-ant4-0.03x-4-methyl-3-hexanol-40-t205-z60um
ses-m4+d20+y2022+ant4+0+03x+4+methyl+3+hexanol+40+t205+z65um	ses-m4-d20-y2022-ant4-0.03x-4-methyl-3-hexanol-40-t205-z65um
ses-m4+d20+y2022+ant4+0+03x+4+methyl+3+hexanol+40+t205+z70um	ses-m4-d20-y2022-ant4-0.03x-4-methyl-3-hexanol-40-t205-z70um
ses-m4+d20+y2022+ant4+0+03x+4+methyl+3+hexanol+40+t205+z75um	ses-m4-d20-y2022-ant4-0.03x-4-methyl-3-hexanol-40-t205-z75um
ses-m4+d20+y2022+ant4+0+03x+4+methyl+3+hexanol+40+t205+z80um	ses-m4-d20-y2022-ant4-0.03x-4-methyl-3-hexanol-40-t205-z80um
ses-m4+d20+y2022+ant4+0+03x+4+methyl+3+hexanol+40+t205+z85um	ses-m4-d20-y2022-ant4-0.03x-4-methyl-3-hexanol-40-t205-z85um
ses-m4+d20+y2022+ant4+0+03x+4+methyl+3+hexanol+40+t205+z90um	ses-m4-d20-y2022-ant4-0.03x-4-methyl-3-hexanol-40-t205-z90um
ses-m4+d20+y2022+ant4+0+03x+4+methyl+3+hexanol+40+t205+z95um	ses-m4-d20-y2022-ant4-0.03x-4-methyl-3-hexanol-40-t205-z95um
ses-m4+d20+y2022+ant4+0+03x+4+methyl+3+hexanol+40+t210+z0um	ses-m4-d20-y2022-ant4-0.03x-4-methyl-3-hexanol-40-t210-z0um
ses-m4+d20+y2022+ant4+0+03x+4+methyl+3+hexanol+40+t210+z100um	ses-m4-d20-y2022-ant4-0.03x-4-methyl-3-hexanol-40-t210-z100um
ses-m4+d20+y2022+ant4+0+03x+4+methyl+3+hexanol+40+t210+z105um	ses-m4-d20-y2022-ant4-0.03x-4-methyl-3-hexanol-40-t210-z105um
ses-m4+d20+y2022+ant4+0+03x+4+methyl+3+hexanol+40+t210+z10um	ses-m4-d20-y2022-ant4-0.03x-4-methyl-3-hexanol-40-t210-z10um
ses-m4+d20+y2022+ant4+0+03x+4+methyl+3+hexanol+40+t210+z110um	ses-m4-d20-y2022-ant4-0.03x-4-methyl-3-hexanol-40-t210-z110um
ses-m4+d20+y2022+ant4+0+03x+4+methyl+3+hexanol+40+t210+z115um	ses-m4-d20-y2022-ant4-0.03x-4-methyl-3-hexanol-40-t210-z115um
ses-m4+d20+y2022+ant4+0+03x+4+methyl+3+hexanol+40+t210+z120um	ses-m4-d20-y2022-ant4-0.03x-4-methyl-3-hexanol-40-t210-z120um
ses-m4+d20+y2022+ant4+0+03x+4+methyl+3+hexanol+40+t210+z125um	ses-m4-d20-y2022-ant4-0.03x-4-methyl-3-hexanol-40-t210-z125um
ses-m4+d20+y2022+ant4+0+03x+4+methyl+3+hexanol+40+t210+z130um	ses-m4-d20-y2022-ant4-0.03x-4-methyl-3-hexanol-40-t210-z130um
ses-m4+d20+y2022+ant4+0+03x+4+methyl+3+hexanol+40+t210+z135um	ses-m4-d20-y2022-ant4-0.03x-4-methyl-3-hexanol-40-t210-z135um
ses-m4+d20+y2022+ant4+0+03x+4+methyl+3+hexanol+40+t210+z140um	ses-m4-d20-y2022-ant4-0.03x-4-methyl-3-hexanol-40-t210-z140um
ses-m4+d20+y2022+ant4+0+03x+4+methyl+3+hexanol+40+t210+z145um	ses-m4-d20-y2022-ant4-0.03x-4-methyl-3-hexanol-40-t210-z145um
ses-m4+d20+y2022+ant4+0+03x+4+methyl+3+hexanol+40+t210+z150um	ses-m4-d20-y2022-ant4-0.03x-4-methyl-3-hexanol-40-t210-z150um
ses-m4+d20+y2022+ant4+0+03x+4+methyl+3+hexanol+40+t210+z155um	ses-m4-d20-y2022-ant4-0.03x-4-methyl-3-hexanol-40-t210-z155um
ses-m4+d20+y2022+ant4+0+03x+4+methyl+3+hexanol+40+t210+z15um	ses-m4-d20-y2022-ant4-0.03x-4-methyl-3-hexanol-40-t210-z15um
ses-m4+d20+y2022+ant4+0+03x+4+methyl+3+hexanol+40+t210+z160um	ses-m4-d20-y2022-ant4-0.03x-4-methyl-3-hexanol-40-t210-z160um
ses-m4+d20+y2022+ant4+0+03x+4+methyl+3+hexanol+40+t210+z20um	ses-m4-d20-y2022-ant4-0.03x-4-methyl-3-hexanol-40-t210-z20um
ses-m4+d20+y2022+ant4+0+03x+4+methyl+3+hexanol+40+t210+z25um	ses-m4-d20-y2022-ant4-0.03x-4-methyl-3-hexanol-40-t210-z25um
ses-m4+d20+y2022+ant4+0+03x+4+methyl+3+hexanol+40+t210+z30um	ses-m4-d20-y2022-ant4-0.03x-4-methyl-3-hexanol-40-t210-z30um
ses-m4+d20+y2022+ant4+0+03x+4+methyl+3+hexanol+40+t210+z35um	ses-m4-d20-y2022-ant4-0.03x-4-methyl-3-hexanol-40-t210-z35um
ses-m4+d20+y2022+ant4+0+03x+4+methyl+3+hexanol+40+t210+z40um	ses-m4-d20-y2022-ant4-0.03x-4-methyl-3-hexanol-40-t210-z40um
ses-m4+d20+y2022+ant4+0+03x+4+methyl+3+hexanol+40+t210+z45um	ses-m4-d20-y2022-ant4-0.03x-4-methyl-3-hexanol-40-t210-z45um
ses-m4+d20+y2022+ant4+0+03x+4+methyl+3+hexanol+40+t210+z50um	ses-m4-d20-y2022-ant4-0.03x-4-methyl-3-hexanol-40-t210-z50um
ses-m4+d20+y2022+ant4+0+03x+4+methyl+3+hexanol+40+t210+z55um	ses-m4-d20-y2022-ant4-0.03x-4-methyl-3-hexanol-40-t210-z55um
ses-m4+d20+y2022+ant4+0+03x+4+methyl+3+hexanol+40+t210+z5um	ses-m4-d20-y2022-ant4-0.03x-4-methyl-3-hexanol-40-t210-z5um
ses-m4+d20+y2022+ant4+0+03x+4+methyl+3+hexanol+40+t210+z60um	ses-m4-d20-y2022-ant4-0.03x-4-methyl-3-hexanol-40-t210-z60um
ses-m4+d20+y2022+ant4+0+03x+4+methyl+3+hexanol+40+t210+z65um	ses-m4-d20-y2022-ant4-0.03x-4-methyl-3-hexanol-40-t210-z65um
ses-m4+d20+y2022+ant4+0+03x+4+methyl+3+hexanol+40+t210+z70um	ses-m4-d20-y2022-ant4-0.03x-4-methyl-3-hexanol-40-t210-z70um
ses-m4+d20+y2022+ant4+0+03x+4+methyl+3+hexanol+40+t210+z75um	ses-m4-d20-y2022-ant4-0.03x-4-methyl-3-hexanol-40-t210-z75um
ses-m4+d20+y2022+ant4+0+03x+4+methyl+3+hexanol+40+t210+z80um	ses-m4-d20-y2022-ant4-0.03x-4-methyl-3-hexanol-40-t210-z80um
ses-m4+d20+y2022+ant4+0+03x+4+methyl+3+hexanol+40+t210+z85um	ses-m4-d20-y2022-ant4-0.03x-4-methyl-3-hexanol-40-t210-z85um
ses-m4+d20+y2022+ant4+0+03x+4+methyl+3+hexanol+40+t210+z90um	ses-m4-d20-y2022-ant4-0.03x-4-methyl-3-hexanol-40-t210-z90um
ses-m4+d20+y2022+ant4+0+03x+4+methyl+3+hexanol+40+t210+z95um	ses-m4-d20-y2022-ant4-0.03x-4-methyl-3-hexanol-40-t210-z95um
ses-m4+d20+y2022+ant4+0+03x+6+methyl+5+hepten+2+one+40+t197+z0um	ses-m4-d20-y2022-ant4-0.03x-6-methyl-5-hepten-2-one-40-t197-z0um
ses-m4+d20+y2022+ant4+0+03x+6+methyl+5+hepten+2+one+40+t197+z100um	ses-m4-d20-y2022-ant4-0.03x-6-methyl-5-hepten-2-one-40-t197-z100um
ses-m4+d20+y2022+ant4+0+03x+6+methyl+5+hepten+2+one+40+t197+z105um	ses-m4-d20-y2022-ant4-0.03x-6-methyl-5-hepten-2-one-40-t197-z105um
ses-m4+d20+y2022+ant4+0+03x+6+methyl+5+hepten+2+one+40+t197+z10um	ses-m4-d20-y2022-ant4-0.03x-6-methyl-5-hepten-2-one-40-t197-z10um
ses-m4+d20+y2022+ant4+0+03x+6+methyl+5+hepten+2+one+40+t197+z110um	ses-m4-d20-y2022-ant4-0.03x-6-methyl-5-hepten-2-one-40-t197-z110um
ses-m4+d20+y2022+ant4+0+03x+6+methyl+5+hepten+2+one+40+t197+z115um	ses-m4-d20-y2022-ant4-0.03x-6-methyl-5-hepten-2-one-40-t197-z115um
ses-m4+d20+y2022+ant4+0+03x+6+methyl+5+hepten+2+one+40+t197+z120um	ses-m4-d20-y2022-ant4-0.03x-6-methyl-5-hepten-2-one-40-t197-z120um
ses-m4+d20+y2022+ant4+0+03x+6+methyl+5+hepten+2+one+40+t197+z125um	ses-m4-d20-y2022-ant4-0.03x-6-methyl-5-hepten-2-one-40-t197-z125um
ses-m4+d20+y2022+ant4+0+03x+6+methyl+5+hepten+2+one+40+t197+z130um	ses-m4-d20-y2022-ant4-0.03x-6-methyl-5-hepten-2-one-40-t197-z130um
ses-m4+d20+y2022+ant4+0+03x+6+methyl+5+hepten+2+one+40+t197+z135um	ses-m4-d20-y2022-ant4-0.03x-6-methyl-5-hepten-2-one-40-t197-z135um
ses-m4+d20+y2022+ant4+0+03x+6+methyl+5+hepten+2+one+40+t197+z140um	ses-m4-d20-y2022-ant4-0.03x-6-methyl-5-hepten-2-one-40-t197-z140um
ses-m4+d20+y2022+ant4+0+03x+6+methyl+5+hepten+2+one+40+t197+z145um	ses-m4-d20-y2022-ant4-0.03x-6-methyl-5-hepten-2-one-40-t197-z145um
ses-m4+d20+y2022+ant4+0+03x+6+methyl+5+hepten+2+one+40+t197+z150um	ses-m4-d20-y2022-ant4-0.03x-6-methyl-5-hepten-2-one-40-t197-z150um
ses-m4+d20+y2022+ant4+0+03x+6+methyl+5+hepten+2+one+40+t197+z155um	ses-m4-d20-y2022-ant4-0.03x-6-methyl-5-hepten-2-one-40-t197-z155um
ses-m4+d20+y2022+ant4+0+03x+6+methyl+5+hepten+2+one+40+t197+z15um	ses-m4-d20-y2022-ant4-0.03x-6-methyl-5-hepten-2-one-40-t197-z15um
ses-m4+d20+y2022+ant4+0+03x+6+methyl+5+hepten+2+one+40+t197+z160um	ses-m4-d20-y2022-ant4-0.03x-6-methyl-5-hepten-2-one-40-t197-z160um
ses-m4+d20+y2022+ant4+0+03x+6+methyl+5+hepten+2+one+40+t197+z20um	ses-m4-d20-y2022-ant4-0.03x-6-methyl-5-hepten-2-one-40-t197-z20um
ses-m4+d20+y2022+ant4+0+03x+6+methyl+5+hepten+2+one+40+t197+z25um	ses-m4-d20-y2022-ant4-0.03x-6-methyl-5-hepten-2-one-40-t197-z25um
ses-m4+d20+y2022+ant4+0+03x+6+methyl+5+hepten+2+one+40+t197+z30um	ses-m4-d20-y2022-ant4-0.03x-6-methyl-5-hepten-2-one-40-t197-z30um
ses-m4+d20+y2022+ant4+0+03x+6+methyl+5+hepten+2+one+40+t197+z35um	ses-m4-d20-y2022-ant4-0.03x-6-methyl-5-hepten-2-one-40-t197-z35um
ses-m4+d20+y2022+ant4+0+03x+6+methyl+5+hepten+2+one+40+t197+z40um	ses-m4-d20-y2022-ant4-0.03x-6-methyl-5-hepten-2-one-40-t197-z40um
ses-m4+d20+y2022+ant4+0+03x+6+methyl+5+hepten+2+one+40+t197+z45um	ses-m4-d20-y2022-ant4-0.03x-6-methyl-5-hepten-2-one-40-t197-z45um
ses-m4+d20+y2022+ant4+0+03x+6+methyl+5+hepten+2+one+40+t197+z50um	ses-m4-d20-y2022-ant4-0.03x-6-methyl-5-hepten-2-one-40-t197-z50um
ses-m4+d20+y2022+ant4+0+03x+6+methyl+5+hepten+2+one+40+t197+z55um	ses-m4-d20-y2022-ant4-0.03x-6-methyl-5-hepten-2-one-40-t197-z55um
ses-m4+d20+y2022+ant4+0+03x+6+methyl+5+hepten+2+one+40+t197+z5um	ses-m4-d20-y2022-ant4-0.03x-6-methyl-5-hepten-2-one-40-t197-z5um
ses-m4+d20+y2022+ant4+0+03x+6+methyl+5+hepten+2+one+40+t197+z60um	ses-m4-d20-y2022-ant4-0.03x-6-methyl-5-hepten-2-one-40-t197-z60um
ses-m4+d20+y2022+ant4+0+03x+6+methyl+5+hepten+2+one+40+t197+z65um	ses-m4-d20-y2022-ant4-0.03x-6-methyl-5-hepten-2-one-40-t197-z65um
ses-m4+d20+y2022+ant4+0+03x+6+methyl+5+hepten+2+one+40+t197+z70um	ses-m4-d20-y2022-ant4-0.03x-6-methyl-5-hepten-2-one-40-t197-z70um
ses-m4+d20+y2022+ant4+0+03x+6+methyl+5+hepten+2+one+40+t197+z75um	ses-m4-d20-y2022-ant4-0.03x-6-methyl-5-hepten-2-one-40-t197-z75um
ses-m4+d20+y2022+ant4+0+03x+6+methyl+5+hepten+2+one+40+t197+z80um	ses-m4-d20-y2022-ant4-0.03x-6-methyl-5-hepten-2-one-40-t197-z80um
ses-m4+d20+y2022+ant4+0+03x+6+methyl+5+hepten+2+one+40+t197+z85um	ses-m4-d20-y2022-ant4-0.03x-6-methyl-5-hepten-2-one-40-t197-z85um
ses-m4+d20+y2022+ant4+0+03x+6+methyl+5+hepten+2+one+40+t197+z90um	ses-m4-d20-y2022-ant4-0.03x-6-methyl-5-hepten-2-one-40-t197-z90um
ses-m4+d20+y2022+ant4+0+03x+6+methyl+5+hepten+2+one+40+t197+z95um	ses-m4-d20-y2022-ant4-0.03x-6-methyl-5-hepten-2-one-40-t197-z95um
ses-m4+d20+y2022+ant4+0+03x+6+methyl+5+hepten+2+one+40+t202+z0um	ses-m4-d20-y2022-ant4-0.03x-6-methyl-5-hepten-2-one-40-t202-z0um
ses-m4+d20+y2022+ant4+0+03x+6+methyl+5+hepten+2+one+40+t202+z100um	ses-m4-d20-y2022-ant4-0.03x-6-methyl-5-hepten-2-one-40-t202-z100um
ses-m4+d20+y2022+ant4+0+03x+6+methyl+5+hepten+2+one+40+t202+z105um	ses-m4-d20-y2022-ant4-0.03x-6-methyl-5-hepten-2-one-40-t202-z105um
ses-m4+d20+y2022+ant4+0+03x+6+methyl+5+hepten+2+one+40+t202+z10um	ses-m4-d20-y2022-ant4-0.03x-6-methyl-5-hepten-2-one-40-t202-z10um
ses-m4+d20+y2022+ant4+0+03x+6+methyl+5+hepten+2+one+40+t202+z110um	ses-m4-d20-y2022-ant4-0.03x-6-methyl-5-hepten-2-one-40-t202-z110um
ses-m4+d20+y2022+ant4+0+03x+6+methyl+5+hepten+2+one+40+t202+z115um	ses-m4-d20-y2022-ant4-0.03x-6-methyl-5-hepten-2-one-40-t202-z115um
ses-m4+d20+y2022+ant4+0+03x+6+methyl+5+hepten+2+one+40+t202+z120um	ses-m4-d20-y2022-ant4-0.03x-6-methyl-5-hepten-2-one-40-t202-z120um
ses-m4+d20+y2022+ant4+0+03x+6+methyl+5+hepten+2+one+40+t202+z125um	ses-m4-d20-y2022-ant4-0.03x-6-methyl-5-hepten-2-one-40-t202-z125um
ses-m4+d20+y2022+ant4+0+03x+6+methyl+5+hepten+2+one+40+t202+z130um	ses-m4-d20-y2022-ant4-0.03x-6-methyl-5-hepten-2-one-40-t202-z130um
ses-m4+d20+y2022+ant4+0+03x+6+methyl+5+hepten+2+one+40+t202+z135um	ses-m4-d20-y2022-ant4-0.03x-6-methyl-5-hepten-2-one-40-t202-z135um
ses-m4+d20+y2022+ant4+0+03x+6+methyl+5+hepten+2+one+40+t202+z140um	ses-m4-d20-y2022-ant4-0.03x-6-methyl-5-hepten-2-one-40-t202-z140um
ses-m4+d20+y2022+ant4+0+03x+6+methyl+5+hepten+2+one+40+t202+z145um	ses-m4-d20-y2022-ant4-0.03x-6-methyl-5-hepten-2-one-40-t202-z145um
ses-m4+d20+y2022+ant4+0+03x+6+methyl+5+hepten+2+one+40+t202+z150um	ses-m4-d20-y2022-ant4-0.03x-6-methyl-5-hepten-2-one-40-t202-z150um
ses-m4+d20+y2022+ant4+0+03x+6+methyl+5+hepten+2+one+40+t202+z155um	ses-m4-d20-y2022-ant4-0.03x-6-methyl-5-hepten-2-one-40-t202-z155um
ses-m4+d20+y2022+ant4+0+03x+6+methyl+5+hepten+2+one+40+t202+z15um	ses-m4-d20-y2022-ant4-0.03x-6-methyl-5-hepten-2-one-40-t202-z15um
ses-m4+d20+y2022+ant4+0+03x+6+methyl+5+hepten+2+one+40+t202+z160um	ses-m4-d20-y2022-ant4-0.03x-6-methyl-5-hepten-2-one-40-t202-z160um
ses-m4+d20+y2022+ant4+0+03x+6+methyl+5+hepten+2+one+40+t202+z20um	ses-m4-d20-y2022-ant4-0.03x-6-methyl-5-hepten-2-one-40-t202-z20um
ses-m4+d20+y2022+ant4+0+03x+6+methyl+5+hepten+2+one+40+t202+z25um	ses-m4-d20-y2022-ant4-0.03x-6-methyl-5-hepten-2-one-40-t202-z25um
ses-m4+d20+y2022+ant4+0+03x+6+methyl+5+hepten+2+one+40+t202+z30um	ses-m4-d20-y2022-ant4-0.03x-6-methyl-5-hepten-2-one-40-t202-z30um
ses-m4+d20+y2022+ant4+0+03x+6+methyl+5+hepten+2+one+40+t202+z35um	ses-m4-d20-y2022-ant4-0.03x-6-methyl-5-hepten-2-one-40-t202-z35um
ses-m4+d20+y2022+ant4+0+03x+6+methyl+5+hepten+2+one+40+t202+z40um	ses-m4-d20-y2022-ant4-0.03x-6-methyl-5-hepten-2-one-40-t202-z40um
ses-m4+d20+y2022+ant4+0+03x+6+methyl+5+hepten+2+one+40+t202+z45um	ses-m4-d20-y2022-ant4-0.03x-6-methyl-5-hepten-2-one-40-t202-z45um
ses-m4+d20+y2022+ant4+0+03x+6+methyl+5+hepten+2+one+40+t202+z50um	ses-m4-d20-y2022-ant4-0.03x-6-methyl-5-hepten-2-one-40-t202-z50um
ses-m4+d20+y2022+ant4+0+03x+6+methyl+5+hepten+2+one+40+t202+z55um	ses-m4-d20-y2022-ant4-0.03x-6-methyl-5-hepten-2-one-40-t202-z55um
ses-m4+d20+y2022+ant4+0+03x+6+methyl+5+hepten+2+one+40+t202+z5um	ses-m4-d20-y2022-ant4-0.03x-6-methyl-5-hepten-2-one-40-t202-z5um
ses-m4+d20+y2022+ant4+0+03x+6+methyl+5+hepten+2+one+40+t202+z60um	ses-m4-d20-y2022-ant4-0.03x-6-methyl-5-hepten-2-one-40-t202-z60um
ses-m4+d20+y2022+ant4+0+03x+6+methyl+5+hepten+2+one+40+t202+z65um	ses-m4-d20-y2022-ant4-0.03x-6-methyl-5-hepten-2-one-40-t202-z65um
ses-m4+d20+y2022+ant4+0+03x+6+methyl+5+hepten+2+one+40+t202+z70um	ses-m4-d20-y2022-ant4-0.03x-6-methyl-5-hepten-2-one-40-t202-z70um
ses-m4+d20+y2022+ant4+0+03x+6+methyl+5+hepten+2+one+40+t202+z75um	ses-m4-d20-y2022-ant4-0.03x-6-methyl-5-hepten-2-one-40-t202-z75um
ses-m4+d20+y2022+ant4+0+03x+6+methyl+5+hepten+2+one+40+t202+z80um	ses-m4-d20-y2022-ant4-0.03x-6-methyl-5-hepten-2-one-40-t202-z80um
ses-m4+d20+y2022+ant4+0+03x+6+methyl+5+hepten+2+one+40+t202+z85um	ses-m4-d20-y2022-ant4-0.03x-6-methyl-5-hepten-2-one-40-t202-z85um
ses-m4+d20+y2022+ant4+0+03x+6+methyl+5+hepten+2+one+40+t202+z90um	ses-m4-d20-y2022-ant4-0.03x-6-methyl-5-hepten-2-one-40-t202-z90um
ses-m4+d20+y2022+ant4+0+03x+6+methyl+5+hepten+2+one+40+t202+z95um	ses-m4-d20-y2022-ant4-0.03x-6-methyl-5-hepten-2-one-40-t202-z95um
ses-m4+d20+y2022+ant4+0+03x+6+methyl+5+hepten+2+one+40+t207+z0um	ses-m4-d20-y2022-ant4-0.03x-6-methyl-5-hepten-2-one-40-t207-z0um
ses-m4+d20+y2022+ant4+0+03x+6+methyl+5+hepten+2+one+40+t207+z100um	ses-m4-d20-y2022-ant4-0.03x-6-methyl-5-hepten-2-one-40-t207-z100um
ses-m4+d20+y2022+ant4+0+03x+6+methyl+5+hepten+2+one+40+t207+z105um	ses-m4-d20-y2022-ant4-0.03x-6-methyl-5-hepten-2-one-40-t207-z105um
ses-m4+d20+y2022+ant4+0+03x+6+methyl+5+hepten+2+one+40+t207+z10um	ses-m4-d20-y2022-ant4-0.03x-6-methyl-5-hepten-2-one-40-t207-z10um
ses-m4+d20+y2022+ant4+0+03x+6+methyl+5+hepten+2+one+40+t207+z110um	ses-m4-d20-y2022-ant4-0.03x-6-methyl-5-hepten-2-one-40-t207-z110um
ses-m4+d20+y2022+ant4+0+03x+6+methyl+5+hepten+2+one+40+t207+z115um	ses-m4-d20-y2022-ant4-0.03x-6-methyl-5-hepten-2-one-40-t207-z115um
ses-m4+d20+y2022+ant4+0+03x+6+methyl+5+hepten+2+one+40+t207+z120um	ses-m4-d20-y2022-ant4-0.03x-6-methyl-5-hepten-2-one-40-t207-z120um
ses-m4+d20+y2022+ant4+0+03x+6+methyl+5+hepten+2+one+40+t207+z125um	ses-m4-d20-y2022-ant4-0.03x-6-methyl-5-hepten-2-one-40-t207-z125um
ses-m4+d20+y2022+ant4+0+03x+6+methyl+5+hepten+2+one+40+t207+z130um	ses-m4-d20-y2022-ant4-0.03x-6-methyl-5-hepten-2-one-40-t207-z130um
ses-m4+d20+y2022+ant4+0+03x+6+methyl+5+hepten+2+one+40+t207+z135um	ses-m4-d20-y2022-ant4-0.03x-6-methyl-5-hepten-2-one-40-t207-z135um
ses-m4+d20+y2022+ant4+0+03x+6+methyl+5+hepten+2+one+40+t207+z140um	ses-m4-d20-y2022-ant4-0.03x-6-methyl-5-hepten-2-one-40-t207-z140um
ses-m4+d20+y2022+ant4+0+03x+6+methyl+5+hepten+2+one+40+t207+z145um	ses-m4-d20-y2022-ant4-0.03x-6-methyl-5-hepten-2-one-40-t207-z145um
ses-m4+d20+y2022+ant4+0+03x+6+methyl+5+hepten+2+one+40+t207+z150um	ses-m4-d20-y2022-ant4-0.03x-6-methyl-5-hepten-2-one-40-t207-z150um
ses-m4+d20+y2022+ant4+0+03x+6+methyl+5+hepten+2+one+40+t207+z155um	ses-m4-d20-y2022-ant4-0.03x-6-methyl-5-hepten-2-one-40-t207-z155um
ses-m4+d20+y2022+ant4+0+03x+6+methyl+5+hepten+2+one+40+t207+z15um	ses-m4-d20-y2022-ant4-0.03x-6-methyl-5-hepten-2-one-40-t207-z15um
ses-m4+d20+y2022+ant4+0+03x+6+methyl+5+hepten+2+one+40+t207+z160um	ses-m4-d20-y2022-ant4-0.03x-6-methyl-5-hepten-2-one-40-t207-z160um
ses-m4+d20+y2022+ant4+0+03x+6+methyl+5+hepten+2+one+40+t207+z20um	ses-m4-d20-y2022-ant4-0.03x-6-methyl-5-hepten-2-one-40-t207-z20um
ses-m4+d20+y2022+ant4+0+03x+6+methyl+5+hepten+2+one+40+t207+z25um	ses-m4-d20-y2022-ant4-0.03x-6-methyl-5-hepten-2-one-40-t207-z25um
ses-m4+d20+y2022+ant4+0+03x+6+methyl+5+hepten+2+one+40+t207+z30um	ses-m4-d20-y2022-ant4-0.03x-6-methyl-5-hepten-2-one-40-t207-z30um
ses-m4+d20+y2022+ant4+0+03x+6+methyl+5+hepten+2+one+40+t207+z35um	ses-m4-d20-y2022-ant4-0.03x-6-methyl-5-hepten-2-one-40-t207-z35um
ses-m4+d20+y2022+ant4+0+03x+6+methyl+5+hepten+2+one+40+t207+z40um	ses-m4-d20-y2022-ant4-0.03x-6-methyl-5-hepten-2-one-40-t207-z40um
ses-m4+d20+y2022+ant4+0+03x+6+methyl+5+hepten+2+one+40+t207+z45um	ses-m4-d20-y2022-ant4-0.03x-6-methyl-5-hepten-2-one-40-t207-z45um
ses-m4+d20+y2022+ant4+0+03x+6+methyl+5+hepten+2+one+40+t207+z50um	ses-m4-d20-y2022-ant4-0.03x-6-methyl-5-hepten-2-one-40-t207-z50um
ses-m4+d20+y2022+ant4+0+03x+6+methyl+5+hepten+2+one+40+t207+z55um	ses-m4-d20-y2022-ant4-0.03x-6-methyl-5-hepten-2-one-40-t207-z55um
ses-m4+d20+y2022+ant4+0+03x+6+methyl+5+hepten+2+one+40+t207+z5um	ses-m4-d20-y2022-ant4-0.03x-6-methyl-5-hepten-2-one-40-t207-z5um
ses-m4+d20+y2022+ant4+0+03x+6+methyl+5+hepten+2+one+40+t207+z60um	ses-m4-d20-y2022-ant4-0.03x-6-methyl-5-hepten-2-one-40-t207-z60um
ses-m4+d20+y2022+ant4+0+03x+6+methyl+5+hepten+2+one+40+t207+z65um	ses-m4-d20-y2022-ant4-0.03x-6-methyl-5-hepten-2-one-40-t207-z65um
ses-m4+d20+y2022+ant4+0+03x+6+methyl+5+hepten+2+one+40+t207+z70um	ses-m4-d20-y2022-ant4-0.03x-6-methyl-5-hepten-2-one-40-t207-z70um
ses-m4+d20+y2022+ant4+0+03x+6+methyl+5+hepten+2+one+40+t207+z75um	ses-m4-d20-y2022-ant4-0.03x-6-methyl-5-hepten-2-one-40-t207-z75um
ses-m4+d20+y2022+ant4+0+03x+6+methyl+5+hepten+2+one+40+t207+z80um	ses-m4-d20-y2022-ant4-0.03x-6-methyl-5-hepten-2-one-40-t207-z80um
ses-m4+d20+y2022+ant4+0+03x+6+methyl+5+hepten+2+one+40+t207+z85um	ses-m4-d20-y2022-ant4-0.03x-6-methyl-5-hepten-2-one-40-t207-z85um
ses-m4+d20+y2022+ant4+0+03x+6+methyl+5+hepten+2+one+40+t207+z90um	ses-m4-d20-y2022-ant4-0.03x-6-methyl-5-hepten-2-one-40-t207-z90um
ses-m4+d20+y2022+ant4+0+03x+6+methyl+5+hepten+2+one+40+t207+z95um	ses-m4-d20-y2022-ant4-0.03x-6-methyl-5-hepten-2-one-40-t207-z95um
ses-m4+d20+y2022+ant4+0+12x+4+methyl+3+heptanol+40+t214+z0um	ses-m4-d20-y2022-ant4-0.12x-4-methyl-3-heptanol-40-t214-z0um
ses-m4+d20+y2022+ant4+0+12x+4+methyl+3+heptanol+40+t214+z100um	ses-m4-d20-y2022-ant4-0.12x-4-methyl-3-heptanol-40-t214-z100um
ses-m4+d20+y2022+ant4+0+12x+4+methyl+3+heptanol+40+t214+z105um	ses-m4-d20-y2022-ant4-0.12x-4-methyl-3-heptanol-40-t214-z105um
ses-m4+d20+y2022+ant4+0+12x+4+methyl+3+heptanol+40+t214+z10um	ses-m4-d20-y2022-ant4-0.12x-4-methyl-3-heptanol-40-t214-z10um
ses-m4+d20+y2022+ant4+0+12x+4+methyl+3+heptanol+40+t214+z110um	ses-m4-d20-y2022-ant4-0.12x-4-methyl-3-heptanol-40-t214-z110um
ses-m4+d20+y2022+ant4+0+12x+4+methyl+3+heptanol+40+t214+z115um	ses-m4-d20-y2022-ant4-0.12x-4-methyl-3-heptanol-40-t214-z115um
ses-m4+d20+y2022+ant4+0+12x+4+methyl+3+heptanol+40+t214+z120um	ses-m4-d20-y2022-ant4-0.12x-4-methyl-3-heptanol-40-t214-z120um
ses-m4+d20+y2022+ant4+0+12x+4+methyl+3+heptanol+40+t214+z125um	ses-m4-d20-y2022-ant4-0.12x-4-methyl-3-heptanol-40-t214-z125um
ses-m4+d20+y2022+ant4+0+12x+4+methyl+3+heptanol+40+t214+z130um	ses-m4-d20-y2022-ant4-0.12x-4-methyl-3-heptanol-40-t214-z130um
ses-m4+d20+y2022+ant4+0+12x+4+methyl+3+heptanol+40+t214+z135um	ses-m4-d20-y2022-ant4-0.12x-4-methyl-3-heptanol-40-t214-z135um
ses-m4+d20+y2022+ant4+0+12x+4+methyl+3+heptanol+40+t214+z140um	ses-m4-d20-y2022-ant4-0.12x-4-methyl-3-heptanol-40-t214-z140um
ses-m4+d20+y2022+ant4+0+12x+4+methyl+3+heptanol+40+t214+z145um	ses-m4-d20-y2022-ant4-0.12x-4-methyl-3-heptanol-40-t214-z145um
ses-m4+d20+y2022+ant4+0+12x+4+methyl+3+heptanol+40+t214+z150um	ses-m4-d20-y2022-ant4-0.12x-4-methyl-3-heptanol-40-t214-z150um
ses-m4+d20+y2022+ant4+0+12x+4+methyl+3+heptanol+40+t214+z155um	ses-m4-d20-y2022-ant4-0.12x-4-methyl-3-heptanol-40-t214-z155um
ses-m4+d20+y2022+ant4+0+12x+4+methyl+3+heptanol+40+t214+z15um	ses-m4-d20-y2022-ant4-0.12x-4-methyl-3-heptanol-40-t214-z15um
ses-m4+d20+y2022+ant4+0+12x+4+methyl+3+heptanol+40+t214+z160um	ses-m4-d20-y2022-ant4-0.12x-4-methyl-3-heptanol-40-t214-z160um
ses-m4+d20+y2022+ant4+0+12x+4+methyl+3+heptanol+40+t214+z20um	ses-m4-d20-y2022-ant4-0.12x-4-methyl-3-heptanol-40-t214-z20um
ses-m4+d20+y2022+ant4+0+12x+4+methyl+3+heptanol+40+t214+z25um	ses-m4-d20-y2022-ant4-0.12x-4-methyl-3-heptanol-40-t214-z25um
ses-m4+d20+y2022+ant4+0+12x+4+methyl+3+heptanol+40+t214+z30um	ses-m4-d20-y2022-ant4-0.12x-4-methyl-3-heptanol-40-t214-z30um
ses-m4+d20+y2022+ant4+0+12x+4+methyl+3+heptanol+40+t214+z35um	ses-m4-d20-y2022-ant4-0.12x-4-methyl-3-heptanol-40-t214-z35um
ses-m4+d20+y2022+ant4+0+12x+4+methyl+3+heptanol+40+t214+z40um	ses-m4-d20-y2022-ant4-0.12x-4-methyl-3-heptanol-40-t214-z40um
ses-m4+d20+y2022+ant4+0+12x+4+methyl+3+heptanol+40+t214+z45um	ses-m4-d20-y2022-ant4-0.12x-4-methyl-3-heptanol-40-t214-z45um
ses-m4+d20+y2022+ant4+0+12x+4+methyl+3+heptanol+40+t214+z50um	ses-m4-d20-y2022-ant4-0.12x-4-methyl-3-heptanol-40-t214-z50um
ses-m4+d20+y2022+ant4+0+12x+4+methyl+3+heptanol+40+t214+z55um	ses-m4-d20-y2022-ant4-0.12x-4-methyl-3-heptanol-40-t214-z55um
ses-m4+d20+y2022+ant4+0+12x+4+methyl+3+heptanol+40+t214+z5um	ses-m4-d20-y2022-ant4-0.12x-4-methyl-3-heptanol-40-t214-z5um
ses-m4+d20+y2022+ant4+0+12x+4+methyl+3+heptanol+40+t214+z60um	ses-m4-d20-y2022-ant4-0.12x-4-methyl-3-heptanol-40-t214-z60um
ses-m4+d20+y2022+ant4+0+12x+4+methyl+3+heptanol+40+t214+z65um	ses-m4-d20-y2022-ant4-0.12x-4-methyl-3-heptanol-40-t214-z65um
ses-m4+d20+y2022+ant4+0+12x+4+methyl+3+heptanol+40+t214+z70um	ses-m4-d20-y2022-ant4-0.12x-4-methyl-3-heptanol-40-t214-z70um
ses-m4+d20+y2022+ant4+0+12x+4+methyl+3+heptanol+40+t214+z75um	ses-m4-d20-y2022-ant4-0.12x-4-methyl-3-heptanol-40-t214-z75um
ses-m4+d20+y2022+ant4+0+12x+4+methyl+3+heptanol+40+t214+z80um	ses-m4-d20-y2022-ant4-0.12x-4-methyl-3-heptanol-40-t214-z80um
ses-m4+d20+y2022+ant4+0+12x+4+methyl+3+heptanol+40+t214+z85um	ses-m4-d20-y2022-ant4-0.12x-4-methyl-3-heptanol-40-t214-z85um
ses-m4+d20+y2022+ant4+0+12x+4+methyl+3+heptanol+40+t214+z90um	ses-m4-d20-y2022-ant4-0.12x-4-methyl-3-heptanol-40-t214-z90um
ses-m4+d20+y2022+ant4+0+12x+4+methyl+3+heptanol+40+t214+z95um	ses-m4-d20-y2022-ant4-0.12x-4-methyl-3-heptanol-40-t214-z95um
ses-m4+d20+y2022+ant4+0+12x+4+methyl+3+heptanol+40+t219+z0um	ses-m4-d20-y2022-ant4-0.12x-4-methyl-3-heptanol-40-t219-z0um
ses-m4+d20+y2022+ant4+0+12x+4+methyl+3+heptanol+40+t219+z100um	ses-m4-d20-y2022-ant4-0.12x-4-methyl-3-heptanol-40-t219-z100um
ses-m4+d20+y2022+ant4+0+12x+4+methyl+3+heptanol+40+t219+z105um	ses-m4-d20-y2022-ant4-0.12x-4-methyl-3-heptanol-40-t219-z105um
ses-m4+d20+y2022+ant4+0+12x+4+methyl+3+heptanol+40+t219+z10um	ses-m4-d20-y2022-ant4-0.12x-4-methyl-3-heptanol-40-t219-z10um
ses-m4+d20+y2022+ant4+0+12x+4+methyl+3+heptanol+40+t219+z110um	ses-m4-d20-y2022-ant4-0.12x-4-methyl-3-heptanol-40-t219-z110um
ses-m4+d20+y2022+ant4+0+12x+4+methyl+3+heptanol+40+t219+z115um	ses-m4-d20-y2022-ant4-0.12x-4-methyl-3-heptanol-40-t219-z115um
ses-m4+d20+y2022+ant4+0+12x+4+methyl+3+heptanol+40+t219+z120um	ses-m4-d20-y2022-ant4-0.12x-4-methyl-3-heptanol-40-t219-z120um
ses-m4+d20+y2022+ant4+0+12x+4+methyl+3+heptanol+40+t219+z125um	ses-m4-d20-y2022-ant4-0.12x-4-methyl-3-heptanol-40-t219-z125um
ses-m4+d20+y2022+ant4+0+12x+4+methyl+3+heptanol+40+t219+z130um	ses-m4-d20-y2022-ant4-0.12x-4-methyl-3-heptanol-40-t219-z130um
ses-m4+d20+y2022+ant4+0+12x+4+methyl+3+heptanol+40+t219+z135um	ses-m4-d20-y2022-ant4-0.12x-4-methyl-3-heptanol-40-t219-z135um
ses-m4+d20+y2022+ant4+0+12x+4+methyl+3+heptanol+40+t219+z140um	ses-m4-d20-y2022-ant4-0.12x-4-methyl-3-heptanol-40-t219-z140um
ses-m4+d20+y2022+ant4+0+12x+4+methyl+3+heptanol+40+t219+z145um	ses-m4-d20-y2022-ant4-0.12x-4-methyl-3-heptanol-40-t219-z145um
ses-m4+d20+y2022+ant4+0+12x+4+methyl+3+heptanol+40+t219+z150um	ses-m4-d20-y2022-ant4-0.12x-4-methyl-3-heptanol-40-t219-z150um
ses-m4+d20+y2022+ant4+0+12x+4+methyl+3+heptanol+40+t219+z155um	ses-m4-d20-y2022-ant4-0.12x-4-methyl-3-heptanol-40-t219-z155um
ses-m4+d20+y2022+ant4+0+12x+4+methyl+3+heptanol+40+t219+z15um	ses-m4-d20-y2022-ant4-0.12x-4-methyl-3-heptanol-40-t219-z15um
ses-m4+d20+y2022+ant4+0+12x+4+methyl+3+heptanol+40+t219+z160um	ses-m4-d20-y2022-ant4-0.12x-4-methyl-3-heptanol-40-t219-z160um
ses-m4+d20+y2022+ant4+0+12x+4+methyl+3+heptanol+40+t219+z20um	ses-m4-d20-y2022-ant4-0.12x-4-methyl-3-heptanol-40-t219-z20um
ses-m4+d20+y2022+ant4+0+12x+4+methyl+3+heptanol+40+t219+z25um	ses-m4-d20-y2022-ant4-0.12x-4-methyl-3-heptanol-40-t219-z25um
ses-m4+d20+y2022+ant4+0+12x+4+methyl+3+heptanol+40+t219+z30um	ses-m4-d20-y2022-ant4-0.12x-4-methyl-3-heptanol-40-t219-z30um
ses-m4+d20+y2022+ant4+0+12x+4+methyl+3+heptanol+40+t219+z35um	ses-m4-d20-y2022-ant4-0.12x-4-methyl-3-heptanol-40-t219-z35um
ses-m4+d20+y2022+ant4+0+12x+4+methyl+3+heptanol+40+t219+z40um	ses-m4-d20-y2022-ant4-0.12x-4-methyl-3-heptanol-40-t219-z40um
ses-m4+d20+y2022+ant4+0+12x+4+methyl+3+heptanol+40+t219+z45um	ses-m4-d20-y2022-ant4-0.12x-4-methyl-3-heptanol-40-t219-z45um
ses-m4+d20+y2022+ant4+0+12x+4+methyl+3+heptanol+40+t219+z50um	ses-m4-d20-y2022-ant4-0.12x-4-methyl-3-heptanol-40-t219-z50um
ses-m4+d20+y2022+ant4+0+12x+4+methyl+3+heptanol+40+t219+z55um	ses-m4-d20-y2022-ant4-0.12x-4-methyl-3-heptanol-40-t219-z55um
ses-m4+d20+y2022+ant4+0+12x+4+methyl+3+heptanol+40+t219+z5um	ses-m4-d20-y2022-ant4-0.12x-4-methyl-3-heptanol-40-t219-z5um
ses-m4+d20+y2022+ant4+0+12x+4+methyl+3+heptanol+40+t219+z60um	ses-m4-d20-y2022-ant4-0.12x-4-methyl-3-heptanol-40-t219-z60um
ses-m4+d20+y2022+ant4+0+12x+4+methyl+3+heptanol+40+t219+z65um	ses-m4-d20-y2022-ant4-0.12x-4-methyl-3-heptanol-40-t219-z65um
ses-m4+d20+y2022+ant4+0+12x+4+methyl+3+heptanol+40+t219+z70um	ses-m4-d20-y2022-ant4-0.12x-4-methyl-3-heptanol-40-t219-z70um
ses-m4+d20+y2022+ant4+0+12x+4+methyl+3+heptanol+40+t219+z75um	ses-m4-d20-y2022-ant4-0.12x-4-methyl-3-heptanol-40-t219-z75um
ses-m4+d20+y2022+ant4+0+12x+4+methyl+3+heptanol+40+t219+z80um	ses-m4-d20-y2022-ant4-0.12x-4-methyl-3-heptanol-40-t219-z80um
ses-m4+d20+y2022+ant4+0+12x+4+methyl+3+heptanol+40+t219+z85um	ses-m4-d20-y2022-ant4-0.12x-4-methyl-3-heptanol-40-t219-z85um
ses-m4+d20+y2022+ant4+0+12x+4+methyl+3+heptanol+40+t219+z90um	ses-m4-d20-y2022-ant4-0.12x-4-methyl-3-heptanol-40-t219-z90um
ses-m4+d20+y2022+ant4+0+12x+4+methyl+3+heptanol+40+t219+z95um	ses-m4-d20-y2022-ant4-0.12x-4-methyl-3-heptanol-40-t219-z95um
ses-m4+d20+y2022+ant4+0+12x+4+methyl+3+heptanol+40+t224+z0um	ses-m4-d20-y2022-ant4-0.12x-4-methyl-3-heptanol-40-t224-z0um
ses-m4+d20+y2022+ant4+0+12x+4+methyl+3+heptanol+40+t224+z100um	ses-m4-d20-y2022-ant4-0.12x-4-methyl-3-heptanol-40-t224-z100um
ses-m4+d20+y2022+ant4+0+12x+4+methyl+3+heptanol+40+t224+z105um	ses-m4-d20-y2022-ant4-0.12x-4-methyl-3-heptanol-40-t224-z105um
ses-m4+d20+y2022+ant4+0+12x+4+methyl+3+heptanol+40+t224+z10um	ses-m4-d20-y2022-ant4-0.12x-4-methyl-3-heptanol-40-t224-z10um
ses-m4+d20+y2022+ant4+0+12x+4+methyl+3+heptanol+40+t224+z110um	ses-m4-d20-y2022-ant4-0.12x-4-methyl-3-heptanol-40-t224-z110um
ses-m4+d20+y2022+ant4+0+12x+4+methyl+3+heptanol+40+t224+z115um	ses-m4-d20-y2022-ant4-0.12x-4-methyl-3-heptanol-40-t224-z115um
ses-m4+d20+y2022+ant4+0+12x+4+methyl+3+heptanol+40+t224+z120um	ses-m4-d20-y2022-ant4-0.12x-4-methyl-3-heptanol-40-t224-z120um
ses-m4+d20+y2022+ant4+0+12x+4+methyl+3+heptanol+40+t224+z125um	ses-m4-d20-y2022-ant4-0.12x-4-methyl-3-heptanol-40-t224-z125um
ses-m4+d20+y2022+ant4+0+12x+4+methyl+3+heptanol+40+t224+z130um	ses-m4-d20-y2022-ant4-0.12x-4-methyl-3-heptanol-40-t224-z130um
ses-m4+d20+y2022+ant4+0+12x+4+methyl+3+heptanol+40+t224+z135um	ses-m4-d20-y2022-ant4-0.12x-4-methyl-3-heptanol-40-t224-z135um
ses-m4+d20+y2022+ant4+0+12x+4+methyl+3+heptanol+40+t224+z140um	ses-m4-d20-y2022-ant4-0.12x-4-methyl-3-heptanol-40-t224-z140um
ses-m4+d20+y2022+ant4+0+12x+4+methyl+3+heptanol+40+t224+z145um	ses-m4-d20-y2022-ant4-0.12x-4-methyl-3-heptanol-40-t224-z145um
ses-m4+d20+y2022+ant4+0+12x+4+methyl+3+heptanol+40+t224+z150um	ses-m4-d20-y2022-ant4-0.12x-4-methyl-3-heptanol-40-t224-z150um
ses-m4+d20+y2022+ant4+0+12x+4+methyl+3+heptanol+40+t224+z155um	ses-m4-d20-y2022-ant4-0.12x-4-methyl-3-heptanol-40-t224-z155um
ses-m4+d20+y2022+ant4+0+12x+4+methyl+3+heptanol+40+t224+z15um	ses-m4-d20-y2022-ant4-0.12x-4-methyl-3-heptanol-40-t224-z15um
ses-m4+d20+y2022+ant4+0+12x+4+methyl+3+heptanol+40+t224+z160um	ses-m4-d20-y2022-ant4-0.12x-4-methyl-3-heptanol-40-t224-z160um
ses-m4+d20+y2022+ant4+0+12x+4+methyl+3+heptanol+40+t224+z20um	ses-m4-d20-y2022-ant4-0.12x-4-methyl-3-heptanol-40-t224-z20um
ses-m4+d20+y2022+ant4+0+12x+4+methyl+3+heptanol+40+t224+z25um	ses-m4-d20-y2022-ant4-0.12x-4-methyl-3-heptanol-40-t224-z25um
ses-m4+d20+y2022+ant4+0+12x+4+methyl+3+heptanol+40+t224+z30um	ses-m4-d20-y2022-ant4-0.12x-4-methyl-3-heptanol-40-t224-z30um
ses-m4+d20+y2022+ant4+0+12x+4+methyl+3+heptanol+40+t224+z35um	ses-m4-d20-y2022-ant4-0.12x-4-methyl-3-heptanol-40-t224-z35um
ses-m4+d20+y2022+ant4+0+12x+4+methyl+3+heptanol+40+t224+z40um	ses-m4-d20-y2022-ant4-0.12x-4-methyl-3-heptanol-40-t224-z40um
ses-m4+d20+y2022+ant4+0+12x+4+methyl+3+heptanol+40+t224+z45um	ses-m4-d20-y2022-ant4-0.12x-4-methyl-3-heptanol-40-t224-z45um
ses-m4+d20+y2022+ant4+0+12x+4+methyl+3+heptanol+40+t224+z50um	ses-m4-d20-y2022-ant4-0.12x-4-methyl-3-heptanol-40-t224-z50um
ses-m4+d20+y2022+ant4+0+12x+4+methyl+3+heptanol+40+t224+z55um	ses-m4-d20-y2022-ant4-0.12x-4-methyl-3-heptanol-40-t224-z55um
ses-m4+d20+y2022+ant4+0+12x+4+methyl+3+heptanol+40+t224+z5um	ses-m4-d20-y2022-ant4-0.12x-4-methyl-3-heptanol-40-t224-z5um
ses-m4+d20+y2022+ant4+0+12x+4+methyl+3+heptanol+40+t224+z60um	ses-m4-d20-y2022-ant4-0.12x-4-methyl-3-heptanol-40-t224-z60um
ses-m4+d20+y2022+ant4+0+12x+4+methyl+3+heptanol+40+t224+z65um	ses-m4-d20-y2022-ant4-0.12x-4-methyl-3-heptanol-40-t224-z65um
ses-m4+d20+y2022+ant4+0+12x+4+methyl+3+heptanol+40+t224+z70um	ses-m4-d20-y2022-ant4-0.12x-4-methyl-3-heptanol-40-t224-z70um
ses-m4+d20+y2022+ant4+0+12x+4+methyl+3+heptanol+40+t224+z75um	ses-m4-d20-y2022-ant4-0.12x-4-methyl-3-heptanol-40-t224-z75um
ses-m4+d20+y2022+ant4+0+12x+4+methyl+3+heptanol+40+t224+z80um	ses-m4-d20-y2022-ant4-0.12x-4-methyl-3-heptanol-40-t224-z80um
ses-m4+d20+y2022+ant4+0+12x+4+methyl+3+heptanol+40+t224+z85um	ses-m4-d20-y2022-ant4-0.12x-4-methyl-3-heptanol-40-t224-z85um
ses-m4+d20+y2022+ant4+0+12x+4+methyl+3+heptanol+40+t224+z90um	ses-m4-d20-y2022-ant4-0.12x-4-methyl-3-heptanol-40-t224-z90um
ses-m4+d20+y2022+ant4+0+12x+4+methyl+3+heptanol+40+t224+z95um	ses-m4-d20-y2022-ant4-0.12x-4-methyl-3-heptanol-40-t224-z95um
ses-m4+d20+y2022+ant4+0+12x+4+methyl+3+heptanone+40+t213+z0um	ses-m4-d20-y2022-ant4-0.12x-4-methyl-3-heptanone-40-t213-z0um
ses-m4+d20+y2022+ant4+0+12x+4+methyl+3+heptanone+40+t213+z100um	ses-m4-d20-y2022-ant4-0.12x-4-methyl-3-heptanone-40-t213-z100um
ses-m4+d20+y2022+ant4+0+12x+4+methyl+3+heptanone+40+t213+z105um	ses-m4-d20-y2022-ant4-0.12x-4-methyl-3-heptanone-40-t213-z105um
ses-m4+d20+y2022+ant4+0+12x+4+methyl+3+heptanone+40+t213+z10um	ses-m4-d20-y2022-ant4-0.12x-4-methyl-3-heptanone-40-t213-z10um
ses-m4+d20+y2022+ant4+0+12x+4+methyl+3+heptanone+40+t213+z110um	ses-m4-d20-y2022-ant4-0.12x-4-methyl-3-heptanone-40-t213-z110um
ses-m4+d20+y2022+ant4+0+12x+4+methyl+3+heptanone+40+t213+z115um	ses-m4-d20-y2022-ant4-0.12x-4-methyl-3-heptanone-40-t213-z115um
ses-m4+d20+y2022+ant4+0+12x+4+methyl+3+heptanone+40+t213+z120um	ses-m4-d20-y2022-ant4-0.12x-4-methyl-3-heptanone-40-t213-z120um
ses-m4+d20+y2022+ant4+0+12x+4+methyl+3+heptanone+40+t213+z125um	ses-m4-d20-y2022-ant4-0.12x-4-methyl-3-heptanone-40-t213-z125um
ses-m4+d20+y2022+ant4+0+12x+4+methyl+3+heptanone+40+t213+z130um	ses-m4-d20-y2022-ant4-0.12x-4-methyl-3-heptanone-40-t213-z130um
ses-m4+d20+y2022+ant4+0+12x+4+methyl+3+heptanone+40+t213+z135um	ses-m4-d20-y2022-ant4-0.12x-4-methyl-3-heptanone-40-t213-z135um
ses-m4+d20+y2022+ant4+0+12x+4+methyl+3+heptanone+40+t213+z140um	ses-m4-d20-y2022-ant4-0.12x-4-methyl-3-heptanone-40-t213-z140um
ses-m4+d20+y2022+ant4+0+12x+4+methyl+3+heptanone+40+t213+z145um	ses-m4-d20-y2022-ant4-0.12x-4-methyl-3-heptanone-40-t213-z145um
ses-m4+d20+y2022+ant4+0+12x+4+methyl+3+heptanone+40+t213+z150um	ses-m4-d20-y2022-ant4-0.12x-4-methyl-3-heptanone-40-t213-z150um
ses-m4+d20+y2022+ant4+0+12x+4+methyl+3+heptanone+40+t213+z155um	ses-m4-d20-y2022-ant4-0.12x-4-methyl-3-heptanone-40-t213-z155um
ses-m4+d20+y2022+ant4+0+12x+4+methyl+3+heptanone+40+t213+z15um	ses-m4-d20-y2022-ant4-0.12x-4-methyl-3-heptanone-40-t213-z15um
ses-m4+d20+y2022+ant4+0+12x+4+methyl+3+heptanone+40+t213+z160um	ses-m4-d20-y2022-ant4-0.12x-4-methyl-3-heptanone-40-t213-z160um
ses-m4+d20+y2022+ant4+0+12x+4+methyl+3+heptanone+40+t213+z20um	ses-m4-d20-y2022-ant4-0.12x-4-methyl-3-heptanone-40-t213-z20um
ses-m4+d20+y2022+ant4+0+12x+4+methyl+3+heptanone+40+t213+z25um	ses-m4-d20-y2022-ant4-0.12x-4-methyl-3-heptanone-40-t213-z25um
ses-m4+d20+y2022+ant4+0+12x+4+methyl+3+heptanone+40+t213+z30um	ses-m4-d20-y2022-ant4-0.12x-4-methyl-3-heptanone-40-t213-z30um
ses-m4+d20+y2022+ant4+0+12x+4+methyl+3+heptanone+40+t213+z35um	ses-m4-d20-y2022-ant4-0.12x-4-methyl-3-heptanone-40-t213-z35um
ses-m4+d20+y2022+ant4+0+12x+4+methyl+3+heptanone+40+t213+z40um	ses-m4-d20-y2022-ant4-0.12x-4-methyl-3-heptanone-40-t213-z40um
ses-m4+d20+y2022+ant4+0+12x+4+methyl+3+heptanone+40+t213+z45um	ses-m4-d20-y2022-ant4-0.12x-4-methyl-3-heptanone-40-t213-z45um
ses-m4+d20+y2022+ant4+0+12x+4+methyl+3+heptanone+40+t213+z50um	ses-m4-d20-y2022-ant4-0.12x-4-methyl-3-heptanone-40-t213-z50um
ses-m4+d20+y2022+ant4+0+12x+4+methyl+3+heptanone+40+t213+z55um	ses-m4-d20-y2022-ant4-0.12x-4-methyl-3-heptanone-40-t213-z55um
ses-m4+d20+y2022+ant4+0+12x+4+methyl+3+heptanone+40+t213+z5um	ses-m4-d20-y2022-ant4-0.12x-4-methyl-3-heptanone-40-t213-z5um
ses-m4+d20+y2022+ant4+0+12x+4+methyl+3+heptanone+40+t213+z60um	ses-m4-d20-y2022-ant4-0.12x-4-methyl-3-heptanone-40-t213-z60um
ses-m4+d20+y2022+ant4+0+12x+4+methyl+3+heptanone+40+t213+z65um	ses-m4-d20-y2022-ant4-0.12x-4-methyl-3-heptanone-40-t213-z65um
ses-m4+d20+y2022+ant4+0+12x+4+methyl+3+heptanone+40+t213+z70um	ses-m4-d20-y2022-ant4-0.12x-4-methyl-3-heptanone-40-t213-z70um
ses-m4+d20+y2022+ant4+0+12x+4+methyl+3+heptanone+40+t213+z75um	ses-m4-d20-y2022-ant4-0.12x-4-methyl-3-heptanone-40-t213-z75um
ses-m4+d20+y2022+ant4+0+12x+4+methyl+3+heptanone+40+t213+z80um	ses-m4-d20-y2022-ant4-0.12x-4-methyl-3-heptanone-40-t213-z80um
ses-m4+d20+y2022+ant4+0+12x+4+methyl+3+heptanone+40+t213+z85um	ses-m4-d20-y2022-ant4-0.12x-4-methyl-3-heptanone-40-t213-z85um
ses-m4+d20+y2022+ant4+0+12x+4+methyl+3+heptanone+40+t213+z90um	ses-m4-d20-y2022-ant4-0.12x-4-methyl-3-heptanone-40-t213-z90um
ses-m4+d20+y2022+ant4+0+12x+4+methyl+3+heptanone+40+t213+z95um	ses-m4-d20-y2022-ant4-0.12x-4-methyl-3-heptanone-40-t213-z95um
ses-m4+d20+y2022+ant4+0+12x+4+methyl+3+heptanone+40+t218+z0um	ses-m4-d20-y2022-ant4-0.12x-4-methyl-3-heptanone-40-t218-z0um
ses-m4+d20+y2022+ant4+0+12x+4+methyl+3+heptanone+40+t218+z100um	ses-m4-d20-y2022-ant4-0.12x-4-methyl-3-heptanone-40-t218-z100um
ses-m4+d20+y2022+ant4+0+12x+4+methyl+3+heptanone+40+t218+z105um	ses-m4-d20-y2022-ant4-0.12x-4-methyl-3-heptanone-40-t218-z105um
ses-m4+d20+y2022+ant4+0+12x+4+methyl+3+heptanone+40+t218+z10um	ses-m4-d20-y2022-ant4-0.12x-4-methyl-3-heptanone-40-t218-z10um
ses-m4+d20+y2022+ant4+0+12x+4+methyl+3+heptanone+40+t218+z110um	ses-m4-d20-y2022-ant4-0.12x-4-methyl-3-heptanone-40-t218-z110um
ses-m4+d20+y2022+ant4+0+12x+4+methyl+3+heptanone+40+t218+z115um	ses-m4-d20-y2022-ant4-0.12x-4-methyl-3-heptanone-40-t218-z115um
ses-m4+d20+y2022+ant4+0+12x+4+methyl+3+heptanone+40+t218+z120um	ses-m4-d20-y2022-ant4-0.12x-4-methyl-3-heptanone-40-t218-z120um
ses-m4+d20+y2022+ant4+0+12x+4+methyl+3+heptanone+40+t218+z125um	ses-m4-d20-y2022-ant4-0.12x-4-methyl-3-heptanone-40-t218-z125um
ses-m4+d20+y2022+ant4+0+12x+4+methyl+3+heptanone+40+t218+z130um	ses-m4-d20-y2022-ant4-0.12x-4-methyl-3-heptanone-40-t218-z130um
ses-m4+d20+y2022+ant4+0+12x+4+methyl+3+heptanone+40+t218+z135um	ses-m4-d20-y2022-ant4-0.12x-4-methyl-3-heptanone-40-t218-z135um
ses-m4+d20+y2022+ant4+0+12x+4+methyl+3+heptanone+40+t218+z140um	ses-m4-d20-y2022-ant4-0.12x-4-methyl-3-heptanone-40-t218-z140um
ses-m4+d20+y2022+ant4+0+12x+4+methyl+3+heptanone+40+t218+z145um	ses-m4-d20-y2022-ant4-0.12x-4-methyl-3-heptanone-40-t218-z145um
ses-m4+d20+y2022+ant4+0+12x+4+methyl+3+heptanone+40+t218+z150um	ses-m4-d20-y2022-ant4-0.12x-4-methyl-3-heptanone-40-t218-z150um
ses-m4+d20+y2022+ant4+0+12x+4+methyl+3+heptanone+40+t218+z155um	ses-m4-d20-y2022-ant4-0.12x-4-methyl-3-heptanone-40-t218-z155um
ses-m4+d20+y2022+ant4+0+12x+4+methyl+3+heptanone+40+t218+z15um	ses-m4-d20-y2022-ant4-0.12x-4-methyl-3-heptanone-40-t218-z15um
ses-m4+d20+y2022+ant4+0+12x+4+methyl+3+heptanone+40+t218+z160um	ses-m4-d20-y2022-ant4-0.12x-4-methyl-3-heptanone-40-t218-z160um
ses-m4+d20+y2022+ant4+0+12x+4+methyl+3+heptanone+40+t218+z20um	ses-m4-d20-y2022-ant4-0.12x-4-methyl-3-heptanone-40-t218-z20um
ses-m4+d20+y2022+ant4+0+12x+4+methyl+3+heptanone+40+t218+z25um	ses-m4-d20-y2022-ant4-0.12x-4-methyl-3-heptanone-40-t218-z25um
ses-m4+d20+y2022+ant4+0+12x+4+methyl+3+heptanone+40+t218+z30um	ses-m4-d20-y2022-ant4-0.12x-4-methyl-3-heptanone-40-t218-z30um
ses-m4+d20+y2022+ant4+0+12x+4+methyl+3+heptanone+40+t218+z35um	ses-m4-d20-y2022-ant4-0.12x-4-methyl-3-heptanone-40-t218-z35um
ses-m4+d20+y2022+ant4+0+12x+4+methyl+3+heptanone+40+t218+z40um	ses-m4-d20-y2022-ant4-0.12x-4-methyl-3-heptanone-40-t218-z40um
ses-m4+d20+y2022+ant4+0+12x+4+methyl+3+heptanone+40+t218+z45um	ses-m4-d20-y2022-ant4-0.12x-4-methyl-3-heptanone-40-t218-z45um
ses-m4+d20+y2022+ant4+0+12x+4+methyl+3+heptanone+40+t218+z50um	ses-m4-d20-y2022-ant4-0.12x-4-methyl-3-heptanone-40-t218-z50um
ses-m4+d20+y2022+ant4+0+12x+4+methyl+3+heptanone+40+t218+z55um	ses-m4-d20-y2022-ant4-0.12x-4-methyl-3-heptanone-40-t218-z55um
ses-m4+d20+y2022+ant4+0+12x+4+methyl+3+heptanone+40+t218+z5um	ses-m4-d20-y2022-ant4-0.12x-4-methyl-3-heptanone-40-t218-z5um
ses-m4+d20+y2022+ant4+0+12x+4+methyl+3+heptanone+40+t218+z60um	ses-m4-d20-y2022-ant4-0.12x-4-methyl-3-heptanone-40-t218-z60um
ses-m4+d20+y2022+ant4+0+12x+4+methyl+3+heptanone+40+t218+z65um	ses-m4-d20-y2022-ant4-0.12x-4-methyl-3-heptanone-40-t218-z65um
ses-m4+d20+y2022+ant4+0+12x+4+methyl+3+heptanone+40+t218+z70um	ses-m4-d20-y2022-ant4-0.12x-4-methyl-3-heptanone-40-t218-z70um
ses-m4+d20+y2022+ant4+0+12x+4+methyl+3+heptanone+40+t218+z75um	ses-m4-d20-y2022-ant4-0.12x-4-methyl-3-heptanone-40-t218-z75um
ses-m4+d20+y2022+ant4+0+12x+4+methyl+3+heptanone+40+t218+z80um	ses-m4-d20-y2022-ant4-0.12x-4-methyl-3-heptanone-40-t218-z80um
ses-m4+d20+y2022+ant4+0+12x+4+methyl+3+heptanone+40+t218+z85um	ses-m4-d20-y2022-ant4-0.12x-4-methyl-3-heptanone-40-t218-z85um
ses-m4+d20+y2022+ant4+0+12x+4+methyl+3+heptanone+40+t218+z90um	ses-m4-d20-y2022-ant4-0.12x-4-methyl-3-heptanone-40-t218-z90um
ses-m4+d20+y2022+ant4+0+12x+4+methyl+3+heptanone+40+t218+z95um	ses-m4-d20-y2022-ant4-0.12x-4-methyl-3-heptanone-40-t218-z95um
ses-m4+d20+y2022+ant4+0+12x+4+methyl+3+heptanone+40+t223+z0um	ses-m4-d20-y2022-ant4-0.12x-4-methyl-3-heptanone-40-t223-z0um
ses-m4+d20+y2022+ant4+0+12x+4+methyl+3+heptanone+40+t223+z100um	ses-m4-d20-y2022-ant4-0.12x-4-methyl-3-heptanone-40-t223-z100um
ses-m4+d20+y2022+ant4+0+12x+4+methyl+3+heptanone+40+t223+z105um	ses-m4-d20-y2022-ant4-0.12x-4-methyl-3-heptanone-40-t223-z105um
ses-m4+d20+y2022+ant4+0+12x+4+methyl+3+heptanone+40+t223+z10um	ses-m4-d20-y2022-ant4-0.12x-4-methyl-3-heptanone-40-t223-z10um
ses-m4+d20+y2022+ant4+0+12x+4+methyl+3+heptanone+40+t223+z110um	ses-m4-d20-y2022-ant4-0.12x-4-methyl-3-heptanone-40-t223-z110um
ses-m4+d20+y2022+ant4+0+12x+4+methyl+3+heptanone+40+t223+z115um	ses-m4-d20-y2022-ant4-0.12x-4-methyl-3-heptanone-40-t223-z115um
ses-m4+d20+y2022+ant4+0+12x+4+methyl+3+heptanone+40+t223+z120um	ses-m4-d20-y2022-ant4-0.12x-4-methyl-3-heptanone-40-t223-z120um
ses-m4+d20+y2022+ant4+0+12x+4+methyl+3+heptanone+40+t223+z125um	ses-m4-d20-y2022-ant4-0.12x-4-methyl-3-heptanone-40-t223-z125um
ses-m4+d20+y2022+ant4+0+12x+4+methyl+3+heptanone+40+t223+z130um	ses-m4-d20-y2022-ant4-0.12x-4-methyl-3-heptanone-40-t223-z130um
ses-m4+d20+y2022+ant4+0+12x+4+methyl+3+heptanone+40+t223+z135um	ses-m4-d20-y2022-ant4-0.12x-4-methyl-3-heptanone-40-t223-z135um
ses-m4+d20+y2022+ant4+0+12x+4+methyl+3+heptanone+40+t223+z140um	ses-m4-d20-y2022-ant4-0.12x-4-methyl-3-heptanone-40-t223-z140um
ses-m4+d20+y2022+ant4+0+12x+4+methyl+3+heptanone+40+t223+z145um	ses-m4-d20-y2022-ant4-0.12x-4-methyl-3-heptanone-40-t223-z145um
ses-m4+d20+y2022+ant4+0+12x+4+methyl+3+heptanone+40+t223+z150um	ses-m4-d20-y2022-ant4-0.12x-4-methyl-3-heptanone-40-t223-z150um
ses-m4+d20+y2022+ant4+0+12x+4+methyl+3+heptanone+40+t223+z155um	ses-m4-d20-y2022-ant4-0.12x-4-methyl-3-heptanone-40-t223-z155um
ses-m4+d20+y2022+ant4+0+12x+4+methyl+3+heptanone+40+t223+z15um	ses-m4-d20-y2022-ant4-0.12x-4-methyl-3-heptanone-40-t223-z15um
ses-m4+d20+y2022+ant4+0+12x+4+methyl+3+heptanone+40+t223+z160um	ses-m4-d20-y2022-ant4-0.12x-4-methyl-3-heptanone-40-t223-z160um
ses-m4+d20+y2022+ant4+0+12x+4+methyl+3+heptanone+40+t223+z20um	ses-m4-d20-y2022-ant4-0.12x-4-methyl-3-heptanone-40-t223-z20um
ses-m4+d20+y2022+ant4+0+12x+4+methyl+3+heptanone+40+t223+z25um	ses-m4-d20-y2022-ant4-0.12x-4-methyl-3-heptanone-40-t223-z25um
ses-m4+d20+y2022+ant4+0+12x+4+methyl+3+heptanone+40+t223+z30um	ses-m4-d20-y2022-ant4-0.12x-4-methyl-3-heptanone-40-t223-z30um
ses-m4+d20+y2022+ant4+0+12x+4+methyl+3+heptanone+40+t223+z35um	ses-m4-d20-y2022-ant4-0.12x-4-methyl-3-heptanone-40-t223-z35um
ses-m4+d20+y2022+ant4+0+12x+4+methyl+3+heptanone+40+t223+z40um	ses-m4-d20-y2022-ant4-0.12x-4-methyl-3-heptanone-40-t223-z40um
ses-m4+d20+y2022+ant4+0+12x+4+methyl+3+heptanone+40+t223+z45um	ses-m4-d20-y2022-ant4-0.12x-4-methyl-3-heptanone-40-t223-z45um
ses-m4+d20+y2022+ant4+0+12x+4+methyl+3+heptanone+40+t223+z50um	ses-m4-d20-y2022-ant4-0.12x-4-methyl-3-heptanone-40-t223-z50um
ses-m4+d20+y2022+ant4+0+12x+4+methyl+3+heptanone+40+t223+z55um	ses-m4-d20-y2022-ant4-0.12x-4-methyl-3-heptanone-40-t223-z55um
ses-m4+d20+y2022+ant4+0+12x+4+methyl+3+heptanone+40+t223+z5um	ses-m4-d20-y2022-ant4-0.12x-4-methyl-3-heptanone-40-t223-z5um
ses-m4+d20+y2022+ant4+0+12x+4+methyl+3+heptanone+40+t223+z60um	ses-m4-d20-y2022-ant4-0.12x-4-methyl-3-heptanone-40-t223-z60um
ses-m4+d20+y2022+ant4+0+12x+4+methyl+3+heptanone+40+t223+z65um	ses-m4-d20-y2022-ant4-0.12x-4-methyl-3-heptanone-40-t223-z65um
ses-m4+d20+y2022+ant4+0+12x+4+methyl+3+heptanone+40+t223+z70um	ses-m4-d20-y2022-ant4-0.12x-4-methyl-3-heptanone-40-t223-z70um
ses-m4+d20+y2022+ant4+0+12x+4+methyl+3+heptanone+40+t223+z75um	ses-m4-d20-y2022-ant4-0.12x-4-methyl-3-heptanone-40-t223-z75um
ses-m4+d20+y2022+ant4+0+12x+4+methyl+3+heptanone+40+t223+z80um	ses-m4-d20-y2022-ant4-0.12x-4-methyl-3-heptanone-40-t223-z80um
ses-m4+d20+y2022+ant4+0+12x+4+methyl+3+heptanone+40+t223+z85um	ses-m4-d20-y2022-ant4-0.12x-4-methyl-3-heptanone-40-t223-z85um
ses-m4+d20+y2022+ant4+0+12x+4+methyl+3+heptanone+40+t223+z90um	ses-m4-d20-y2022-ant4-0.12x-4-methyl-3-heptanone-40-t223-z90um
ses-m4+d20+y2022+ant4+0+12x+4+methyl+3+heptanone+40+t223+z95um	ses-m4-d20-y2022-ant4-0.12x-4-methyl-3-heptanone-40-t223-z95um
ses-m4+d20+y2022+ant4+0+12x+4+methyl+3+hexanol+40+t215+z0um	ses-m4-d20-y2022-ant4-0.12x-4-methyl-3-hexanol-40-t215-z0um
ses-m4+d20+y2022+ant4+0+12x+4+methyl+3+hexanol+40+t215+z100um	ses-m4-d20-y2022-ant4-0.12x-4-methyl-3-hexanol-40-t215-z100um
ses-m4+d20+y2022+ant4+0+12x+4+methyl+3+hexanol+40+t215+z105um	ses-m4-d20-y2022-ant4-0.12x-4-methyl-3-hexanol-40-t215-z105um
ses-m4+d20+y2022+ant4+0+12x+4+methyl+3+hexanol+40+t215+z10um	ses-m4-d20-y2022-ant4-0.12x-4-methyl-3-hexanol-40-t215-z10um
ses-m4+d20+y2022+ant4+0+12x+4+methyl+3+hexanol+40+t215+z110um	ses-m4-d20-y2022-ant4-0.12x-4-methyl-3-hexanol-40-t215-z110um
ses-m4+d20+y2022+ant4+0+12x+4+methyl+3+hexanol+40+t215+z115um	ses-m4-d20-y2022-ant4-0.12x-4-methyl-3-hexanol-40-t215-z115um
ses-m4+d20+y2022+ant4+0+12x+4+methyl+3+hexanol+40+t215+z120um	ses-m4-d20-y2022-ant4-0.12x-4-methyl-3-hexanol-40-t215-z120um
ses-m4+d20+y2022+ant4+0+12x+4+methyl+3+hexanol+40+t215+z125um	ses-m4-d20-y2022-ant4-0.12x-4-methyl-3-hexanol-40-t215-z125um
ses-m4+d20+y2022+ant4+0+12x+4+methyl+3+hexanol+40+t215+z130um	ses-m4-d20-y2022-ant4-0.12x-4-methyl-3-hexanol-40-t215-z130um
ses-m4+d20+y2022+ant4+0+12x+4+methyl+3+hexanol+40+t215+z135um	ses-m4-d20-y2022-ant4-0.12x-4-methyl-3-hexanol-40-t215-z135um
ses-m4+d20+y2022+ant4+0+12x+4+methyl+3+hexanol+40+t215+z140um	ses-m4-d20-y2022-ant4-0.12x-4-methyl-3-hexanol-40-t215-z140um
ses-m4+d20+y2022+ant4+0+12x+4+methyl+3+hexanol+40+t215+z145um	ses-m4-d20-y2022-ant4-0.12x-4-methyl-3-hexanol-40-t215-z145um
ses-m4+d20+y2022+ant4+0+12x+4+methyl+3+hexanol+40+t215+z150um	ses-m4-d20-y2022-ant4-0.12x-4-methyl-3-hexanol-40-t215-z150um
ses-m4+d20+y2022+ant4+0+12x+4+methyl+3+hexanol+40+t215+z155um	ses-m4-d20-y2022-ant4-0.12x-4-methyl-3-hexanol-40-t215-z155um
ses-m4+d20+y2022+ant4+0+12x+4+methyl+3+hexanol+40+t215+z15um	ses-m4-d20-y2022-ant4-0.12x-4-methyl-3-hexanol-40-t215-z15um
ses-m4+d20+y2022+ant4+0+12x+4+methyl+3+hexanol+40+t215+z160um	ses-m4-d20-y2022-ant4-0.12x-4-methyl-3-hexanol-40-t215-z160um
ses-m4+d20+y2022+ant4+0+12x+4+methyl+3+hexanol+40+t215+z20um	ses-m4-d20-y2022-ant4-0.12x-4-methyl-3-hexanol-40-t215-z20um
ses-m4+d20+y2022+ant4+0+12x+4+methyl+3+hexanol+40+t215+z25um	ses-m4-d20-y2022-ant4-0.12x-4-methyl-3-hexanol-40-t215-z25um
ses-m4+d20+y2022+ant4+0+12x+4+methyl+3+hexanol+40+t215+z30um	ses-m4-d20-y2022-ant4-0.12x-4-methyl-3-hexanol-40-t215-z30um
ses-m4+d20+y2022+ant4+0+12x+4+methyl+3+hexanol+40+t215+z35um	ses-m4-d20-y2022-ant4-0.12x-4-methyl-3-hexanol-40-t215-z35um
ses-m4+d20+y2022+ant4+0+12x+4+methyl+3+hexanol+40+t215+z40um	ses-m4-d20-y2022-ant4-0.12x-4-methyl-3-hexanol-40-t215-z40um
ses-m4+d20+y2022+ant4+0+12x+4+methyl+3+hexanol+40+t215+z45um	ses-m4-d20-y2022-ant4-0.12x-4-methyl-3-hexanol-40-t215-z45um
ses-m4+d20+y2022+ant4+0+12x+4+methyl+3+hexanol+40+t215+z50um	ses-m4-d20-y2022-ant4-0.12x-4-methyl-3-hexanol-40-t215-z50um
ses-m4+d20+y2022+ant4+0+12x+4+methyl+3+hexanol+40+t215+z55um	ses-m4-d20-y2022-ant4-0.12x-4-methyl-3-hexanol-40-t215-z55um
ses-m4+d20+y2022+ant4+0+12x+4+methyl+3+hexanol+40+t215+z5um	ses-m4-d20-y2022-ant4-0.12x-4-methyl-3-hexanol-40-t215-z5um
ses-m4+d20+y2022+ant4+0+12x+4+methyl+3+hexanol+40+t215+z60um	ses-m4-d20-y2022-ant4-0.12x-4-methyl-3-hexanol-40-t215-z60um
ses-m4+d20+y2022+ant4+0+12x+4+methyl+3+hexanol+40+t215+z65um	ses-m4-d20-y2022-ant4-0.12x-4-methyl-3-hexanol-40-t215-z65um
ses-m4+d20+y2022+ant4+0+12x+4+methyl+3+hexanol+40+t215+z70um	ses-m4-d20-y2022-ant4-0.12x-4-methyl-3-hexanol-40-t215-z70um
ses-m4+d20+y2022+ant4+0+12x+4+methyl+3+hexanol+40+t215+z75um	ses-m4-d20-y2022-ant4-0.12x-4-methyl-3-hexanol-40-t215-z75um
ses-m4+d20+y2022+ant4+0+12x+4+methyl+3+hexanol+40+t215+z80um	ses-m4-d20-y2022-ant4-0.12x-4-methyl-3-hexanol-40-t215-z80um
ses-m4+d20+y2022+ant4+0+12x+4+methyl+3+hexanol+40+t215+z85um	ses-m4-d20-y2022-ant4-0.12x-4-methyl-3-hexanol-40-t215-z85um
ses-m4+d20+y2022+ant4+0+12x+4+methyl+3+hexanol+40+t215+z90um	ses-m4-d20-y2022-ant4-0.12x-4-methyl-3-hexanol-40-t215-z90um
ses-m4+d20+y2022+ant4+0+12x+4+methyl+3+hexanol+40+t215+z95um	ses-m4-d20-y2022-ant4-0.12x-4-methyl-3-hexanol-40-t215-z95um
ses-m4+d20+y2022+ant4+0+12x+4+methyl+3+hexanol+40+t220+z0um	ses-m4-d20-y2022-ant4-0.12x-4-methyl-3-hexanol-40-t220-z0um
ses-m4+d20+y2022+ant4+0+12x+4+methyl+3+hexanol+40+t220+z100um	ses-m4-d20-y2022-ant4-0.12x-4-methyl-3-hexanol-40-t220-z100um
ses-m4+d20+y2022+ant4+0+12x+4+methyl+3+hexanol+40+t220+z105um	ses-m4-d20-y2022-ant4-0.12x-4-methyl-3-hexanol-40-t220-z105um
ses-m4+d20+y2022+ant4+0+12x+4+methyl+3+hexanol+40+t220+z10um	ses-m4-d20-y2022-ant4-0.12x-4-methyl-3-hexanol-40-t220-z10um
ses-m4+d20+y2022+ant4+0+12x+4+methyl+3+hexanol+40+t220+z110um	ses-m4-d20-y2022-ant4-0.12x-4-methyl-3-hexanol-40-t220-z110um
ses-m4+d20+y2022+ant4+0+12x+4+methyl+3+hexanol+40+t220+z115um	ses-m4-d20-y2022-ant4-0.12x-4-methyl-3-hexanol-40-t220-z115um
ses-m4+d20+y2022+ant4+0+12x+4+methyl+3+hexanol+40+t220+z120um	ses-m4-d20-y2022-ant4-0.12x-4-methyl-3-hexanol-40-t220-z120um
ses-m4+d20+y2022+ant4+0+12x+4+methyl+3+hexanol+40+t220+z125um	ses-m4-d20-y2022-ant4-0.12x-4-methyl-3-hexanol-40-t220-z125um
ses-m4+d20+y2022+ant4+0+12x+4+methyl+3+hexanol+40+t220+z130um	ses-m4-d20-y2022-ant4-0.12x-4-methyl-3-hexanol-40-t220-z130um
ses-m4+d20+y2022+ant4+0+12x+4+methyl+3+hexanol+40+t220+z135um	ses-m4-d20-y2022-ant4-0.12x-4-methyl-3-hexanol-40-t220-z135um
ses-m4+d20+y2022+ant4+0+12x+4+methyl+3+hexanol+40+t220+z140um	ses-m4-d20-y2022-ant4-0.12x-4-methyl-3-hexanol-40-t220-z140um
ses-m4+d20+y2022+ant4+0+12x+4+methyl+3+hexanol+40+t220+z145um	ses-m4-d20-y2022-ant4-0.12x-4-methyl-3-hexanol-40-t220-z145um
ses-m4+d20+y2022+ant4+0+12x+4+methyl+3+hexanol+40+t220+z150um	ses-m4-d20-y2022-ant4-0.12x-4-methyl-3-hexanol-40-t220-z150um
ses-m4+d20+y2022+ant4+0+12x+4+methyl+3+hexanol+40+t220+z155um	ses-m4-d20-y2022-ant4-0.12x-4-methyl-3-hexanol-40-t220-z155um
ses-m4+d20+y2022+ant4+0+12x+4+methyl+3+hexanol+40+t220+z15um	ses-m4-d20-y2022-ant4-0.12x-4-methyl-3-hexanol-40-t220-z15um
ses-m4+d20+y2022+ant4+0+12x+4+methyl+3+hexanol+40+t220+z160um	ses-m4-d20-y2022-ant4-0.12x-4-methyl-3-hexanol-40-t220-z160um
ses-m4+d20+y2022+ant4+0+12x+4+methyl+3+hexanol+40+t220+z20um	ses-m4-d20-y2022-ant4-0.12x-4-methyl-3-hexanol-40-t220-z20um
ses-m4+d20+y2022+ant4+0+12x+4+methyl+3+hexanol+40+t220+z25um	ses-m4-d20-y2022-ant4-0.12x-4-methyl-3-hexanol-40-t220-z25um
ses-m4+d20+y2022+ant4+0+12x+4+methyl+3+hexanol+40+t220+z30um	ses-m4-d20-y2022-ant4-0.12x-4-methyl-3-hexanol-40-t220-z30um
ses-m4+d20+y2022+ant4+0+12x+4+methyl+3+hexanol+40+t220+z35um	ses-m4-d20-y2022-ant4-0.12x-4-methyl-3-hexanol-40-t220-z35um
ses-m4+d20+y2022+ant4+0+12x+4+methyl+3+hexanol+40+t220+z40um	ses-m4-d20-y2022-ant4-0.12x-4-methyl-3-hexanol-40-t220-z40um
ses-m4+d20+y2022+ant4+0+12x+4+methyl+3+hexanol+40+t220+z45um	ses-m4-d20-y2022-ant4-0.12x-4-methyl-3-hexanol-40-t220-z45um
ses-m4+d20+y2022+ant4+0+12x+4+methyl+3+hexanol+40+t220+z50um	ses-m4-d20-y2022-ant4-0.12x-4-methyl-3-hexanol-40-t220-z50um
ses-m4+d20+y2022+ant4+0+12x+4+methyl+3+hexanol+40+t220+z55um	ses-m4-d20-y2022-ant4-0.12x-4-methyl-3-hexanol-40-t220-z55um
ses-m4+d20+y2022+ant4+0+12x+4+methyl+3+hexanol+40+t220+z5um	ses-m4-d20-y2022-ant4-0.12x-4-methyl-3-hexanol-40-t220-z5um
ses-m4+d20+y2022+ant4+0+12x+4+methyl+3+hexanol+40+t220+z60um	ses-m4-d20-y2022-ant4-0.12x-4-methyl-3-hexanol-40-t220-z60um
ses-m4+d20+y2022+ant4+0+12x+4+methyl+3+hexanol+40+t220+z65um	ses-m4-d20-y2022-ant4-0.12x-4-methyl-3-hexanol-40-t220-z65um
ses-m4+d20+y2022+ant4+0+12x+4+methyl+3+hexanol+40+t220+z70um	ses-m4-d20-y2022-ant4-0.12x-4-methyl-3-hexanol-40-t220-z70um
ses-m4+d20+y2022+ant4+0+12x+4+methyl+3+hexanol+40+t220+z75um	ses-m4-d20-y2022-ant4-0.12x-4-methyl-3-hexanol-40-t220-z75um
ses-m4+d20+y2022+ant4+0+12x+4+methyl+3+hexanol+40+t220+z80um	ses-m4-d20-y2022-ant4-0.12x-4-methyl-3-hexanol-40-t220-z80um
ses-m4+d20+y2022+ant4+0+12x+4+methyl+3+hexanol+40+t220+z85um	ses-m4-d20-y2022-ant4-0.12x-4-methyl-3-hexanol-40-t220-z85um
ses-m4+d20+y2022+ant4+0+12x+4+methyl+3+hexanol+40+t220+z90um	ses-m4-d20-y2022-ant4-0.12x-4-methyl-3-hexanol-40-t220-z90um
ses-m4+d20+y2022+ant4+0+12x+4+methyl+3+hexanol+40+t220+z95um	ses-m4-d20-y2022-ant4-0.12x-4-methyl-3-hexanol-40-t220-z95um
ses-m4+d20+y2022+ant4+0+12x+4+methyl+3+hexanol+40+t225+z0um	ses-m4-d20-y2022-ant4-0.12x-4-methyl-3-hexanol-40-t225-z0um
ses-m4+d20+y2022+ant4+0+12x+4+methyl+3+hexanol+40+t225+z100um	ses-m4-d20-y2022-ant4-0.12x-4-methyl-3-hexanol-40-t225-z100um
ses-m4+d20+y2022+ant4+0+12x+4+methyl+3+hexanol+40+t225+z105um	ses-m4-d20-y2022-ant4-0.12x-4-methyl-3-hexanol-40-t225-z105um
ses-m4+d20+y2022+ant4+0+12x+4+methyl+3+hexanol+40+t225+z10um	ses-m4-d20-y2022-ant4-0.12x-4-methyl-3-hexanol-40-t225-z10um
ses-m4+d20+y2022+ant4+0+12x+4+methyl+3+hexanol+40+t225+z110um	ses-m4-d20-y2022-ant4-0.12x-4-methyl-3-hexanol-40-t225-z110um
ses-m4+d20+y2022+ant4+0+12x+4+methyl+3+hexanol+40+t225+z115um	ses-m4-d20-y2022-ant4-0.12x-4-methyl-3-hexanol-40-t225-z115um
ses-m4+d20+y2022+ant4+0+12x+4+methyl+3+hexanol+40+t225+z120um	ses-m4-d20-y2022-ant4-0.12x-4-methyl-3-hexanol-40-t225-z120um
ses-m4+d20+y2022+ant4+0+12x+4+methyl+3+hexanol+40+t225+z125um	ses-m4-d20-y2022-ant4-0.12x-4-methyl-3-hexanol-40-t225-z125um
ses-m4+d20+y2022+ant4+0+12x+4+methyl+3+hexanol+40+t225+z130um	ses-m4-d20-y2022-ant4-0.12x-4-methyl-3-hexanol-40-t225-z130um
ses-m4+d20+y2022+ant4+0+12x+4+methyl+3+hexanol+40+t225+z135um	ses-m4-d20-y2022-ant4-0.12x-4-methyl-3-hexanol-40-t225-z135um
ses-m4+d20+y2022+ant4+0+12x+4+methyl+3+hexanol+40+t225+z140um	ses-m4-d20-y2022-ant4-0.12x-4-methyl-3-hexanol-40-t225-z140um
ses-m4+d20+y2022+ant4+0+12x+4+methyl+3+hexanol+40+t225+z145um	ses-m4-d20-y2022-ant4-0.12x-4-methyl-3-hexanol-40-t225-z145um
ses-m4+d20+y2022+ant4+0+12x+4+methyl+3+hexanol+40+t225+z150um	ses-m4-d20-y2022-ant4-0.12x-4-methyl-3-hexanol-40-t225-z150um
ses-m4+d20+y2022+ant4+0+12x+4+methyl+3+hexanol+40+t225+z155um	ses-m4-d20-y2022-ant4-0.12x-4-methyl-3-hexanol-40-t225-z155um
ses-m4+d20+y2022+ant4+0+12x+4+methyl+3+hexanol+40+t225+z15um	ses-m4-d20-y2022-ant4-0.12x-4-methyl-3-hexanol-40-t225-z15um
ses-m4+d20+y2022+ant4+0+12x+4+methyl+3+hexanol+40+t225+z160um	ses-m4-d20-y2022-ant4-0.12x-4-methyl-3-hexanol-40-t225-z160um
ses-m4+d20+y2022+ant4+0+12x+4+methyl+3+hexanol+40+t225+z20um	ses-m4-d20-y2022-ant4-0.12x-4-methyl-3-hexanol-40-t225-z20um
ses-m4+d20+y2022+ant4+0+12x+4+methyl+3+hexanol+40+t225+z25um	ses-m4-d20-y2022-ant4-0.12x-4-methyl-3-hexanol-40-t225-z25um
ses-m4+d20+y2022+ant4+0+12x+4+methyl+3+hexanol+40+t225+z30um	ses-m4-d20-y2022-ant4-0.12x-4-methyl-3-hexanol-40-t225-z30um
ses-m4+d20+y2022+ant4+0+12x+4+methyl+3+hexanol+40+t225+z35um	ses-m4-d20-y2022-ant4-0.12x-4-methyl-3-hexanol-40-t225-z35um
ses-m4+d20+y2022+ant4+0+12x+4+methyl+3+hexanol+40+t225+z40um	ses-m4-d20-y2022-ant4-0.12x-4-methyl-3-hexanol-40-t225-z40um
ses-m4+d20+y2022+ant4+0+12x+4+methyl+3+hexanol+40+t225+z45um	ses-m4-d20-y2022-ant4-0.12x-4-methyl-3-hexanol-40-t225-z45um
ses-m4+d20+y2022+ant4+0+12x+4+methyl+3+hexanol+40+t225+z50um	ses-m4-d20-y2022-ant4-0.12x-4-methyl-3-hexanol-40-t225-z50um
ses-m4+d20+y2022+ant4+0+12x+4+methyl+3+hexanol+40+t225+z55um	ses-m4-d20-y2022-ant4-0.12x-4-methyl-3-hexanol-40-t225-z55um
ses-m4+d20+y2022+ant4+0+12x+4+methyl+3+hexanol+40+t225+z5um	ses-m4-d20-y2022-ant4-0.12x-4-methyl-3-hexanol-40-t225-z5um
ses-m4+d20+y2022+ant4+0+12x+4+methyl+3+hexanol+40+t225+z60um	ses-m4-d20-y2022-ant4-0.12x-4-methyl-3-hexanol-40-t225-z60um
ses-m4+d20+y2022+ant4+0+12x+4+methyl+3+hexanol+40+t225+z65um	ses-m4-d20-y2022-ant4-0.12x-4-methyl-3-hexanol-40-t225-z65um
ses-m4+d20+y2022+ant4+0+12x+4+methyl+3+hexanol+40+t225+z70um	ses-m4-d20-y2022-ant4-0.12x-4-methyl-3-hexanol-40-t225-z70um
ses-m4+d20+y2022+ant4+0+12x+4+methyl+3+hexanol+40+t225+z75um	ses-m4-d20-y2022-ant4-0.12x-4-methyl-3-hexanol-40-t225-z75um
ses-m4+d20+y2022+ant4+0+12x+4+methyl+3+hexanol+40+t225+z80um	ses-m4-d20-y2022-ant4-0.12x-4-methyl-3-hexanol-40-t225-z80um
ses-m4+d20+y2022+ant4+0+12x+4+methyl+3+hexanol+40+t225+z85um	ses-m4-d20-y2022-ant4-0.12x-4-methyl-3-hexanol-40-t225-z85um
ses-m4+d20+y2022+ant4+0+12x+4+methyl+3+hexanol+40+t225+z90um	ses-m4-d20-y2022-ant4-0.12x-4-methyl-3-hexanol-40-t225-z90um
ses-m4+d20+y2022+ant4+0+12x+4+methyl+3+hexanol+40+t225+z95um	ses-m4-d20-y2022-ant4-0.12x-4-methyl-3-hexanol-40-t225-z95um
ses-m4+d20+y2022+ant4+0+12x+6+methyl+5+hepten+2+one+40+t212+z0um	ses-m4-d20-y2022-ant4-0.12x-6-methyl-5-hepten-2-one-40-t212-z0um
ses-m4+d20+y2022+ant4+0+12x+6+methyl+5+hepten+2+one+40+t212+z100um	ses-m4-d20-y2022-ant4-0.12x-6-methyl-5-hepten-2-one-40-t212-z100um
ses-m4+d20+y2022+ant4+0+12x+6+methyl+5+hepten+2+one+40+t212+z105um	ses-m4-d20-y2022-ant4-0.12x-6-methyl-5-hepten-2-one-40-t212-z105um
ses-m4+d20+y2022+ant4+0+12x+6+methyl+5+hepten+2+one+40+t212+z10um	ses-m4-d20-y2022-ant4-0.12x-6-methyl-5-hepten-2-one-40-t212-z10um
ses-m4+d20+y2022+ant4+0+12x+6+methyl+5+hepten+2+one+40+t212+z110um	ses-m4-d20-y2022-ant4-0.12x-6-methyl-5-hepten-2-one-40-t212-z110um
ses-m4+d20+y2022+ant4+0+12x+6+methyl+5+hepten+2+one+40+t212+z115um	ses-m4-d20-y2022-ant4-0.12x-6-methyl-5-hepten-2-one-40-t212-z115um
ses-m4+d20+y2022+ant4+0+12x+6+methyl+5+hepten+2+one+40+t212+z120um	ses-m4-d20-y2022-ant4-0.12x-6-methyl-5-hepten-2-one-40-t212-z120um
ses-m4+d20+y2022+ant4+0+12x+6+methyl+5+hepten+2+one+40+t212+z125um	ses-m4-d20-y2022-ant4-0.12x-6-methyl-5-hepten-2-one-40-t212-z125um
ses-m4+d20+y2022+ant4+0+12x+6+methyl+5+hepten+2+one+40+t212+z130um	ses-m4-d20-y2022-ant4-0.12x-6-methyl-5-hepten-2-one-40-t212-z130um
ses-m4+d20+y2022+ant4+0+12x+6+methyl+5+hepten+2+one+40+t212+z135um	ses-m4-d20-y2022-ant4-0.12x-6-methyl-5-hepten-2-one-40-t212-z135um
ses-m4+d20+y2022+ant4+0+12x+6+methyl+5+hepten+2+one+40+t212+z140um	ses-m4-d20-y2022-ant4-0.12x-6-methyl-5-hepten-2-one-40-t212-z140um
ses-m4+d20+y2022+ant4+0+12x+6+methyl+5+hepten+2+one+40+t212+z145um	ses-m4-d20-y2022-ant4-0.12x-6-methyl-5-hepten-2-one-40-t212-z145um
ses-m4+d20+y2022+ant4+0+12x+6+methyl+5+hepten+2+one+40+t212+z150um	ses-m4-d20-y2022-ant4-0.12x-6-methyl-5-hepten-2-one-40-t212-z150um
ses-m4+d20+y2022+ant4+0+12x+6+methyl+5+hepten+2+one+40+t212+z155um	ses-m4-d20-y2022-ant4-0.12x-6-methyl-5-hepten-2-one-40-t212-z155um
ses-m4+d20+y2022+ant4+0+12x+6+methyl+5+hepten+2+one+40+t212+z15um	ses-m4-d20-y2022-ant4-0.12x-6-methyl-5-hepten-2-one-40-t212-z15um
ses-m4+d20+y2022+ant4+0+12x+6+methyl+5+hepten+2+one+40+t212+z160um	ses-m4-d20-y2022-ant4-0.12x-6-methyl-5-hepten-2-one-40-t212-z160um
ses-m4+d20+y2022+ant4+0+12x+6+methyl+5+hepten+2+one+40+t212+z20um	ses-m4-d20-y2022-ant4-0.12x-6-methyl-5-hepten-2-one-40-t212-z20um
ses-m4+d20+y2022+ant4+0+12x+6+methyl+5+hepten+2+one+40+t212+z25um	ses-m4-d20-y2022-ant4-0.12x-6-methyl-5-hepten-2-one-40-t212-z25um
ses-m4+d20+y2022+ant4+0+12x+6+methyl+5+hepten+2+one+40+t212+z30um	ses-m4-d20-y2022-ant4-0.12x-6-methyl-5-hepten-2-one-40-t212-z30um
ses-m4+d20+y2022+ant4+0+12x+6+methyl+5+hepten+2+one+40+t212+z35um	ses-m4-d20-y2022-ant4-0.12x-6-methyl-5-hepten-2-one-40-t212-z35um
ses-m4+d20+y2022+ant4+0+12x+6+methyl+5+hepten+2+one+40+t212+z40um	ses-m4-d20-y2022-ant4-0.12x-6-methyl-5-hepten-2-one-40-t212-z40um
ses-m4+d20+y2022+ant4+0+12x+6+methyl+5+hepten+2+one+40+t212+z45um	ses-m4-d20-y2022-ant4-0.12x-6-methyl-5-hepten-2-one-40-t212-z45um
ses-m4+d20+y2022+ant4+0+12x+6+methyl+5+hepten+2+one+40+t212+z50um	ses-m4-d20-y2022-ant4-0.12x-6-methyl-5-hepten-2-one-40-t212-z50um
ses-m4+d20+y2022+ant4+0+12x+6+methyl+5+hepten+2+one+40+t212+z55um	ses-m4-d20-y2022-ant4-0.12x-6-methyl-5-hepten-2-one-40-t212-z55um
ses-m4+d20+y2022+ant4+0+12x+6+methyl+5+hepten+2+one+40+t212+z5um	ses-m4-d20-y2022-ant4-0.12x-6-methyl-5-hepten-2-one-40-t212-z5um
ses-m4+d20+y2022+ant4+0+12x+6+methyl+5+hepten+2+one+40+t212+z60um	ses-m4-d20-y2022-ant4-0.12x-6-methyl-5-hepten-2-one-40-t212-z60um
ses-m4+d20+y2022+ant4+0+12x+6+methyl+5+hepten+2+one+40+t212+z65um	ses-m4-d20-y2022-ant4-0.12x-6-methyl-5-hepten-2-one-40-t212-z65um
ses-m4+d20+y2022+ant4+0+12x+6+methyl+5+hepten+2+one+40+t212+z70um	ses-m4-d20-y2022-ant4-0.12x-6-methyl-5-hepten-2-one-40-t212-z70um
ses-m4+d20+y2022+ant4+0+12x+6+methyl+5+hepten+2+one+40+t212+z75um	ses-m4-d20-y2022-ant4-0.12x-6-methyl-5-hepten-2-one-40-t212-z75um
ses-m4+d20+y2022+ant4+0+12x+6+methyl+5+hepten+2+one+40+t212+z80um	ses-m4-d20-y2022-ant4-0.12x-6-methyl-5-hepten-2-one-40-t212-z80um
ses-m4+d20+y2022+ant4+0+12x+6+methyl+5+hepten+2+one+40+t212+z85um	ses-m4-d20-y2022-ant4-0.12x-6-methyl-5-hepten-2-one-40-t212-z85um
ses-m4+d20+y2022+ant4+0+12x+6+methyl+5+hepten+2+one+40+t212+z90um	ses-m4-d20-y2022-ant4-0.12x-6-methyl-5-hepten-2-one-40-t212-z90um
ses-m4+d20+y2022+ant4+0+12x+6+methyl+5+hepten+2+one+40+t212+z95um	ses-m4-d20-y2022-ant4-0.12x-6-methyl-5-hepten-2-one-40-t212-z95um
ses-m4+d20+y2022+ant4+0+12x+6+methyl+5+hepten+2+one+40+t217+z0um	ses-m4-d20-y2022-ant4-0.12x-6-methyl-5-hepten-2-one-40-t217-z0um
ses-m4+d20+y2022+ant4+0+12x+6+methyl+5+hepten+2+one+40+t217+z100um	ses-m4-d20-y2022-ant4-0.12x-6-methyl-5-hepten-2-one-40-t217-z100um
ses-m4+d20+y2022+ant4+0+12x+6+methyl+5+hepten+2+one+40+t217+z105um	ses-m4-d20-y2022-ant4-0.12x-6-methyl-5-hepten-2-one-40-t217-z105um
ses-m4+d20+y2022+ant4+0+12x+6+methyl+5+hepten+2+one+40+t217+z10um	ses-m4-d20-y2022-ant4-0.12x-6-methyl-5-hepten-2-one-40-t217-z10um
ses-m4+d20+y2022+ant4+0+12x+6+methyl+5+hepten+2+one+40+t217+z110um	ses-m4-d20-y2022-ant4-0.12x-6-methyl-5-hepten-2-one-40-t217-z110um
ses-m4+d20+y2022+ant4+0+12x+6+methyl+5+hepten+2+one+40+t217+z115um	ses-m4-d20-y2022-ant4-0.12x-6-methyl-5-hepten-2-one-40-t217-z115um
ses-m4+d20+y2022+ant4+0+12x+6+methyl+5+hepten+2+one+40+t217+z120um	ses-m4-d20-y2022-ant4-0.12x-6-methyl-5-hepten-2-one-40-t217-z120um
ses-m4+d20+y2022+ant4+0+12x+6+methyl+5+hepten+2+one+40+t217+z125um	ses-m4-d20-y2022-ant4-0.12x-6-methyl-5-hepten-2-one-40-t217-z125um
ses-m4+d20+y2022+ant4+0+12x+6+methyl+5+hepten+2+one+40+t217+z130um	ses-m4-d20-y2022-ant4-0.12x-6-methyl-5-hepten-2-one-40-t217-z130um
ses-m4+d20+y2022+ant4+0+12x+6+methyl+5+hepten+2+one+40+t217+z135um	ses-m4-d20-y2022-ant4-0.12x-6-methyl-5-hepten-2-one-40-t217-z135um
ses-m4+d20+y2022+ant4+0+12x+6+methyl+5+hepten+2+one+40+t217+z140um	ses-m4-d20-y2022-ant4-0.12x-6-methyl-5-hepten-2-one-40-t217-z140um
ses-m4+d20+y2022+ant4+0+12x+6+methyl+5+hepten+2+one+40+t217+z145um	ses-m4-d20-y2022-ant4-0.12x-6-methyl-5-hepten-2-one-40-t217-z145um
ses-m4+d20+y2022+ant4+0+12x+6+methyl+5+hepten+2+one+40+t217+z150um	ses-m4-d20-y2022-ant4-0.12x-6-methyl-5-hepten-2-one-40-t217-z150um
ses-m4+d20+y2022+ant4+0+12x+6+methyl+5+hepten+2+one+40+t217+z155um	ses-m4-d20-y2022-ant4-0.12x-6-methyl-5-hepten-2-one-40-t217-z155um
ses-m4+d20+y2022+ant4+0+12x+6+methyl+5+hepten+2+one+40+t217+z15um	ses-m4-d20-y2022-ant4-0.12x-6-methyl-5-hepten-2-one-40-t217-z15um
ses-m4+d20+y2022+ant4+0+12x+6+methyl+5+hepten+2+one+40+t217+z160um	ses-m4-d20-y2022-ant4-0.12x-6-methyl-5-hepten-2-one-40-t217-z160um
ses-m4+d20+y2022+ant4+0+12x+6+methyl+5+hepten+2+one+40+t217+z20um	ses-m4-d20-y2022-ant4-0.12x-6-methyl-5-hepten-2-one-40-t217-z20um
ses-m4+d20+y2022+ant4+0+12x+6+methyl+5+hepten+2+one+40+t217+z25um	ses-m4-d20-y2022-ant4-0.12x-6-methyl-5-hepten-2-one-40-t217-z25um
ses-m4+d20+y2022+ant4+0+12x+6+methyl+5+hepten+2+one+40+t217+z30um	ses-m4-d20-y2022-ant4-0.12x-6-methyl-5-hepten-2-one-40-t217-z30um
ses-m4+d20+y2022+ant4+0+12x+6+methyl+5+hepten+2+one+40+t217+z35um	ses-m4-d20-y2022-ant4-0.12x-6-methyl-5-hepten-2-one-40-t217-z35um
ses-m4+d20+y2022+ant4+0+12x+6+methyl+5+hepten+2+one+40+t217+z40um	ses-m4-d20-y2022-ant4-0.12x-6-methyl-5-hepten-2-one-40-t217-z40um
ses-m4+d20+y2022+ant4+0+12x+6+methyl+5+hepten+2+one+40+t217+z45um	ses-m4-d20-y2022-ant4-0.12x-6-methyl-5-hepten-2-one-40-t217-z45um
ses-m4+d20+y2022+ant4+0+12x+6+methyl+5+hepten+2+one+40+t217+z50um	ses-m4-d20-y2022-ant4-0.12x-6-methyl-5-hepten-2-one-40-t217-z50um
ses-m4+d20+y2022+ant4+0+12x+6+methyl+5+hepten+2+one+40+t217+z55um	ses-m4-d20-y2022-ant4-0.12x-6-methyl-5-hepten-2-one-40-t217-z55um
ses-m4+d20+y2022+ant4+0+12x+6+methyl+5+hepten+2+one+40+t217+z5um	ses-m4-d20-y2022-ant4-0.12x-6-methyl-5-hepten-2-one-40-t217-z5um
ses-m4+d20+y2022+ant4+0+12x+6+methyl+5+hepten+2+one+40+t217+z60um	ses-m4-d20-y2022-ant4-0.12x-6-methyl-5-hepten-2-one-40-t217-z60um
ses-m4+d20+y2022+ant4+0+12x+6+methyl+5+hepten+2+one+40+t217+z65um	ses-m4-d20-y2022-ant4-0.12x-6-methyl-5-hepten-2-one-40-t217-z65um
ses-m4+d20+y2022+ant4+0+12x+6+methyl+5+hepten+2+one+40+t217+z70um	ses-m4-d20-y2022-ant4-0.12x-6-methyl-5-hepten-2-one-40-t217-z70um
ses-m4+d20+y2022+ant4+0+12x+6+methyl+5+hepten+2+one+40+t217+z75um	ses-m4-d20-y2022-ant4-0.12x-6-methyl-5-hepten-2-one-40-t217-z75um
ses-m4+d20+y2022+ant4+0+12x+6+methyl+5+hepten+2+one+40+t217+z80um	ses-m4-d20-y2022-ant4-0.12x-6-methyl-5-hepten-2-one-40-t217-z80um
ses-m4+d20+y2022+ant4+0+12x+6+methyl+5+hepten+2+one+40+t217+z85um	ses-m4-d20-y2022-ant4-0.12x-6-methyl-5-hepten-2-one-40-t217-z85um
ses-m4+d20+y2022+ant4+0+12x+6+methyl+5+hepten+2+one+40+t217+z90um	ses-m4-d20-y2022-ant4-0.12x-6-methyl-5-hepten-2-one-40-t217-z90um
ses-m4+d20+y2022+ant4+0+12x+6+methyl+5+hepten+2+one+40+t217+z95um	ses-m4-d20-y2022-ant4-0.12x-6-methyl-5-hepten-2-one-40-t217-z95um
ses-m4+d20+y2022+ant4+0+12x+6+methyl+5+hepten+2+one+40+t222+z0um	ses-m4-d20-y2022-ant4-0.12x-6-methyl-5-hepten-2-one-40-t222-z0um
ses-m4+d20+y2022+ant4+0+12x+6+methyl+5+hepten+2+one+40+t222+z100um	ses-m4-d20-y2022-ant4-0.12x-6-methyl-5-hepten-2-one-40-t222-z100um
ses-m4+d20+y2022+ant4+0+12x+6+methyl+5+hepten+2+one+40+t222+z105um	ses-m4-d20-y2022-ant4-0.12x-6-methyl-5-hepten-2-one-40-t222-z105um
ses-m4+d20+y2022+ant4+0+12x+6+methyl+5+hepten+2+one+40+t222+z10um	ses-m4-d20-y2022-ant4-0.12x-6-methyl-5-hepten-2-one-40-t222-z10um
ses-m4+d20+y2022+ant4+0+12x+6+methyl+5+hepten+2+one+40+t222+z110um	ses-m4-d20-y2022-ant4-0.12x-6-methyl-5-hepten-2-one-40-t222-z110um
ses-m4+d20+y2022+ant4+0+12x+6+methyl+5+hepten+2+one+40+t222+z115um	ses-m4-d20-y2022-ant4-0.12x-6-methyl-5-hepten-2-one-40-t222-z115um
ses-m4+d20+y2022+ant4+0+12x+6+methyl+5+hepten+2+one+40+t222+z120um	ses-m4-d20-y2022-ant4-0.12x-6-methyl-5-hepten-2-one-40-t222-z120um
ses-m4+d20+y2022+ant4+0+12x+6+methyl+5+hepten+2+one+40+t222+z125um	ses-m4-d20-y2022-ant4-0.12x-6-methyl-5-hepten-2-one-40-t222-z125um
ses-m4+d20+y2022+ant4+0+12x+6+methyl+5+hepten+2+one+40+t222+z130um	ses-m4-d20-y2022-ant4-0.12x-6-methyl-5-hepten-2-one-40-t222-z130um
ses-m4+d20+y2022+ant4+0+12x+6+methyl+5+hepten+2+one+40+t222+z135um	ses-m4-d20-y2022-ant4-0.12x-6-methyl-5-hepten-2-one-40-t222-z135um
ses-m4+d20+y2022+ant4+0+12x+6+methyl+5+hepten+2+one+40+t222+z140um	ses-m4-d20-y2022-ant4-0.12x-6-methyl-5-hepten-2-one-40-t222-z140um
ses-m4+d20+y2022+ant4+0+12x+6+methyl+5+hepten+2+one+40+t222+z145um	ses-m4-d20-y2022-ant4-0.12x-6-methyl-5-hepten-2-one-40-t222-z145um
ses-m4+d20+y2022+ant4+0+12x+6+methyl+5+hepten+2+one+40+t222+z150um	ses-m4-d20-y2022-ant4-0.12x-6-methyl-5-hepten-2-one-40-t222-z150um
ses-m4+d20+y2022+ant4+0+12x+6+methyl+5+hepten+2+one+40+t222+z155um	ses-m4-d20-y2022-ant4-0.12x-6-methyl-5-hepten-2-one-40-t222-z155um
ses-m4+d20+y2022+ant4+0+12x+6+methyl+5+hepten+2+one+40+t222+z15um	ses-m4-d20-y2022-ant4-0.12x-6-methyl-5-hepten-2-one-40-t222-z15um
ses-m4+d20+y2022+ant4+0+12x+6+methyl+5+hepten+2+one+40+t222+z160um	ses-m4-d20-y2022-ant4-0.12x-6-methyl-5-hepten-2-one-40-t222-z160um
ses-m4+d20+y2022+ant4+0+12x+6+methyl+5+hepten+2+one+40+t222+z20um	ses-m4-d20-y2022-ant4-0.12x-6-methyl-5-hepten-2-one-40-t222-z20um
ses-m4+d20+y2022+ant4+0+12x+6+methyl+5+hepten+2+one+40+t222+z25um	ses-m4-d20-y2022-ant4-0.12x-6-methyl-5-hepten-2-one-40-t222-z25um
ses-m4+d20+y2022+ant4+0+12x+6+methyl+5+hepten+2+one+40+t222+z30um	ses-m4-d20-y2022-ant4-0.12x-6-methyl-5-hepten-2-one-40-t222-z30um
ses-m4+d20+y2022+ant4+0+12x+6+methyl+5+hepten+2+one+40+t222+z35um	ses-m4-d20-y2022-ant4-0.12x-6-methyl-5-hepten-2-one-40-t222-z35um
ses-m4+d20+y2022+ant4+0+12x+6+methyl+5+hepten+2+one+40+t222+z40um	ses-m4-d20-y2022-ant4-0.12x-6-methyl-5-hepten-2-one-40-t222-z40um
ses-m4+d20+y2022+ant4+0+12x+6+methyl+5+hepten+2+one+40+t222+z45um	ses-m4-d20-y2022-ant4-0.12x-6-methyl-5-hepten-2-one-40-t222-z45um
ses-m4+d20+y2022+ant4+0+12x+6+methyl+5+hepten+2+one+40+t222+z50um	ses-m4-d20-y2022-ant4-0.12x-6-methyl-5-hepten-2-one-40-t222-z50um
ses-m4+d20+y2022+ant4+0+12x+6+methyl+5+hepten+2+one+40+t222+z55um	ses-m4-d20-y2022-ant4-0.12x-6-methyl-5-hepten-2-one-40-t222-z55um
ses-m4+d20+y2022+ant4+0+12x+6+methyl+5+hepten+2+one+40+t222+z5um	ses-m4-d20-y2022-ant4-0.12x-6-methyl-5-hepten-2-one-40-t222-z5um
ses-m4+d20+y2022+ant4+0+12x+6+methyl+5+hepten+2+one+40+t222+z60um	ses-m4-d20-y2022-ant4-0.12x-6-methyl-5-hepten-2-one-40-t222-z60um
ses-m4+d20+y2022+ant4+0+12x+6+methyl+5+hepten+2+one+40+t222+z65um	ses-m4-d20-y2022-ant4-0.12x-6-methyl-5-hepten-2-one-40-t222-z65um
ses-m4+d20+y2022+ant4+0+12x+6+methyl+5+hepten+2+one+40+t222+z70um	ses-m4-d20-y2022-ant4-0.12x-6-methyl-5-hepten-2-one-40-t222-z70um
ses-m4+d20+y2022+ant4+0+12x+6+methyl+5+hepten+2+one+40+t222+z75um	ses-m4-d20-y2022-ant4-0.12x-6-methyl-5-hepten-2-one-40-t222-z75um
ses-m4+d20+y2022+ant4+0+12x+6+methyl+5+hepten+2+one+40+t222+z80um	ses-m4-d20-y2022-ant4-0.12x-6-methyl-5-hepten-2-one-40-t222-z80um
ses-m4+d20+y2022+ant4+0+12x+6+methyl+5+hepten+2+one+40+t222+z85um	ses-m4-d20-y2022-ant4-0.12x-6-methyl-5-hepten-2-one-40-t222-z85um
ses-m4+d20+y2022+ant4+0+12x+6+methyl+5+hepten+2+one+40+t222+z90um	ses-m4-d20-y2022-ant4-0.12x-6-methyl-5-hepten-2-one-40-t222-z90um
ses-m4+d20+y2022+ant4+0+12x+6+methyl+5+hepten+2+one+40+t222+z95um	ses-m4-d20-y2022-ant4-0.12x-6-methyl-5-hepten-2-one-40-t222-z95um
ses-m4+d20+y2022+ant4+1x+isopropanol+40+t196+z0um	ses-m4-d20-y2022-ant4-1x-isopropanol-40-t196-z0um
ses-m4+d20+y2022+ant4+1x+isopropanol+40+t196+z100um	ses-m4-d20-y2022-ant4-1x-isopropanol-40-t196-z100um
ses-m4+d20+y2022+ant4+1x+isopropanol+40+t196+z105um	ses-m4-d20-y2022-ant4-1x-isopropanol-40-t196-z105um
ses-m4+d20+y2022+ant4+1x+isopropanol+40+t196+z10um	ses-m4-d20-y2022-ant4-1x-isopropanol-40-t196-z10um
ses-m4+d20+y2022+ant4+1x+isopropanol+40+t196+z110um	ses-m4-d20-y2022-ant4-1x-isopropanol-40-t196-z110um
ses-m4+d20+y2022+ant4+1x+isopropanol+40+t196+z115um	ses-m4-d20-y2022-ant4-1x-isopropanol-40-t196-z115um
ses-m4+d20+y2022+ant4+1x+isopropanol+40+t196+z120um	ses-m4-d20-y2022-ant4-1x-isopropanol-40-t196-z120um
ses-m4+d20+y2022+ant4+1x+isopropanol+40+t196+z125um	ses-m4-d20-y2022-ant4-1x-isopropanol-40-t196-z125um
ses-m4+d20+y2022+ant4+1x+isopropanol+40+t196+z130um	ses-m4-d20-y2022-ant4-1x-isopropanol-40-t196-z130um
ses-m4+d20+y2022+ant4+1x+isopropanol+40+t196+z135um	ses-m4-d20-y2022-ant4-1x-isopropanol-40-t196-z135um
ses-m4+d20+y2022+ant4+1x+isopropanol+40+t196+z140um	ses-m4-d20-y2022-ant4-1x-isopropanol-40-t196-z140um
ses-m4+d20+y2022+ant4+1x+isopropanol+40+t196+z145um	ses-m4-d20-y2022-ant4-1x-isopropanol-40-t196-z145um
ses-m4+d20+y2022+ant4+1x+isopropanol+40+t196+z150um	ses-m4-d20-y2022-ant4-1x-isopropanol-40-t196-z150um
ses-m4+d20+y2022+ant4+1x+isopropanol+40+t196+z155um	ses-m4-d20-y2022-ant4-1x-isopropanol-40-t196-z155um
ses-m4+d20+y2022+ant4+1x+isopropanol+40+t196+z15um	ses-m4-d20-y2022-ant4-1x-isopropanol-40-t196-z15um
ses-m4+d20+y2022+ant4+1x+isopropanol+40+t196+z160um	ses-m4-d20-y2022-ant4-1x-isopropanol-40-t196-z160um
ses-m4+d20+y2022+ant4+1x+isopropanol+40+t196+z20um	ses-m4-d20-y2022-ant4-1x-isopropanol-40-t196-z20um
ses-m4+d20+y2022+ant4+1x+isopropanol+40+t196+z25um	ses-m4-d20-y2022-ant4-1x-isopropanol-40-t196-z25um
ses-m4+d20+y2022+ant4+1x+isopropanol+40+t196+z30um	ses-m4-d20-y2022-ant4-1x-isopropanol-40-t196-z30um
ses-m4+d20+y2022+ant4+1x+isopropanol+40+t196+z35um	ses-m4-d20-y2022-ant4-1x-isopropanol-40-t196-z35um
ses-m4+d20+y2022+ant4+1x+isopropanol+40+t196+z40um	ses-m4-d20-y2022-ant4-1x-isopropanol-40-t196-z40um
ses-m4+d20+y2022+ant4+1x+isopropanol+40+t196+z45um	ses-m4-d20-y2022-ant4-1x-isopropanol-40-t196-z45um
ses-m4+d20+y2022+ant4+1x+isopropanol+40+t196+z50um	ses-m4-d20-y2022-ant4-1x-isopropanol-40-t196-z50um
ses-m4+d20+y2022+ant4+1x+isopropanol+40+t196+z55um	ses-m4-d20-y2022-ant4-1x-isopropanol-40-t196-z55um
ses-m4+d20+y2022+ant4+1x+isopropanol+40+t196+z5um	ses-m4-d20-y2022-ant4-1x-isopropanol-40-t196-z5um
ses-m4+d20+y2022+ant4+1x+isopropanol+40+t196+z60um	ses-m4-d20-y2022-ant4-1x-isopropanol-40-t196-z60um
ses-m4+d20+y2022+ant4+1x+isopropanol+40+t196+z65um	ses-m4-d20-y2022-ant4-1x-isopropanol-40-t196-z65um
ses-m4+d20+y2022+ant4+1x+isopropanol+40+t196+z70um	ses-m4-d20-y2022-ant4-1x-isopropanol-40-t196-z70um
ses-m4+d20+y2022+ant4+1x+isopropanol+40+t196+z75um	ses-m4-d20-y2022-ant4-1x-isopropanol-40-t196-z75um
ses-m4+d20+y2022+ant4+1x+isopropanol+40+t196+z80um	ses-m4-d20-y2022-ant4-1x-isopropanol-40-t196-z80um
ses-m4+d20+y2022+ant4+1x+isopropanol+40+t196+z85um	ses-m4-d20-y2022-ant4-1x-isopropanol-40-t196-z85um
ses-m4+d20+y2022+ant4+1x+isopropanol+40+t196+z90um	ses-m4-d20-y2022-ant4-1x-isopropanol-40-t196-z90um
ses-m4+d20+y2022+ant4+1x+isopropanol+40+t196+z95um	ses-m4-d20-y2022-ant4-1x-isopropanol-40-t196-z95um
ses-m4+d20+y2022+ant4+1x+paraffin+oil+40+t195+z0um	ses-m4-d20-y2022-ant4-1x-paraffin-oil-40-t195-z0um
ses-m4+d20+y2022+ant4+1x+paraffin+oil+40+t195+z100um	ses-m4-d20-y2022-ant4-1x-paraffin-oil-40-t195-z100um
ses-m4+d20+y2022+ant4+1x+paraffin+oil+40+t195+z105um	ses-m4-d20-y2022-ant4-1x-paraffin-oil-40-t195-z105um
ses-m4+d20+y2022+ant4+1x+paraffin+oil+40+t195+z10um	ses-m4-d20-y2022-ant4-1x-paraffin-oil-40-t195-z10um
ses-m4+d20+y2022+ant4+1x+paraffin+oil+40+t195+z110um	ses-m4-d20-y2022-ant4-1x-paraffin-oil-40-t195-z110um
ses-m4+d20+y2022+ant4+1x+paraffin+oil+40+t195+z115um	ses-m4-d20-y2022-ant4-1x-paraffin-oil-40-t195-z115um
ses-m4+d20+y2022+ant4+1x+paraffin+oil+40+t195+z120um	ses-m4-d20-y2022-ant4-1x-paraffin-oil-40-t195-z120um
ses-m4+d20+y2022+ant4+1x+paraffin+oil+40+t195+z125um	ses-m4-d20-y2022-ant4-1x-paraffin-oil-40-t195-z125um
ses-m4+d20+y2022+ant4+1x+paraffin+oil+40+t195+z130um	ses-m4-d20-y2022-ant4-1x-paraffin-oil-40-t195-z130um
ses-m4+d20+y2022+ant4+1x+paraffin+oil+40+t195+z135um	ses-m4-d20-y2022-ant4-1x-paraffin-oil-40-t195-z135um
ses-m4+d20+y2022+ant4+1x+paraffin+oil+40+t195+z140um	ses-m4-d20-y2022-ant4-1x-paraffin-oil-40-t195-z140um
ses-m4+d20+y2022+ant4+1x+paraffin+oil+40+t195+z145um	ses-m4-d20-y2022-ant4-1x-paraffin-oil-40-t195-z145um
ses-m4+d20+y2022+ant4+1x+paraffin+oil+40+t195+z150um	ses-m4-d20-y2022-ant4-1x-paraffin-oil-40-t195-z150um
ses-m4+d20+y2022+ant4+1x+paraffin+oil+40+t195+z155um	ses-m4-d20-y2022-ant4-1x-paraffin-oil-40-t195-z155um
ses-m4+d20+y2022+ant4+1x+paraffin+oil+40+t195+z15um	ses-m4-d20-y2022-ant4-1x-paraffin-oil-40-t195-z15um
ses-m4+d20+y2022+ant4+1x+paraffin+oil+40+t195+z160um	ses-m4-d20-y2022-ant4-1x-paraffin-oil-40-t195-z160um
ses-m4+d20+y2022+ant4+1x+paraffin+oil+40+t195+z20um	ses-m4-d20-y2022-ant4-1x-paraffin-oil-40-t195-z20um
ses-m4+d20+y2022+ant4+1x+paraffin+oil+40+t195+z25um	ses-m4-d20-y2022-ant4-1x-paraffin-oil-40-t195-z25um
ses-m4+d20+y2022+ant4+1x+paraffin+oil+40+t195+z30um	ses-m4-d20-y2022-ant4-1x-paraffin-oil-40-t195-z30um
ses-m4+d20+y2022+ant4+1x+paraffin+oil+40+t195+z35um	ses-m4-d20-y2022-ant4-1x-paraffin-oil-40-t195-z35um
ses-m4+d20+y2022+ant4+1x+paraffin+oil+40+t195+z40um	ses-m4-d20-y2022-ant4-1x-paraffin-oil-40-t195-z40um
ses-m4+d20+y2022+ant4+1x+paraffin+oil+40+t195+z45um	ses-m4-d20-y2022-ant4-1x-paraffin-oil-40-t195-z45um
ses-m4+d20+y2022+ant4+1x+paraffin+oil+40+t195+z50um	ses-m4-d20-y2022-ant4-1x-paraffin-oil-40-t195-z50um
ses-m4+d20+y2022+ant4+1x+paraffin+oil+40+t195+z55um	ses-m4-d20-y2022-ant4-1x-paraffin-oil-40-t195-z55um
ses-m4+d20+y2022+ant4+1x+paraffin+oil+40+t195+z5um	ses-m4-d20-y2022-ant4-1x-paraffin-oil-40-t195-z5um
ses-m4+d20+y2022+ant4+1x+paraffin+oil+40+t195+z60um	ses-m4-d20-y2022-ant4-1x-paraffin-oil-40-t195-z60um
ses-m4+d20+y2022+ant4+1x+paraffin+oil+40+t195+z65um	ses-m4-d20-y2022-ant4-1x-paraffin-oil-40-t195-z65um
ses-m4+d20+y2022+ant4+1x+paraffin+oil+40+t195+z70um	ses-m4-d20-y2022-ant4-1x-paraffin-oil-40-t195-z70um
ses-m4+d20+y2022+ant4+1x+paraffin+oil+40+t195+z75um	ses-m4-d20-y2022-ant4-1x-paraffin-oil-40-t195-z75um
ses-m4+d20+y2022+ant4+1x+paraffin+oil+40+t195+z80um	ses-m4-d20-y2022-ant4-1x-paraffin-oil-40-t195-z80um
ses-m4+d20+y2022+ant4+1x+paraffin+oil+40+t195+z85um	ses-m4-d20-y2022-ant4-1x-paraffin-oil-40-t195-z85um
ses-m4+d20+y2022+ant4+1x+paraffin+oil+40+t195+z90um	ses-m4-d20-y2022-ant4-1x-paraffin-oil-40-t195-z90um
ses-m4+d20+y2022+ant4+1x+paraffin+oil+40+t195+z95um	ses-m4-d20-y2022-ant4-1x-paraffin-oil-40-t195-z95um
