session_id	original_session_id
ses-m4+d20+y2022+ant2+0+03x+4+methyl+3+heptanol+40+t131+z0um	ses-m4-d20-y2022-ant2-0.03x-4-methyl-3-heptanol-40-t131-z0um
ses-m4+d20+y2022+ant2+0+03x+4+methyl+3+heptanol+40+t131+z100um	ses-m4-d20-y2022-ant2-0.03x-4-methyl-3-heptanol-40-t131-z100um
ses-m4+d20+y2022+ant2+0+03x+4+methyl+3+heptanol+40+t131+z105um	ses-m4-d20-y2022-ant2-0.03x-4-methyl-3-heptanol-40-t131-z105um
ses-m4+d20+y2022+ant2+0+03x+4+methyl+3+heptanol+40+t131+z10um	ses-m4-d20-y2022-ant2-0.03x-4-methyl-3-heptanol-40-t131-z10um
ses-m4+d20+y2022+ant2+0+03x+4+methyl+3+heptanol+40+t131+z110um	ses-m4-d20-y2022-ant2-0.03x-4-methyl-3-heptanol-40-t131-z110um
ses-m4+d20+y2022+ant2+0+03x+4+methyl+3+heptanol+40+t131+z115um	ses-m4-d20-y2022-ant2-0.03x-4-methyl-3-heptanol-40-t131-z115um
ses-m4+d20+y2022+ant2+0+03x+4+methyl+3+heptanol+40+t131+z120um	ses-m4-d20-y2022-ant2-0.03x-4-methyl-3-heptanol-40-t131-z120um
ses-m4+d20+y2022+ant2+0+03x+4+methyl+3+heptanol+40+t131+z125um	ses-m4-d20-y2022-ant2-0.03x-4-methyl-3-heptanol-40-t131-z125um
ses-m4+d20+y2022+ant2+0+03x+4+methyl+3+heptanol+40+t131+z130um	ses-m4-d20-y2022-ant2-0.03x-4-methyl-3-heptanol-40-t131-z130um
ses-m4+d20+y2022+ant2+0+03x+4+methyl+3+heptanol+40+t131+z135um	ses-m4-d20-y2022-ant2-0.03x-4-methyl-3-heptanol-40-t131-z135um
ses-m4+d20+y2022+ant2+0+03x+4+methyl+3+heptanol+40+t131+z140um	ses-m4-d20-y2022-ant2-0.03x-4-methyl-3-heptanol-40-t131-z140um
ses-m4+d20+y2022+ant2+0+03x+4+methyl+3+heptanol+40+t131+z145um	ses-m4-d20-y2022-ant2-0.03x-4-methyl-3-heptanol-40-t131-z145um
ses-m4+d20+y2022+ant2+0+03x+4+methyl+3+heptanol+40+t131+z150um	ses-m4-d20-y2022-ant2-0.03x-4-methyl-3-heptanol-40-t131-z150um
ses-m4+d20+y2022+ant2+0+03x+4+methyl+3+heptanol+40+t131+z155um	ses-m4-d20-y2022-ant2-0.03x-4-methyl-3-heptanol-40-t131-z155um
ses-m4+d20+y2022+ant2+0+03x+4+methyl+3+heptanol+40+t131+z15um	ses-m4-d20-y2022-ant2-0.03x-4-methyl-3-heptanol-40-t131-z15um
ses-m4+d20+y2022+ant2+0+03x+4+methyl+3+heptanol+40+t131+z160um	ses-m4-d20-y2022-ant2-0.03x-4-methyl-3-heptanol-40-t131-z160um
ses-m4+d20+y2022+ant2+0+03x+4+methyl+3+heptanol+40+t131+z20um	ses-m4-d20-y2022-ant2-0.03x-4-methyl-3-heptanol-40-t131-z20um
ses-m4+d20+y2022+ant2+0+03x+4+methyl+3+heptanol+40+t131+z25um	ses-m4-d20-y2022-ant2-0.03x-4-methyl-3-heptanol-40-t131-z25um
ses-m4+d20+y2022+ant2+0+03x+4+methyl+3+heptanol+40+t131+z30um	ses-m4-d20-y2022-ant2-0.03x-4-methyl-3-heptanol-40-t131-z30um
ses-m4+d20+y2022+ant2+0+03x+4+methyl+3+heptanol+40+t131+z35um	ses-m4-d20-y2022-ant2-0.03x-4-methyl-3-heptanol-40-t131-z35um
ses-m4+d20+y2022+ant2+0+03x+4+methyl+3+heptanol+40+t131+z40um	ses-m4-d20-y2022-ant2-0.03x-4-methyl-3-heptanol-40-t131-z40um
ses-m4+d20+y2022+ant2+0+03x+4+methyl+3+heptanol+40+t131+z45um	ses-m4-d20-y2022-ant2-0.03x-4-methyl-3-heptanol-40-t131-z45um
ses-m4+d20+y2022+ant2+0+03x+4+methyl+3+heptanol+40+t131+z50um	ses-m4-d20-y2022-ant2-0.03x-4-methyl-3-heptanol-40-t131-z50um
ses-m4+d20+y2022+ant2+0+03x+4+methyl+3+heptanol+40+t131+z55um	ses-m4-d20-y2022-ant2-0.03x-4-methyl-3-heptanol-40-t131-z55um
ses-m4+d20+y2022+ant2+0+03x+4+methyl+3+heptanol+40+t131+z5um	ses-m4-d20-y2022-ant2-0.03x-4-methyl-3-heptanol-40-t131-z5um
ses-m4+d20+y2022+ant2+0+03x+4+methyl+3+heptanol+40+t131+z60um	ses-m4-d20-y2022-ant2-0.03x-4-methyl-3-heptanol-40-t131-z60um
ses-m4+d20+y2022+ant2+0+03x+4+methyl+3+heptanol+40+t131+z65um	ses-m4-d20-y2022-ant2-0.03x-4-methyl-3-heptanol-40-t131-z65um
ses-m4+d20+y2022+ant2+0+03x+4+methyl+3+heptanol+40+t131+z70um	ses-m4-d20-y2022-ant2-0.03x-4-methyl-3-heptanol-40-t131-z70um
ses-m4+d20+y2022+ant2+0+03x+4+methyl+3+heptanol+40+t131+z75um	ses-m4-d20-y2022-ant2-0.03x-4-methyl-3-heptanol-40-t131-z75um
ses-m4+d20+y2022+ant2+0+03x+4+methyl+3+heptanol+40+t131+z80um	ses-m4-d20-y2022-ant2-0.03x-4-methyl-3-heptanol-40-t131-z80um
ses-m4+d20+y2022+ant2+0+03x+4+methyl+3+heptanol+40+t131+z85um	ses-m4-d20-y2022-ant2-0.03x-4-methyl-3-heptanol-40-t131-z85um
ses-m4+d20+y2022+ant2+0+03x+4+methyl+3+heptanol+40+t131+z90um	ses-m4-d20-y2022-ant2-0.03x-4-methyl-3-heptanol-40-t131-z90um
ses-m4+d20+y2022+ant2+0+03x+4+methyl+3+heptanol+40+t131+z95um	ses-m4-d20-y2022-ant2-0.03x-4-methyl-3-heptanol-40-t131-z95um
ses-m4+d20+y2022+ant2+0+03x+4+methyl+3+heptanol+40+t137+z0um	ses-m4-d20-y2022-ant2-0.03x-4-methyl-3-heptanol-40-t137-z0um
ses-m4+d20+y2022+ant2+0+03x+4+methyl+3+heptanol+40+t137+z100um	ses-m4-d20-y2022-ant2-0.03x-4-methyl-3-heptanol-40-t137-z100um
ses-m4+d20+y2022+ant2+0+03x+4+methyl+3+heptanol+40+t137+z105um	ses-m4-d20-y2022-ant2-0.03x-4-methyl-3-heptanol-40-t137-z105um
ses-m4+d20+y2022+ant2+0+03x+4+methyl+3+heptanol+40+t137+z10um	ses-m4-d20-y2022-ant2-0.03x-4-methyl-3-heptanol-40-t137-z10um
ses-m4+d20+y2022+ant2+0+03x+4+methyl+3+heptanol+40+t137+z110um	ses-m4-d20-y2022-ant2-0.03x-4-methyl-3-heptanol-40-t137-z110um
ses-m4+d20+y2022+ant2+0+03x+4+methyl+3+heptanol+40+t137+z115um	ses-m4-d20-y2022-ant2-0.03x-4-methyl-3-heptanol-40-t137-z115um
ses-m4+d20+y2022+ant2+0+03x+4+methyl+3+heptanol+40+t137+z120um	ses-m4-d20-y2022-ant2-0.03x-4-methyl-3-heptanol-40-t137-z120um
ses-m4+d20+y2022+ant2+0+03x+4+methyl+3+heptanol+40+t137+z125um	ses-m4-d20-y2022-ant2-0.03x-4-methyl-3-heptanol-40-t137-z125um
ses-m4+d20+y2022+ant2+0+03x+4+methyl+3+heptanol+40+t137+z130um	ses-m4-d20-y2022-ant2-0.03x-4-methyl-3-heptanol-40-t137-z130um
ses-m4+d20+y2022+ant2+0+03x+4+methyl+3+heptanol+40+t137+z135um	ses-m4-d20-y2022-ant2-0.03x-4-methyl-3-heptanol-40-t137-z135um
ses-m4+d20+y2022+ant2+0+03x+4+methyl+3+heptanol+40+t137+z140um	ses-m4-d20-y2022-ant2-0.03x-4-methyl-3-heptanol-40-t137-z140um
ses-m4+d20+y2022+ant2+0+03x+4+methyl+3+heptanol+40+t137+z145um	ses-m4-d20-y2022-ant2-0.03x-4-methyl-3-heptanol-40-t137-z145um
ses-m4+d20+y2022+ant2+0+03x+4+methyl+3+heptanol+40+t137+z150um	ses-m4-d20-y2022-ant2-0.03x-4-methyl-3-heptanol-40-t137-z150um
ses-m4+d20+y2022+ant2+0+03x+4+methyl+3+heptanol+40+t137+z155um	ses-m4-d20-y2022-ant2-0.03x-4-methyl-3-heptanol-40-t137-z155um
ses-m4+d20+y2022+ant2+0+03x+4+methyl+3+heptanol+40+t137+z15um	ses-m4-d20-y2022-ant2-0.03x-4-methyl-3-heptanol-40-t137-z15um
ses-m4+d20+y2022+ant2+0+03x+4+methyl+3+heptanol+40+t137+z160um	ses-m4-d20-y2022-ant2-0.03x-4-methyl-3-heptanol-40-t137-z160um
ses-m4+d20+y2022+ant2+0+03x+4+methyl+3+heptanol+40+t137+z20um	ses-m4-d20-y2022-ant2-0.03x-4-methyl-3-heptanol-40-t137-z20um
ses-m4+d20+y2022+ant2+0+03x+4+methyl+3+heptanol+40+t137+z25um	ses-m4-d20-y2022-ant2-0.03x-4-methyl-3-heptanol-40-t137-z25um
ses-m4+d20+y2022+ant2+0+03x+4+methyl+3+heptanol+40+t137+z30um	ses-m4-d20-y2022-ant2-0.03x-4-methyl-3-heptanol-40-t137-z30um
ses-m4+d20+y2022+ant2+0+03x+4+methyl+3+heptanol+40+t137+z35um	ses-m4-d20-y2022-ant2-0.03x-4-methyl-3-heptanol-40-t137-z35um
ses-m4+d20+y2022+ant2+0+03x+4+methyl+3+heptanol+40+t137+z40um	ses-m4-d20-y2022-ant2-0.03x-4-methyl-3-heptanol-40-t137-z40um
ses-m4+d20+y2022+ant2+0+03x+4+methyl+3+heptanol+40+t137+z45um	ses-m4-d20-y2022-ant2-0.03x-4-methyl-3-heptanol-40-t137-z45um
ses-m4+d20+y2022+ant2+0+03x+4+methyl+3+heptanol+40+t137+z50um	ses-m4-d20-y2022-ant2-0.03x-4-methyl-3-heptanol-40-t137-z50um
ses-m4+d20+y2022+ant2+0+03x+4+methyl+3+heptanol+40+t137+z55um	ses-m4-d20-y2022-ant2-0.03x-4-methyl-3-heptanol-40-t137-z55um
ses-m4+d20+y2022+ant2+0+03x+4+methyl+3+heptanol+40+t137+z5um	ses-m4-d20-y2022-ant2-0.03x-4-methyl-3-heptanol-40-t137-z5um
ses-m4+d20+y2022+ant2+0+03x+4+methyl+3+heptanol+40+t137+z60um	ses-m4-d20-y2022-ant2-0.03x-4-methyl-3-heptanol-40-t137-z60um
ses-m4+d20+y2022+ant2+0+03x+4+methyl+3+heptanol+40+t137+z65um	ses-m4-d20-y2022-ant2-0.03x-4-methyl-3-heptanol-40-t137-z65um
ses-m4+d20+y2022+ant2+0+03x+4+methyl+3+heptanol+40+t137+z70um	ses-m4-d20-y2022-ant2-0.03x-4-methyl-3-heptanol-40-t137-z70um
ses-m4+d20+y2022+ant2+0+03x+4+methyl+3+heptanol+40+t137+z75um	ses-m4-d20-y2022-ant2-0.03x-4-methyl-3-heptanol-40-t137-z75um
ses-m4+d20+y2022+ant2+0+03x+4+methyl+3+heptanol+40+t137+z80um	ses-m4-d20-y2022-ant2-0.03x-4-methyl-3-heptanol-40-t137-z80um
ses-m4+d20+y2022+ant2+0+03x+4+methyl+3+heptanol+40+t137+z85um	ses-m4-d20-y2022-ant2-0.03x-4-methyl-3-heptanol-40-t137-z85um
ses-m4+d20+y2022+ant2+0+03x+4+methyl+3+heptanol+40+t137+z90um	ses-m4-d20-y2022-ant2-0.03x-4-methyl-3-heptanol-40-t137-z90um
ses-m4+d20+y2022+ant2+0+03x+4+methyl+3+heptanol+40+t137+z95um	ses-m4-d20-y2022-ant2-0.03x-4-methyl-3-heptanol-40-t137-z95um
ses-m4+d20+y2022+ant2+0+03x+4+methyl+3+heptanol+40+t142+z0um	ses-m4-d20-y2022-ant2-0.03x-4-methyl-3-heptanol-40-t142-z0um
ses-m4+d20+y2022+ant2+0+03x+4+methyl+3+heptanol+40+t142+z100um	ses-m4-d20-y2022-ant2-0.03x-4-methyl-3-heptanol-40-t142-z100um
ses-m4+d20+y2022+ant2+0+03x+4+methyl+3+heptanol+40+t142+z105um	ses-m4-d20-y2022-ant2-0.03x-4-methyl-3-heptanol-40-t142-z105um
ses-m4+d20+y2022+ant2+0+03x+4+methyl+3+heptanol+40+t142+z10um	ses-m4-d20-y2022-ant2-0.03x-4-methyl-3-heptanol-40-t142-z10um
ses-m4+d20+y2022+ant2+0+03x+4+methyl+3+heptanol+40+t142+z110um	ses-m4-d20-y2022-ant2-0.03x-4-methyl-3-heptanol-40-t142-z110um
ses-m4+d20+y2022+ant2+0+03x+4+methyl+3+heptanol+40+t142+z115um	ses-m4-d20-y2022-ant2-0.03x-4-methyl-3-heptanol-40-t142-z115um
ses-m4+d20+y2022+ant2+0+03x+4+methyl+3+heptanol+40+t142+z120um	ses-m4-d20-y2022-ant2-0.03x-4-methyl-3-heptanol-40-t142-z120um
ses-m4+d20+y2022+ant2+0+03x+4+methyl+3+heptanol+40+t142+z125um	ses-m4-d20-y2022-ant2-0.03x-4-methyl-3-heptanol-40-t142-z125um
ses-m4+d20+y2022+ant2+0+03x+4+methyl+3+heptanol+40+t142+z130um	ses-m4-d20-y2022-ant2-0.03x-4-methyl-3-heptanol-40-t142-z130um
ses-m4+d20+y2022+ant2+0+03x+4+methyl+3+heptanol+40+t142+z135um	ses-m4-d20-y2022-ant2-0.03x-4-methyl-3-heptanol-40-t142-z135um
ses-m4+d20+y2022+ant2+0+03x+4+methyl+3+heptanol+40+t142+z140um	ses-m4-d20-y2022-ant2-0.03x-4-methyl-3-heptanol-40-t142-z140um
ses-m4+d20+y2022+ant2+0+03x+4+methyl+3+heptanol+40+t142+z145um	ses-m4-d20-y2022-ant2-0.03x-4-methyl-3-heptanol-40-t142-z145um
ses-m4+d20+y2022+ant2+0+03x+4+methyl+3+heptanol+40+t142+z150um	ses-m4-d20-y2022-ant2-0.03x-4-methyl-3-heptanol-40-t142-z150um
ses-m4+d20+y2022+ant2+0+03x+4+methyl+3+heptanol+40+t142+z155um	ses-m4-d20-y2022-ant2-0.03x-4-methyl-3-heptanol-40-t142-z155um
ses-m4+d20+y2022+ant2+0+03x+4+methyl+3+heptanol+40+t142+z15um	ses-m4-d20-y2022-ant2-0.03x-4-methyl-3-heptanol-40-t142-z15um
ses-m4+d20+y2022+ant2+0+03x+4+methyl+3+heptanol+40+t142+z160um	ses-m4-d20-y2022-ant2-0.03x-4-methyl-3-heptanol-40-t142-z160um
ses-m4+d20+y2022+ant2+0+03x+4+methyl+3+heptanol+40+t142+z20um	ses-m4-d20-y2022-ant2-0.03x-4-methyl-3-heptanol-40-t142-z20um
ses-m4+d20+y2022+ant2+0+03x+4+methyl+3+heptanol+40+t142+z25um	ses-m4-d20-y2022-ant2-0.03x-4-methyl-3-heptanol-40-t142-z25um
ses-m4+d20+y2022+ant2+0+03x+4+methyl+3+heptanol+40+t142+z30um	ses-m4-d20-y2022-ant2-0.03x-4-methyl-3-heptanol-40-t142-z30um
ses-m4+d20+y2022+ant2+0+03x+4+methyl+3+heptanol+40+t142+z35um	ses-m4-d20-y2022-ant2-0.03x-4-methyl-3-heptanol-40-t142-z35um
ses-m4+d20+y2022+ant2+0+03x+4+methyl+3+heptanol+40+t142+z40um	ses-m4-d20-y2022-ant2-0.03x-4-methyl-3-heptanol-40-t142-z40um
ses-m4+d20+y2022+ant2+0+03x+4+methyl+3+heptanol+40+t142+z45um	ses-m4-d20-y2022-ant2-0.03x-4-methyl-3-heptanol-40-t142-z45um
ses-m4+d20+y2022+ant2+0+03x+4+methyl+3+heptanol+40+t142+z50um	ses-m4-d20-y2022-ant2-0.03x-4-methyl-3-heptanol-40-t142-z50um
ses-m4+d20+y2022+ant2+0+03x+4+methyl+3+heptanol+40+t142+z55um	ses-m4-d20-y2022-ant2-0.03x-4-methyl-3-heptanol-40-t142-z55um
ses-m4+d20+y2022+ant2+0+03x+4+methyl+3+heptanol+40+t142+z5um	ses-m4-d20-y2022-ant2-0.03x-4-methyl-3-heptanol-40-t142-z5um
ses-m4+d20+y2022+ant2+0+03x+4+methyl+3+heptanol+40+t142+z60um	ses-m4-d20-y2022-ant2-0.03x-4-methyl-3-heptanol-40-t142-z60um
ses-m4+d20+y2022+ant2+0+03x+4+methyl+3+heptanol+40+t142+z65um	ses-m4-d20-y2022-ant2-0.03x-4-methyl-3-heptanol-40-t142-z65um
ses-m4+d20+y2022+ant2+0+03x+4+methyl+3+heptanol+40+t142+z70um	ses-m4-d20-y2022-ant2-0.03x-4-methyl-3-heptanol-40-t142-z70um
ses-m4+d20+y2022+ant2+0+03x+4+methyl+3+heptanol+40+t142+z75um	ses-m4-d20-y2022-ant2-0.03x-4-methyl-3-heptanol-40-t142-z75um
ses-m4+d20+y2022+ant2+0+03x+4+methyl+3+heptanol+40+t142+z80um	ses-m4-d20-y2022-ant2-0.03x-4-methyl-3-heptanol-40-t142-z80um
ses-m4+d20+y2022+ant2+0+03x+4+methyl+3+heptanol+40+t142+z85um	ses-m4-d20-y2022-ant2-0.03x-4-methyl-3-heptanol-40-t142-z85um
ses-m4+d20+y2022+ant2+0+03x+4+methyl+3+heptanol+40+t142+z90um	ses-m4-d20-y2022-ant2-0.03x-4-methyl-3-heptanol-40-t142-z90um
ses-m4+d20+y2022+ant2+0+03x+4+methyl+3+heptanol+40+t142+z95um	ses-m4-d20-y2022-ant2-0.03x-4-methyl-3-heptanol-40-t142-z95um
ses-m4+d20+y2022+ant2+0+03x+4+methyl+3+heptanone+40+t134+z0um	ses-m4-d20-y2022-ant2-0.03x-4-methyl-3-heptanone-40-t134-z0um
ses-m4+d20+y2022+ant2+0+03x+4+methyl+3+heptanone+40+t134+z100um	ses-m4-d20-y2022-ant2-0.03x-4-methyl-3-heptanone-40-t134-z100um
ses-m4+d20+y2022+ant2+0+03x+4+methyl+3+heptanone+40+t134+z105um	ses-m4-d20-y2022-ant2-0.03x-4-methyl-3-heptanone-40-t134-z105um
ses-m4+d20+y2022+ant2+0+03x+4+methyl+3+heptanone+40+t134+z10um	ses-m4-d20-y2022-ant2-0.03x-4-methyl-3-heptanone-40-t134-z10um
ses-m4+d20+y2022+ant2+0+03x+4+methyl+3+heptanone+40+t134+z110um	ses-m4-d20-y2022-ant2-0.03x-4-methyl-3-heptanone-40-t134-z110um
ses-m4+d20+y2022+ant2+0+03x+4+methyl+3+heptanone+40+t134+z115um	ses-m4-d20-y2022-ant2-0.03x-4-methyl-3-heptanone-40-t134-z115um
ses-m4+d20+y2022+ant2+0+03x+4+methyl+3+heptanone+40+t134+z120um	ses-m4-d20-y2022-ant2-0.03x-4-methyl-3-heptanone-40-t134-z120um
ses-m4+d20+y2022+ant2+0+03x+4+methyl+3+heptanone+40+t134+z125um	ses-m4-d20-y2022-ant2-0.03x-4-methyl-3-heptanone-40-t134-z125um
ses-m4+d20+y2022+ant2+0+03x+4+methyl+3+heptanone+40+t134+z130um	ses-m4-d20-y2022-ant2-0.03x-4-methyl-3-heptanone-40-t134-z130um
ses-m4+d20+y2022+ant2+0+03x+4+methyl+3+heptanone+40+t134+z135um	ses-m4-d20-y2022-ant2-0.03x-4-methyl-3-heptanone-40-t134-z135um
ses-m4+d20+y2022+ant2+0+03x+4+methyl+3+heptanone+40+t134+z140um	ses-m4-d20-y2022-ant2-0.03x-4-methyl-3-heptanone-40-t134-z140um
ses-m4+d20+y2022+ant2+0+03x+4+methyl+3+heptanone+40+t134+z145um	ses-m4-d20-y2022-ant2-0.03x-4-methyl-3-heptanone-40-t134-z145um
ses-m4+d20+y2022+ant2+0+03x+4+methyl+3+heptanone+40+t134+z150um	ses-m4-d20-y2022-ant2-0.03x-4-methyl-3-heptanone-40-t134-z150um
ses-m4+d20+y2022+ant2+0+03x+4+methyl+3+heptanone+40+t134+z155um	ses-m4-d20-y2022-ant2-0.03x-4-methyl-3-heptanone-40-t134-z155um
ses-m4+d20+y2022+ant2+0+03x+4+methyl+3+heptanone+40+t134+z15um	ses-m4-d20-y2022-ant2-0.03x-4-methyl-3-heptanone-40-t134-z15um
ses-m4+d20+y2022+ant2+0+03x+4+methyl+3+heptanone+40+t134+z160um	ses-m4-d20-y2022-ant2-0.03x-4-methyl-3-heptanone-40-t134-z160um
ses-m4+d20+y2022+ant2+0+03x+4+methyl+3+heptanone+40+t134+z20um	ses-m4-d20-y2022-ant2-0.03x-4-methyl-3-heptanone-40-t134-z20um
ses-m4+d20+y2022+ant2+0+03x+4+methyl+3+heptanone+40+t134+z25um	ses-m4-d20-y2022-ant2-0.03x-4-methyl-3-heptanone-40-t134-z25um
ses-m4+d20+y2022+ant2+0+03x+4+methyl+3+heptanone+40+t134+z30um	ses-m4-d20-y2022-ant2-0.03x-4-methyl-3-heptanone-40-t134-z30um
ses-m4+d20+y2022+ant2+0+03x+4+methyl+3+heptanone+40+t134+z35um	ses-m4-d20-y2022-ant2-0.03x-4-methyl-3-heptanone-40-t134-z35um
ses-m4+d20+y2022+ant2+0+03x+4+methyl+3+heptanone+40+t134+z40um	ses-m4-d20-y2022-ant2-0.03x-4-methyl-3-heptanone-40-t134-z40um
ses-m4+d20+y2022+ant2+0+03x+4+methyl+3+heptanone+40+t134+z45um	ses-m4-d20-y2022-ant2-0.03x-4-methyl-3-heptanone-40-t134-z45um
ses-m4+d20+y2022+ant2+0+03x+4+methyl+3+heptanone+40+t134+z50um	ses-m4-d20-y2022-ant2-0.03x-4-methyl-3-heptanone-40-t134-z50um
ses-m4+d20+y2022+ant2+0+03x+4+methyl+3+heptanone+40+t134+z55um	ses-m4-d20-y2022-ant2-0.03x-4-methyl-3-heptanone-40-t134-z55um
ses-m4+d20+y2022+ant2+0+03x+4+methyl+3+heptanone+40+t134+z5um	ses-m4-d20-y2022-ant2-0.03x-4-methyl-3-heptanone-40-t134-z5um
ses-m4+d20+y2022+ant2+0+03x+4+methyl+3+heptanone+40+t134+z60um	ses-m4-d20-y2022-ant2-0.03x-4-methyl-3-heptanone-40-t134-z60um
ses-m4+d20+y2022+ant2+0+03x+4+methyl+3+heptanone+40+t134+z65um	ses-m4-d20-y2022-ant2-0.03x-4-methyl-3-heptanone-40-t134-z65um
ses-m4+d20+y2022+ant2+0+03x+4+methyl+3+heptanone+40+t134+z70um	ses-m4-d20-y2022-ant2-0.03x-4-methyl-3-heptanone-40-t134-z70um
ses-m4+d20+y2022+ant2+0+03x+4+methyl+3+heptanone+40+t134+z75um	ses-m4-d20-y2022-ant2-0.03x-4-methyl-3-heptanone-40-t134-z75um
ses-m4+d20+y2022+ant2+0+03x+4+methyl+3+heptanone+40+t134+z80um	ses-m4-d20-y2022-ant2-0.03x-4-methyl-3-heptanone-40-t134-z80um
ses-m4+d20+y2022+ant2+0+03x+4+methyl+3+heptanone+40+t134+z85um	ses-m4-d20-y2022-ant2-0.03x-4-methyl-3-heptanone-40-t134-z85um
ses-m4+d20+y2022+ant2+0+03x+4+methyl+3+heptanone+40+t134+z90um	ses-m4-d20-y2022-ant2-0.03x-4-methyl-3-heptanone-40-t134-z90um
ses-m4+d20+y2022+ant2+0+03x+4+methyl+3+heptanone+40+t134+z95um	ses-m4-d20-y2022-ant2-0.03x-4-methyl-3-heptanone-40-t134-z95um
ses-m4+d20+y2022+ant2+0+03x+4+methyl+3+heptanone+40+t139+z0um	ses-m4-d20-y2022-ant2-0.03x-4-methyl-3-heptanone-40-t139-z0um
ses-m4+d20+y2022+ant2+0+03x+4+methyl+3+heptanone+40+t139+z100um	ses-m4-d20-y2022-ant2-0.03x-4-methyl-3-heptanone-40-t139-z100um
ses-m4+d20+y2022+ant2+0+03x+4+methyl+3+heptanone+40+t139+z105um	ses-m4-d20-y2022-ant2-0.03x-4-methyl-3-heptanone-40-t139-z105um
ses-m4+d20+y2022+ant2+0+03x+4+methyl+3+heptanone+40+t139+z10um	ses-m4-d20-y2022-ant2-0.03x-4-methyl-3-heptanone-40-t139-z10um
ses-m4+d20+y2022+ant2+0+03x+4+methyl+3+heptanone+40+t139+z110um	ses-m4-d20-y2022-ant2-0.03x-4-methyl-3-heptanone-40-t139-z110um
ses-m4+d20+y2022+ant2+0+03x+4+methyl+3+heptanone+40+t139+z115um	ses-m4-d20-y2022-ant2-0.03x-4-methyl-3-heptanone-40-t139-z115um
ses-m4+d20+y2022+ant2+0+03x+4+methyl+3+heptanone+40+t139+z120um	ses-m4-d20-y2022-ant2-0.03x-4-methyl-3-heptanone-40-t139-z120um
ses-m4+d20+y2022+ant2+0+03x+4+methyl+3+heptanone+40+t139+z125um	ses-m4-d20-y2022-ant2-0.03x-4-methyl-3-heptanone-40-t139-z125um
ses-m4+d20+y2022+ant2+0+03x+4+methyl+3+heptanone+40+t139+z130um	ses-m4-d20-y2022-ant2-0.03x-4-methyl-3-heptanone-40-t139-z130um
ses-m4+d20+y2022+ant2+0+03x+4+methyl+3+heptanone+40+t139+z135um	ses-m4-d20-y2022-ant2-0.03x-4-methyl-3-heptanone-40-t139-z135um
ses-m4+d20+y2022+ant2+0+03x+4+methyl+3+heptanone+40+t139+z140um	ses-m4-d20-y2022-ant2-0.03x-4-methyl-3-heptanone-40-t139-z140um
ses-m4+d20+y2022+ant2+0+03x+4+methyl+3+heptanone+40+t139+z145um	ses-m4-d20-y2022-ant2-0.03x-4-methyl-3-heptanone-40-t139-z145um
ses-m4+d20+y2022+ant2+0+03x+4+methyl+3+heptanone+40+t139+z150um	ses-m4-d20-y2022-ant2-0.03x-4-methyl-3-heptanone-40-t139-z150um
ses-m4+d20+y2022+ant2+0+03x+4+methyl+3+heptanone+40+t139+z155um	ses-m4-d20-y2022-ant2-0.03x-4-methyl-3-heptanone-40-t139-z155um
ses-m4+d20+y2022+ant2+0+03x+4+methyl+3+heptanone+40+t139+z15um	ses-m4-d20-y2022-ant2-0.03x-4-methyl-3-heptanone-40-t139-z15um
ses-m4+d20+y2022+ant2+0+03x+4+methyl+3+heptanone+40+t139+z160um	ses-m4-d20-y2022-ant2-0.03x-4-methyl-3-heptanone-40-t139-z160um
ses-m4+d20+y2022+ant2+0+03x+4+methyl+3+heptanone+40+t139+z20um	ses-m4-d20-y2022-ant2-0.03x-4-methyl-3-heptanone-40-t139-z20um
ses-m4+d20+y2022+ant2+0+03x+4+methyl+3+heptanone+40+t139+z25um	ses-m4-d20-y2022-ant2-0.03x-4-methyl-3-heptanone-40-t139-z25um
ses-m4+d20+y2022+ant2+0+03x+4+methyl+3+heptanone+40+t139+z30um	ses-m4-d20-y2022-ant2-0.03x-4-methyl-3-heptanone-40-t139-z30um
ses-m4+d20+y2022+ant2+0+03x+4+methyl+3+heptanone+40+t139+z35um	ses-m4-d20-y2022-ant2-0.03x-4-methyl-3-heptanone-40-t139-z35um
ses-m4+d20+y2022+ant2+0+03x+4+methyl+3+heptanone+40+t139+z40um	ses-m4-d20-y2022-ant2-0.03x-4-methyl-3-heptanone-40-t139-z40um
ses-m4+d20+y2022+ant2+0+03x+4+methyl+3+heptanone+40+t139+z45um	ses-m4-d20-y2022-ant2-0.03x-4-methyl-3-heptanone-40-t139-z45um
ses-m4+d20+y2022+ant2+0+03x+4+methyl+3+heptanone+40+t139+z50um	ses-m4-d20-y2022-ant2-0.03x-4-methyl-3-heptanone-40-t139-z50um
ses-m4+d20+y2022+ant2+0+03x+4+methyl+3+heptanone+40+t139+z55um	ses-m4-d20-y2022-ant2-0.03x-4-methyl-3-heptanone-40-t139-z55um
ses-m4+d20+y2022+ant2+0+03x+4+methyl+3+heptanone+40+t139+z5um	ses-m4-d20-y2022-ant2-0.03x-4-methyl-3-heptanone-40-t139-z5um
ses-m4+d20+y2022+ant2+0+03x+4+methyl+3+heptanone+40+t139+z60um	ses-m4-d20-y2022-ant2-0.03x-4-methyl-3-heptanone-40-t139-z60um
ses-m4+d20+y2022+ant2+0+03x+4+methyl+3+heptanone+40+t139+z65um	ses-m4-d20-y2022-ant2-0.03x-4-methyl-3-heptanone-40-t139-z65um
ses-m4+d20+y2022+ant2+0+03x+4+methyl+3+heptanone+40+t139+z70um	ses-m4-d20-y2022-ant2-0.03x-4-methyl-3-heptanone-40-t139-z70um
ses-m4+d20+y2022+ant2+0+03x+4+methyl+3+heptanone+40+t139+z75um	ses-m4-d20-y2022-ant2-0.03x-4-methyl-3-heptanone-40-t139-z75um
ses-m4+d20+y2022+ant2+0+03x+4+methyl+3+heptanone+40+t139+z80um	ses-m4-d20-y2022-ant2-0.03x-4-methyl-3-heptanone-40-t139-z80um
ses-m4+d20+y2022+ant2+0+03x+4+methyl+3+heptanone+40+t139+z85um	ses-m4-d20-y2022-ant2-0.03x-4-methyl-3-heptanone-40-t139-z85um
ses-m4+d20+y2022+ant2+0+03x+4+methyl+3+heptanone+40+t139+z90um	ses-m4-d20-y2022-ant2-0.03x-4-methyl-3-heptanone-40-t139-z90um
ses-m4+d20+y2022+ant2+0+03x+4+methyl+3+heptanone+40+t139+z95um	ses-m4-d20-y2022-ant2-0.03x-4-methyl-3-heptanone-40-t139-z95um
ses-m4+d20+y2022+ant2+0+03x+4+methyl+3+heptanone+40+t144+z0um	ses-m4-d20-y2022-ant2-0.03x-4-methyl-3-heptanone-40-t144-z0um
ses-m4+d20+y2022+ant2+0+03x+4+methyl+3+heptanone+40+t144+z100um	ses-m4-d20-y2022-ant2-0.03x-4-methyl-3-heptanone-40-t144-z100um
ses-m4+d20+y2022+ant2+0+03x+4+methyl+3+heptanone+40+t144+z105um	ses-m4-d20-y2022-ant2-0.03x-4-methyl-3-heptanone-40-t144-z105um
ses-m4+d20+y2022+ant2+0+03x+4+methyl+3+heptanone+40+t144+z10um	ses-m4-d20-y2022-ant2-0.03x-4-methyl-3-heptanone-40-t144-z10um
ses-m4+d20+y2022+ant2+0+03x+4+methyl+3+heptanone+40+t144+z110um	ses-m4-d20-y2022-ant2-0.03x-4-methyl-3-heptanone-40-t144-z110um
ses-m4+d20+y2022+ant2+0+03x+4+methyl+3+heptanone+40+t144+z115um	ses-m4-d20-y2022-ant2-0.03x-4-methyl-3-heptanone-40-t144-z115um
ses-m4+d20+y2022+ant2+0+03x+4+methyl+3+heptanone+40+t144+z120um	ses-m4-d20-y2022-ant2-0.03x-4-methyl-3-heptanone-40-t144-z120um
ses-m4+d20+y2022+ant2+0+03x+4+methyl+3+heptanone+40+t144+z125um	ses-m4-d20-y2022-ant2-0.03x-4-methyl-3-heptanone-40-t144-z125um
ses-m4+d20+y2022+ant2+0+03x+4+methyl+3+heptanone+40+t144+z130um	ses-m4-d20-y2022-ant2-0.03x-4-methyl-3-heptanone-40-t144-z130um
ses-m4+d20+y2022+ant2+0+03x+4+methyl+3+heptanone+40+t144+z135um	ses-m4-d20-y2022-ant2-0.03x-4-methyl-3-heptanone-40-t144-z135um
ses-m4+d20+y2022+ant2+0+03x+4+methyl+3+heptanone+40+t144+z140um	ses-m4-d20-y2022-ant2-0.03x-4-methyl-3-heptanone-40-t144-z140um
ses-m4+d20+y2022+ant2+0+03x+4+methyl+3+heptanone+40+t144+z145um	ses-m4-d20-y2022-ant2-0.03x-4-methyl-3-heptanone-40-t144-z145um
ses-m4+d20+y2022+ant2+0+03x+4+methyl+3+heptanone+40+t144+z150um	ses-m4-d20-y2022-ant2-0.03x-4-methyl-3-heptanone-40-t144-z150um
ses-m4+d20+y2022+ant2+0+03x+4+methyl+3+heptanone+40+t144+z155um	ses-m4-d20-y2022-ant2-0.03x-4-methyl-3-heptanone-40-t144-z155um
ses-m4+d20+y2022+ant2+0+03x+4+methyl+3+heptanone+40+t144+z15um	ses-m4-d20-y2022-ant2-0.03x-4-methyl-3-heptanone-40-t144-z15um
ses-m4+d20+y2022+ant2+0+03x+4+methyl+3+heptanone+40+t144+z160um	ses-m4-d20-y2022-ant2-0.03x-4-methyl-3-heptanone-40-t144-z160um
ses-m4+d20+y2022+ant2+0+03x+4+methyl+3+heptanone+40+t144+z20um	ses-m4-d20-y2022-ant2-0.03x-4-methyl-3-heptanone-40-t144-z20um
ses-m4+d20+y2022+ant2+0+03x+4+methyl+3+heptanone+40+t144+z25um	ses-m4-d20-y2022-ant2-0.03x-4-methyl-3-heptanone-40-t144-z25um
ses-m4+d20+y2022+ant2+0+03x+4+methyl+3+heptanone+40+t144+z30um	ses-m4-d20-y2022-ant2-0.03x-4-methyl-3-heptanone-40-t144-z30um
ses-m4+d20+y2022+ant2+0+03x+4+methyl+3+heptanone+40+t144+z35um	ses-m4-d20-y2022-ant2-0.03x-4-methyl-3-heptanone-40-t144-z35um
ses-m4+d20+y2022+ant2+0+03x+4+methyl+3+heptanone+40+t144+z40um	ses-m4-d20-y2022-ant2-0.03x-4-methyl-3-heptanone-40-t144-z40um
ses-m4+d20+y2022+ant2+0+03x+4+methyl+3+heptanone+40+t144+z45um	ses-m4-d20-y2022-ant2-0.03x-4-methyl-3-heptanone-40-t144-z45um
ses-m4+d20+y2022+ant2+0+03x+4+methyl+3+heptanone+40+t144+z50um	ses-m4-d20-y2022-ant2-0.03x-4-methyl-3-heptanone-40-t144-z50um
ses-m4+d20+y2022+ant2+0+03x+4+methyl+3+heptanone+40+t144+z55um	ses-m4-d20-y2022-ant2-0.03x-4-methyl-3-heptanone-40-t144-z55um
ses-m4+d20+y2022+ant2+0+03x+4+methyl+3+heptanone+40+t144+z5um	ses-m4-d20-y2022-ant2-0.03x-4-methyl-3-heptanone-40-t144-z5um
ses-m4+d20+y2022+ant2+0+03x+4+methyl+3+heptanone+40+t144+z60um	ses-m4-d20-y2022-ant2-0.03x-4-methyl-3-heptanone-40-t144-z60um
ses-m4+d20+y2022+ant2+0+03x+4+methyl+3+heptanone+40+t144+z65um	ses-m4-d20-y2022-ant2-0.03x-4-methyl-3-heptanone-40-t144-z65um
ses-m4+d20+y2022+ant2+0+03x+4+methyl+3+heptanone+40+t144+z70um	ses-m4-d20-y2022-ant2-0.03x-4-methyl-3-heptanone-40-t144-z70um
ses-m4+d20+y2022+ant2+0+03x+4+methyl+3+heptanone+40+t144+z75um	ses-m4-d20-y2022-ant2-0.03x-4-methyl-3-heptanone-40-t144-z75um
ses-m4+d20+y2022+ant2+0+03x+4+methyl+3+heptanone+40+t144+z80um	ses-m4-d20-y2022-ant2-0.03x-4-methyl-3-heptanone-40-t144-z80um
ses-m4+d20+y2022+ant2+0+03x+4+methyl+3+heptanone+40+t144+z85um	ses-m4-d20-y2022-ant2-0.03x-4-methyl-3-heptanone-40-t144-z85um
ses-m4+d20+y2022+ant2+0+03x+4+methyl+3+heptanone+40+t144+z90um	ses-m4-d20-y2022-ant2-0.03x-4-methyl-3-heptanone-40-t144-z90um
ses-m4+d20+y2022+ant2+0+03x+4+methyl+3+heptanone+40+t144+z95um	ses-m4-d20-y2022-ant2-0.03x-4-methyl-3-heptanone-40-t144-z95um
ses-m4+d20+y2022+ant2+0+03x+4+methyl+3+hexanol+40+t130+z0um	ses-m4-d20-y2022-ant2-0.03x-4-methyl-3-hexanol-40-t130-z0um
ses-m4+d20+y2022+ant2+0+03x+4+methyl+3+hexanol+40+t130+z100um	ses-m4-d20-y2022-ant2-0.03x-4-methyl-3-hexanol-40-t130-z100um
ses-m4+d20+y2022+ant2+0+03x+4+methyl+3+hexanol+40+t130+z105um	ses-m4-d20-y2022-ant2-0.03x-4-methyl-3-hexanol-40-t130-z105um
ses-m4+d20+y2022+ant2+0+03x+4+methyl+3+hexanol+40+t130+z10um	ses-m4-d20-y2022-ant2-0.03x-4-methyl-3-hexanol-40-t130-z10um
ses-m4+d20+y2022+ant2+0+03x+4+methyl+3+hexanol+40+t130+z110um	ses-m4-d20-y2022-ant2-0.03x-4-methyl-3-hexanol-40-t130-z110um
ses-m4+d20+y2022+ant2+0+03x+4+methyl+3+hexanol+40+t130+z115um	ses-m4-d20-y2022-ant2-0.03x-4-methyl-3-hexanol-40-t130-z115um
ses-m4+d20+y2022+ant2+0+03x+4+methyl+3+hexanol+40+t130+z120um	ses-m4-d20-y2022-ant2-0.03x-4-methyl-3-hexanol-40-t130-z120um
ses-m4+d20+y2022+ant2+0+03x+4+methyl+3+hexanol+40+t130+z125um	ses-m4-d20-y2022-ant2-0.03x-4-methyl-3-hexanol-40-t130-z125um
ses-m4+d20+y2022+ant2+0+03x+4+methyl+3+hexanol+40+t130+z130um	ses-m4-d20-y2022-ant2-0.03x-4-methyl-3-hexanol-40-t130-z130um
ses-m4+d20+y2022+ant2+0+03x+4+methyl+3+hexanol+40+t130+z135um	ses-m4-d20-y2022-ant2-0.03x-4-methyl-3-hexanol-40-t130-z135um
ses-m4+d20+y2022+ant2+0+03x+4+methyl+3+hexanol+40+t130+z140um	ses-m4-d20-y2022-ant2-0.03x-4-methyl-3-hexanol-40-t130-z140um
ses-m4+d20+y2022+ant2+0+03x+4+methyl+3+hexanol+40+t130+z145um	ses-m4-d20-y2022-ant2-0.03x-4-methyl-3-hexanol-40-t130-z145um
ses-m4+d20+y2022+ant2+0+03x+4+methyl+3+hexanol+40+t130+z150um	ses-m4-d20-y2022-ant2-0.03x-4-methyl-3-hexanol-40-t130-z150um
ses-m4+d20+y2022+ant2+0+03x+4+methyl+3+hexanol+40+t130+z155um	ses-m4-d20-y2022-ant2-0.03x-4-methyl-3-hexanol-40-t130-z155um
ses-m4+d20+y2022+ant2+0+03x+4+methyl+3+hexanol+40+t130+z15um	ses-m4-d20-y2022-ant2-0.03x-4-methyl-3-hexanol-40-t130-z15um
ses-m4+d20+y2022+ant2+0+03x+4+methyl+3+hexanol+40+t130+z160um	ses-m4-d20-y2022-ant2-0.03x-4-methyl-3-hexanol-40-t130-z160um
ses-m4+d20+y2022+ant2+0+03x+4+methyl+3+hexanol+40+t130+z20um	ses-m4-d20-y2022-ant2-0.03x-4-methyl-3-hexanol-40-t130-z20um
ses-m4+d20+y2022+ant2+0+03x+4+methyl+3+hexanol+40+t130+z25um	ses-m4-d20-y2022-ant2-0.03x-4-methyl-3-hexanol-40-t130-z25um
ses-m4+d20+y2022+ant2+0+03x+4+methyl+3+hexanol+40+t130+z30um	ses-m4-d20-y2022-ant2-0.03x-4-methyl-3-hexanol-40-t130-z30um
ses-m4+d20+y2022+ant2+0+03x+4+methyl+3+hexanol+40+t130+z35um	ses-m4-d20-y2022-ant2-0.03x-4-methyl-3-hexanol-40-t130-z35um
ses-m4+d20+y2022+ant2+0+03x+4+methyl+3+hexanol+40+t130+z40um	ses-m4-d20-y2022-ant2-0.03x-4-methyl-3-hexanol-40-t130-z40um
ses-m4+d20+y2022+ant2+0+03x+4+methyl+3+hexanol+40+t130+z45um	ses-m4-d20-y2022-ant2-0.03x-4-methyl-3-hexanol-40-t130-z45um
ses-m4+d20+y2022+ant2+0+03x+4+methyl+3+hexanol+40+t130+z50um	ses-m4-d20-y2022-ant2-0.03x-4-methyl-3-hexanol-40-t130-z50um
ses-m4+d20+y2022+ant2+0+03x+4+methyl+3+hexanol+40+t130+z55um	ses-m4-d20-y2022-ant2-0.03x-4-methyl-3-hexanol-40-t130-z55um
ses-m4+d20+y2022+ant2+0+03x+4+methyl+3+hexanol+40+t130+z5um	ses-m4-d20-y2022-ant2-0.03x-4-methyl-3-hexanol-40-t130-z5um
ses-m4+d20+y2022+ant2+0+03x+4+methyl+3+hexanol+40+t130+z60um	ses-m4-d20-y2022-ant2-0.03x-4-methyl-3-hexanol-40-t130-z60um
ses-m4+d20+y2022+ant2+0+03x+4+methyl+3+hexanol+40+t130+z65um	ses-m4-d20-y2022-ant2-0.03x-4-methyl-3-hexanol-40-t130-z65um
ses-m4+d20+y2022+ant2+0+03x+4+methyl+3+hexanol+40+t130+z70um	ses-m4-d20-y2022-ant2-0.03x-4-methyl-3-hexanol-40-t130-z70um
ses-m4+d20+y2022+ant2+0+03x+4+methyl+3+hexanol+40+t130+z75um	ses-m4-d20-y2022-ant2-0.03x-4-methyl-3-hexanol-40-t130-z75um
ses-m4+d20+y2022+ant2+0+03x+4+methyl+3+hexanol+40+t130+z80um	ses-m4-d20-y2022-ant2-0.03x-4-methyl-3-hexanol-40-t130-z80um
ses-m4+d20+y2022+ant2+0+03x+4+methyl+3+hexanol+40+t130+z85um	ses-m4-d20-y2022-ant2-0.03x-4-methyl-3-hexanol-40-t130-z85um
ses-m4+d20+y2022+ant2+0+03x+4+methyl+3+hexanol+40+t130+z90um	ses-m4-d20-y2022-ant2-0.03x-4-methyl-3-hexanol-40-t130-z90um
ses-m4+d20+y2022+ant2+0+03x+4+methyl+3+hexanol+40+t130+z95um	ses-m4-d20-y2022-ant2-0.03x-4-methyl-3-hexanol-40-t130-z95um
ses-m4+d20+y2022+ant2+0+03x+4+methyl+3+hexanol+40+t136+z0um	ses-m4-d20-y2022-ant2-0.03x-4-methyl-3-hexanol-40-t136-z0um
ses-m4+d20+y2022+ant2+0+03x+4+methyl+3+hexanol+40+t136+z100um	ses-m4-d20-y2022-ant2-0.03x-4-methyl-3-hexanol-40-t136-z100um
ses-m4+d20+y2022+ant2+0+03x+4+methyl+3+hexanol+40+t136+z105um	ses-m4-d20-y2022-ant2-0.03x-4-methyl-3-hexanol-40-t136-z105um
ses-m4+d20+y2022+ant2+0+03x+4+methyl+3+hexanol+40+t136+z10um	ses-m4-d20-y2022-ant2-0.03x-4-methyl-3-hexanol-40-t136-z10um
ses-m4+d20+y2022+ant2+0+03x+4+methyl+3+hexanol+40+t136+z110um	ses-m4-d20-y2022-ant2-0.03x-4-methyl-3-hexanol-40-t136-z110um
ses-m4+d20+y2022+ant2+0+03x+4+methyl+3+hexanol+40+t136+z115um	ses-m4-d20-y2022-ant2-0.03x-4-methyl-3-hexanol-40-t136-z115um
ses-m4+d20+y2022+ant2+0+03x+4+methyl+3+hexanol+40+t136+z120um	ses-m4-d20-y2022-ant2-0.03x-4-methyl-3-hexanol-40-t136-z120um
ses-m4+d20+y2022+ant2+0+03x+4+methyl+3+hexanol+40+t136+z125um	ses-m4-d20-y2022-ant2-0.03x-4-methyl-3-hexanol-40-t136-z125um
ses-m4+d20+y2022+ant2+0+03x+4+methyl+3+hexanol+40+t136+z130um	ses-m4-d20-y2022-ant2-0.03x-4-methyl-3-hexanol-40-t136-z130um
ses-m4+d20+y2022+ant2+0+03x+4+methyl+3+hexanol+40+t136+z135um	ses-m4-d20-y2022-ant2-0.03x-4-methyl-3-hexanol-40-t136-z135um
ses-m4+d20+y2022+ant2+0+03x+4+methyl+3+hexanol+40+t136+z140um	ses-m4-d20-y2022-ant2-0.03x-4-methyl-3-hexanol-40-t136-z140um
ses-m4+d20+y2022+ant2+0+03x+4+methyl+3+hexanol+40+t136+z145um	ses-m4-d20-y2022-ant2-0.03x-4-methyl-3-hexanol-40-t136-z145um
ses-m4+d20+y2022+ant2+0+03x+4+methyl+3+hexanol+40+t136+z150um	ses-m4-d20-y2022-ant2-0.03x-4-methyl-3-hexanol-40-t136-z150um
ses-m4+d20+y2022+ant2+0+03x+4+methyl+3+hexanol+40+t136+z155um	ses-m4-d20-y2022-ant2-0.03x-4-methyl-3-hexanol-40-t136-z155um
ses-m4+d20+y2022+ant2+0+03x+4+methyl+3+hexanol+40+t136+z15um	ses-m4-d20-y2022-ant2-0.03x-4-methyl-3-hexanol-40-t136-z15um
ses-m4+d20+y2022+ant2+0+03x+4+methyl+3+hexanol+40+t136+z160um	ses-m4-d20-y2022-ant2-0.03x-4-methyl-3-hexanol-40-t136-z160um
ses-m4+d20+y2022+ant2+0+03x+4+methyl+3+hexanol+40+t136+z20um	ses-m4-d20-y2022-ant2-0.03x-4-methyl-3-hexanol-40-t136-z20um
ses-m4+d20+y2022+ant2+0+03x+4+methyl+3+hexanol+40+t136+z25um	ses-m4-d20-y2022-ant2-0.03x-4-methyl-3-hexanol-40-t136-z25um
ses-m4+d20+y2022+ant2+0+03x+4+methyl+3+hexanol+40+t136+z30um	ses-m4-d20-y2022-ant2-0.03x-4-methyl-3-hexanol-40-t136-z30um
ses-m4+d20+y2022+ant2+0+03x+4+methyl+3+hexanol+40+t136+z35um	ses-m4-d20-y2022-ant2-0.03x-4-methyl-3-hexanol-40-t136-z35um
ses-m4+d20+y2022+ant2+0+03x+4+methyl+3+hexanol+40+t136+z40um	ses-m4-d20-y2022-ant2-0.03x-4-methyl-3-hexanol-40-t136-z40um
ses-m4+d20+y2022+ant2+0+03x+4+methyl+3+hexanol+40+t136+z45um	ses-m4-d20-y2022-ant2-0.03x-4-methyl-3-hexanol-40-t136-z45um
ses-m4+d20+y2022+ant2+0+03x+4+methyl+3+hexanol+40+t136+z50um	ses-m4-d20-y2022-ant2-0.03x-4-methyl-3-hexanol-40-t136-z50um
ses-m4+d20+y2022+ant2+0+03x+4+methyl+3+hexanol+40+t136+z55um	ses-m4-d20-y2022-ant2-0.03x-4-methyl-3-hexanol-40-t136-z55um
ses-m4+d20+y2022+ant2+0+03x+4+methyl+3+hexanol+40+t136+z5um	ses-m4-d20-y2022-ant2-0.03x-4-methyl-3-hexanol-40-t136-z5um
ses-m4+d20+y2022+ant2+0+03x+4+methyl+3+hexanol+40+t136+z60um	ses-m4-d20-y2022-ant2-0.03x-4-methyl-3-hexanol-40-t136-z60um
ses-m4+d20+y2022+ant2+0+03x+4+methyl+3+hexanol+40+t136+z65um	ses-m4-d20-y2022-ant2-0.03x-4-methyl-3-hexanol-40-t136-z65um
ses-m4+d20+y2022+ant2+0+03x+4+methyl+3+hexanol+40+t136+z70um	ses-m4-d20-y2022-ant2-0.03x-4-methyl-3-hexanol-40-t136-z70um
ses-m4+d20+y2022+ant2+0+03x+4+methyl+3+hexanol+40+t136+z75um	ses-m4-d20-y2022-ant2-0.03x-4-methyl-3-hexanol-40-t136-z75um
ses-m4+d20+y2022+ant2+0+03x+4+methyl+3+hexanol+40+t136+z80um	ses-m4-d20-y2022-ant2-0.03x-4-methyl-3-hexanol-40-t136-z80um
ses-m4+d20+y2022+ant2+0+03x+4+methyl+3+hexanol+40+t136+z85um	ses-m4-d20-y2022-ant2-0.03x-4-methyl-3-hexanol-40-t136-z85um
ses-m4+d20+y2022+ant2+0+03x+4+methyl+3+hexanol+40+t136+z90um	ses-m4-d20-y2022-ant2-0.03x-4-methyl-3-hexanol-40-t136-z90um
ses-m4+d20+y2022+ant2+0+03x+4+methyl+3+hexanol+40+t136+z95um	ses-m4-d20-y2022-ant2-0.03x-4-methyl-3-hexanol-40-t136-z95um
ses-m4+d20+y2022+ant2+0+03x+4+methyl+3+hexanol+40+t141+z0um	ses-m4-d20-y2022-ant2-0.03x-4-methyl-3-hexanol-40-t141-z0um
ses-m4+d20+y2022+ant2+0+03x+4+methyl+3+hexanol+40+t141+z100um	ses-m4-d20-y2022-ant2-0.03x-4-methyl-3-hexanol-40-t141-z100um
ses-m4+d20+y2022+ant2+0+03x+4+methyl+3+hexanol+40+t141+z105um	ses-m4-d20-y2022-ant2-0.03x-4-methyl-3-hexanol-40-t141-z105um
ses-m4+d20+y2022+ant2+0+03x+4+methyl+3+hexanol+40+t141+z10um	ses-m4-d20-y2022-ant2-0.03x-4-methyl-3-hexanol-40-t141-z10um
ses-m4+d20+y2022+ant2+0+03x+4+methyl+3+hexanol+40+t141+z110um	ses-m4-d20-y2022-ant2-0.03x-4-methyl-3-hexanol-40-t141-z110um
ses-m4+d20+y2022+ant2+0+03x+4+methyl+3+hexanol+40+t141+z115um	ses-m4-d20-y2022-ant2-0.03x-4-methyl-3-hexanol-40-t141-z115um
ses-m4+d20+y2022+ant2+0+03x+4+methyl+3+hexanol+40+t141+z120um	ses-m4-d20-y2022-ant2-0.03x-4-methyl-3-hexanol-40-t141-z120um
ses-m4+d20+y2022+ant2+0+03x+4+methyl+3+hexanol+40+t141+z125um	ses-m4-d20-y2022-ant2-0.03x-4-methyl-3-hexanol-40-t141-z125um
ses-m4+d20+y2022+ant2+0+03x+4+methyl+3+hexanol+40+t141+z130um	ses-m4-d20-y2022-ant2-0.03x-4-methyl-3-hexanol-40-t141-z130um
ses-m4+d20+y2022+ant2+0+03x+4+methyl+3+hexanol+40+t141+z135um	ses-m4-d20-y2022-ant2-0.03x-4-methyl-3-hexanol-40-t141-z135um
ses-m4+d20+y2022+ant2+0+03x+4+methyl+3+hexanol+40+t141+z140um	ses-m4-d20-y2022-ant2-0.03x-4-methyl-3-hexanol-40-t141-z140um
ses-m4+d20+y2022+ant2+0+03x+4+methyl+3+hexanol+40+t141+z145um	ses-m4-d20-y2022-ant2-0.03x-4-methyl-3-hexanol-40-t141-z145um
ses-m4+d20+y2022+ant2+0+03x+4+methyl+3+hexanol+40+t141+z150um	ses-m4-d20-y2022-ant2-0.03x-4-methyl-3-hexanol-40-t141-z150um
ses-m4+d20+y2022+ant2+0+03x+4+methyl+3+hexanol+40+t141+z155um	ses-m4-d20-y2022-ant2-0.03x-4-methyl-3-hexanol-40-t141-z155um
ses-m4+d20+y2022+ant2+0+03x+4+methyl+3+hexanol+40+t141+z15um	ses-m4-d20-y2022-ant2-0.03x-4-methyl-3-hexanol-40-t141-z15um
ses-m4+d20+y2022+ant2+0+03x+4+methyl+3+hexanol+40+t141+z160um	ses-m4-d20-y2022-ant2-0.03x-4-methyl-3-hexanol-40-t141-z160um
ses-m4+d20+y2022+ant2+0+03x+4+methyl+3+hexanol+40+t141+z20um	ses-m4-d20-y2022-ant2-0.03x-4-methyl-3-hexanol-40-t141-z20um
ses-m4+d20+y2022+ant2+0+03x+4+methyl+3+hexanol+40+t141+z25um	ses-m4-d20-y2022-ant2-0.03x-4-methyl-3-hexanol-40-t141-z25um
ses-m4+d20+y2022+ant2+0+03x+4+methyl+3+hexanol+40+t141+z30um	ses-m4-d20-y2022-ant2-0.03x-4-methyl-3-hexanol-40-t141-z30um
ses-m4+d20+y2022+ant2+0+03x+4+methyl+3+hexanol+40+t141+z35um	ses-m4-d20-y2022-ant2-0.03x-4-methyl-3-hexanol-40-t141-z35um
ses-m4+d20+y2022+ant2+0+03x+4+methyl+3+hexanol+40+t141+z40um	ses-m4-d20-y2022-ant2-0.03x-4-methyl-3-hexanol-40-t141-z40um
ses-m4+d20+y2022+ant2+0+03x+4+methyl+3+hexanol+40+t141+z45um	ses-m4-d20-y2022-ant2-0.03x-4-methyl-3-hexanol-40-t141-z45um
ses-m4+d20+y2022+ant2+0+03x+4+methyl+3+hexanol+40+t141+z50um	ses-m4-d20-y2022-ant2-0.03x-4-methyl-3-hexanol-40-t141-z50um
ses-m4+d20+y2022+ant2+0+03x+4+methyl+3+hexanol+40+t141+z55um	ses-m4-d20-y2022-ant2-0.03x-4-methyl-3-hexanol-40-t141-z55um
ses-m4+d20+y2022+ant2+0+03x+4+methyl+3+hexanol+40+t141+z5um	ses-m4-d20-y2022-ant2-0.03x-4-methyl-3-hexanol-40-t141-z5um
ses-m4+d20+y2022+ant2+0+03x+4+methyl+3+hexanol+40+t141+z60um	ses-m4-d20-y2022-ant2-0.03x-4-methyl-3-hexanol-40-t141-z60um
ses-m4+d20+y2022+ant2+0+03x+4+methyl+3+hexanol+40+t141+z65um	ses-m4-d20-y2022-ant2-0.03x-4-methyl-3-hexanol-40-t141-z65um
ses-m4+d20+y2022+ant2+0+03x+4+methyl+3+hexanol+40+t141+z70um	ses-m4-d20-y2022-ant2-0.03x-4-methyl-3-hexanol-40-t141-z70um
ses-m4+d20+y2022+ant2+0+03x+4+methyl+3+hexanol+40+t141+z75um	ses-m4-d20-y2022-ant2-0.03x-4-methyl-3-hexanol-40-t141-z75um
ses-m4+d20+y2022+ant2+0+03x+4+methyl+3+hexanol+40+t141+z80um	ses-m4-d20-y2022-ant2-0.03x-4-methyl-3-hexanol-40-t141-z80um
ses-m4+d20+y2022+ant2+0+03x+4+methyl+3+hexanol+40+t141+z85um	ses-m4-d20-y2022-ant2-0.03x-4-methyl-3-hexanol-40-t141-z85um
ses-m4+d20+y2022+ant2+0+03x+4+methyl+3+hexanol+40+t141+z90um	ses-m4-d20-y2022-ant2-0.03x-4-methyl-3-hexanol-40-t141-z90um
ses-m4+d20+y2022+ant2+0+03x+4+methyl+3+hexanol+40+t141+z95um	ses-m4-d20-y2022-ant2-0.03x-4-methyl-3-hexanol-40-t141-z95um
ses-m4+d20+y2022+ant2+0+03x+6+methyl+5+hepten+2+one+40+t129+z0um	ses-m4-d20-y2022-ant2-0.03x-6-methyl-5-hepten-2-one-40-t129-z0um
ses-m4+d20+y2022+ant2+0+03x+6+methyl+5+hepten+2+one+40+t129+z100um	ses-m4-d20-y2022-ant2-0.03x-6-methyl-5-hepten-2-one-40-t129-z100um
ses-m4+d20+y2022+ant2+0+03x+6+methyl+5+hepten+2+one+40+t129+z105um	ses-m4-d20-y2022-ant2-0.03x-6-methyl-5-hepten-2-one-40-t129-z105um
ses-m4+d20+y2022+ant2+0+03x+6+methyl+5+hepten+2+one+40+t129+z10um	ses-m4-d20-y2022-ant2-0.03x-6-methyl-5-hepten-2-one-40-t129-z10um
ses-m4+d20+y2022+ant2+0+03x+6+methyl+5+hepten+2+one+40+t129+z110um	ses-m4-d20-y2022-ant2-0.03x-6-methyl-5-hepten-2-one-40-t129-z110um
ses-m4+d20+y2022+ant2+0+03x+6+methyl+5+hepten+2+one+40+t129+z115um	ses-m4-d20-y2022-ant2-0.03x-6-methyl-5-hepten-2-one-40-t129-z115um
ses-m4+d20+y2022+ant2+0+03x+6+methyl+5+hepten+2+one+40+t129+z120um	ses-m4-d20-y2022-ant2-0.03x-6-methyl-5-hepten-2-one-40-t129-z120um
ses-m4+d20+y2022+ant2+0+03x+6+methyl+5+hepten+2+one+40+t129+z125um	ses-m4-d20-y2022-ant2-0.03x-6-methyl-5-hepten-2-one-40-t129-z125um
ses-m4+d20+y2022+ant2+0+03x+6+methyl+5+hepten+2+one+40+t129+z130um	ses-m4-d20-y2022-ant2-0.03x-6-methyl-5-hepten-2-one-40-t129-z130um
ses-m4+d20+y2022+ant2+0+03x+6+methyl+5+hepten+2+one+40+t129+z135um	ses-m4-d20-y2022-ant2-0.03x-6-methyl-5-hepten-2-one-40-t129-z135um
ses-m4+d20+y2022+ant2+0+03x+6+methyl+5+hepten+2+one+40+t129+z140um	ses-m4-d20-y2022-ant2-0.03x-6-methyl-5-hepten-2-one-40-t129-z140um
ses-m4+d20+y2022+ant2+0+03x+6+methyl+5+hepten+2+one+40+t129+z145um	ses-m4-d20-y2022-ant2-0.03x-6-methyl-5-hepten-2-one-40-t129-z145um
ses-m4+d20+y2022+ant2+0+03x+6+methyl+5+hepten+2+one+40+t129+z150um	ses-m4-d20-y2022-ant2-0.03x-6-methyl-5-hepten-2-one-40-t129-z150um
ses-m4+d20+y2022+ant2+0+03x+6+methyl+5+hepten+2+one+40+t129+z155um	ses-m4-d20-y2022-ant2-0.03x-6-methyl-5-hepten-2-one-40-t129-z155um
ses-m4+d20+y2022+ant2+0+03x+6+methyl+5+hepten+2+one+40+t129+z15um	ses-m4-d20-y2022-ant2-0.03x-6-methyl-5-hepten-2-one-40-t129-z15um
ses-m4+d20+y2022+ant2+0+03x+6+methyl+5+hepten+2+one+40+t129+z160um	ses-m4-d20-y2022-ant2-0.03x-6-methyl-5-hepten-2-one-40-t129-z160um
ses-m4+d20+y2022+ant2+0+03x+6+methyl+5+hepten+2+one+40+t129+z20um	ses-m4-d20-y2022-ant2-0.03x-6-methyl-5-hepten-2-one-40-t129-z20um
ses-m4+d20+y2022+ant2+0+03x+6+methyl+5+hepten+2+one+40+t129+z25um	ses-m4-d20-y2022-ant2-0.03x-6-methyl-5-hepten-2-one-40-t129-z25um
ses-m4+d20+y2022+ant2+0+03x+6+methyl+5+hepten+2+one+40+t129+z30um	ses-m4-d20-y2022-ant2-0.03x-6-methyl-5-hepten-2-one-40-t129-z30um
ses-m4+d20+y2022+ant2+0+03x+6+methyl+5+hepten+2+one+40+t129+z35um	ses-m4-d20-y2022-ant2-0.03x-6-methyl-5-hepten-2-one-40-t129-z35um
ses-m4+d20+y2022+ant2+0+03x+6+methyl+5+hepten+2+one+40+t129+z40um	ses-m4-d20-y2022-ant2-0.03x-6-methyl-5-hepten-2-one-40-t129-z40um
ses-m4+d20+y2022+ant2+0+03x+6+methyl+5+hepten+2+one+40+t129+z45um	ses-m4-d20-y2022-ant2-0.03x-6-methyl-5-hepten-2-one-40-t129-z45um
ses-m4+d20+y2022+ant2+0+03x+6+methyl+5+hepten+2+one+40+t129+z50um	ses-m4-d20-y2022-ant2-0.03x-6-methyl-5-hepten-2-one-40-t129-z50um
ses-m4+d20+y2022+ant2+0+03x+6+methyl+5+hepten+2+one+40+t129+z55um	ses-m4-d20-y2022-ant2-0.03x-6-methyl-5-hepten-2-one-40-t129-z55um
ses-m4+d20+y2022+ant2+0+03x+6+methyl+5+hepten+2+one+40+t129+z5um	ses-m4-d20-y2022-ant2-0.03x-6-methyl-5-hepten-2-one-40-t129-z5um
ses-m4+d20+y2022+ant2+0+03x+6+methyl+5+hepten+2+one+40+t129+z60um	ses-m4-d20-y2022-ant2-0.03x-6-methyl-5-hepten-2-one-40-t129-z60um
ses-m4+d20+y2022+ant2+0+03x+6+methyl+5+hepten+2+one+40+t129+z65um	ses-m4-d20-y2022-ant2-0.03x-6-methyl-5-hepten-2-one-40-t129-z65um
ses-m4+d20+y2022+ant2+0+03x+6+methyl+5+hepten+2+one+40+t129+z70um	ses-m4-d20-y2022-ant2-0.03x-6-methyl-5-hepten-2-one-40-t129-z70um
ses-m4+d20+y2022+ant2+0+03x+6+methyl+5+hepten+2+one+40+t129+z75um	ses-m4-d20-y2022-ant2-0.03x-6-methyl-5-hepten-2-one-40-t129-z75um
ses-m4+d20+y2022+ant2+0+03x+6+methyl+5+hepten+2+one+40+t129+z80um	ses-m4-d20-y2022-ant2-0.03x-6-methyl-5-hepten-2-one-40-t129-z80um
ses-m4+d20+y2022+ant2+0+03x+6+methyl+5+hepten+2+one+40+t129+z85um	ses-m4-d20-y2022-ant2-0.03x-6-methyl-5-hepten-2-one-40-t129-z85um
ses-m4+d20+y2022+ant2+0+03x+6+methyl+5+hepten+2+one+40+t129+z90um	ses-m4-d20-y2022-ant2-0.03x-6-methyl-5-hepten-2-one-40-t129-z90um
ses-m4+d20+y2022+ant2+0+03x+6+methyl+5+hepten+2+one+40+t129+z95um	ses-m4-d20-y2022-ant2-0.03x-6-methyl-5-hepten-2-one-40-t129-z95um
ses-m4+d20+y2022+ant2+0+03x+6+methyl+5+hepten+2+one+40+t135+z0um	ses-m4-d20-y2022-ant2-0.03x-6-methyl-5-hepten-2-one-40-t135-z0um
ses-m4+d20+y2022+ant2+0+03x+6+methyl+5+hepten+2+one+40+t135+z100um	ses-m4-d20-y2022-ant2-0.03x-6-methyl-5-hepten-2-one-40-t135-z100um
ses-m4+d20+y2022+ant2+0+03x+6+methyl+5+hepten+2+one+40+t135+z105um	ses-m4-d20-y2022-ant2-0.03x-6-methyl-5-hepten-2-one-40-t135-z105um
ses-m4+d20+y2022+ant2+0+03x+6+methyl+5+hepten+2+one+40+t135+z10um	ses-m4-d20-y2022-ant2-0.03x-6-methyl-5-hepten-2-one-40-t135-z10um
ses-m4+d20+y2022+ant2+0+03x+6+methyl+5+hepten+2+one+40+t135+z110um	ses-m4-d20-y2022-ant2-0.03x-6-methyl-5-hepten-2-one-40-t135-z110um
ses-m4+d20+y2022+ant2+0+03x+6+methyl+5+hepten+2+one+40+t135+z115um	ses-m4-d20-y2022-ant2-0.03x-6-methyl-5-hepten-2-one-40-t135-z115um
ses-m4+d20+y2022+ant2+0+03x+6+methyl+5+hepten+2+one+40+t135+z120um	ses-m4-d20-y2022-ant2-0.03x-6-methyl-5-hepten-2-one-40-t135-z120um
ses-m4+d20+y2022+ant2+0+03x+6+methyl+5+hepten+2+one+40+t135+z125um	ses-m4-d20-y2022-ant2-0.03x-6-methyl-5-hepten-2-one-40-t135-z125um
ses-m4+d20+y2022+ant2+0+03x+6+methyl+5+hepten+2+one+40+t135+z130um	ses-m4-d20-y2022-ant2-0.03x-6-methyl-5-hepten-2-one-40-t135-z130um
ses-m4+d20+y2022+ant2+0+03x+6+methyl+5+hepten+2+one+40+t135+z135um	ses-m4-d20-y2022-ant2-0.03x-6-methyl-5-hepten-2-one-40-t135-z135um
ses-m4+d20+y2022+ant2+0+03x+6+methyl+5+hepten+2+one+40+t135+z140um	ses-m4-d20-y2022-ant2-0.03x-6-methyl-5-hepten-2-one-40-t135-z140um
ses-m4+d20+y2022+ant2+0+03x+6+methyl+5+hepten+2+one+40+t135+z145um	ses-m4-d20-y2022-ant2-0.03x-6-methyl-5-hepten-2-one-40-t135-z145um
ses-m4+d20+y2022+ant2+0+03x+6+methyl+5+hepten+2+one+40+t135+z150um	ses-m4-d20-y2022-ant2-0.03x-6-methyl-5-hepten-2-one-40-t135-z150um
ses-m4+d20+y2022+ant2+0+03x+6+methyl+5+hepten+2+one+40+t135+z155um	ses-m4-d20-y2022-ant2-0.03x-6-methyl-5-hepten-2-one-40-t135-z155um
ses-m4+d20+y2022+ant2+0+03x+6+methyl+5+hepten+2+one+40+t135+z15um	ses-m4-d20-y2022-ant2-0.03x-6-methyl-5-hepten-2-one-40-t135-z15um
ses-m4+d20+y2022+ant2+0+03x+6+methyl+5+hepten+2+one+40+t135+z160um	ses-m4-d20-y2022-ant2-0.03x-6-methyl-5-hepten-2-one-40-t135-z160um
ses-m4+d20+y2022+ant2+0+03x+6+methyl+5+hepten+2+one+40+t135+z20um	ses-m4-d20-y2022-ant2-0.03x-6-methyl-5-hepten-2-one-40-t135-z20um
ses-m4+d20+y2022+ant2+0+03x+6+methyl+5+hepten+2+one+40+t135+z25um	ses-m4-d20-y2022-ant2-0.03x-6-methyl-5-hepten-2-one-40-t135-z25um
ses-m4+d20+y2022+ant2+0+03x+6+methyl+5+hepten+2+one+40+t135+z30um	ses-m4-d20-y2022-ant2-0.03x-6-methyl-5-hepten-2-one-40-t135-z30um
ses-m4+d20+y2022+ant2+0+03x+6+methyl+5+hepten+2+one+40+t135+z35um	ses-m4-d20-y2022-ant2-0.03x-6-methyl-5-hepten-2-one-40-t135-z35um
ses-m4+d20+y2022+ant2+0+03x+6+methyl+5+hepten+2+one+40+t135+z40um	ses-m4-d20-y2022-ant2-0.03x-6-methyl-5-hepten-2-one-40-t135-z40um
ses-m4+d20+y2022+ant2+0+03x+6+methyl+5+hepten+2+one+40+t135+z45um	ses-m4-d20-y2022-ant2-0.03x-6-methyl-5-hepten-2-one-40-t135-z45um
ses-m4+d20+y2022+ant2+0+03x+6+methyl+5+hepten+2+one+40+t135+z50um	ses-m4-d20-y2022-ant2-0.03x-6-methyl-5-hepten-2-one-40-t135-z50um
ses-m4+d20+y2022+ant2+0+03x+6+methyl+5+hepten+2+one+40+t135+z55um	ses-m4-d20-y2022-ant2-0.03x-6-methyl-5-hepten-2-one-40-t135-z55um
ses-m4+d20+y2022+ant2+0+03x+6+methyl+5+hepten+2+one+40+t135+z5um	ses-m4-d20-y2022-ant2-0.03x-6-methyl-5-hepten-2-one-40-t135-z5um
ses-m4+d20+y2022+ant2+0+03x+6+methyl+5+hepten+2+one+40+t135+z60um	ses-m4-d20-y2022-ant2-0.03x-6-methyl-5-hepten-2-one-40-t135-z60um
ses-m4+d20+y2022+ant2+0+03x+6+methyl+5+hepten+2+one+40+t135+z65um	ses-m4-d20-y2022-ant2-0.03x-6-methyl-5-hepten-2-one-40-t135-z65um
ses-m4+d20+y2022+ant2+0+03x+6+methyl+5+hepten+2+one+40+t135+z70um	ses-m4-d20-y2022-ant2-0.03x-6-methyl-5-hepten-2-one-40-t135-z70um
ses-m4+d20+y2022+ant2+0+03x+6+methyl+5+hepten+2+one+40+t135+z75um	ses-m4-d20-y2022-ant2-0.03x-6-methyl-5-hepten-2-one-40-t135-z75um
ses-m4+d20+y2022+ant2+0+03x+6+methyl+5+hepten+2+one+40+t135+z80um	ses-m4-d20-y2022-ant2-0.03x-6-methyl-5-hepten-2-one-40-t135-z80um
ses-m4+d20+y2022+ant2+0+03x+6+methyl+5+hepten+2+one+40+t135+z85um	ses-m4-d20-y2022-ant2-0.03x-6-methyl-5-hepten-2-one-40-t135-z85um
ses-m4+d20+y2022+ant2+0+03x+6+methyl+5+hepten+2+one+40+t135+z90um	ses-m4-d20-y2022-ant2-0.03x-6-methyl-5-hepten-2-one-40-t135-z90um
ses-m4+d20+y2022+ant2+0+03x+6+methyl+5+hepten+2+one+40+t135+z95um	ses-m4-d20-y2022-ant2-0.03x-6-methyl-5-hepten-2-one-40-t135-z95um
ses-m4+d20+y2022+ant2+0+03x+6+methyl+5+hepten+2+one+40+t140+z0um	ses-m4-d20-y2022-ant2-0.03x-6-methyl-5-hepten-2-one-40-t140-z0um
ses-m4+d20+y2022+ant2+0+03x+6+methyl+5+hepten+2+one+40+t140+z100um	ses-m4-d20-y2022-ant2-0.03x-6-methyl-5-hepten-2-one-40-t140-z100um
ses-m4+d20+y2022+ant2+0+03x+6+methyl+5+hepten+2+one+40+t140+z105um	ses-m4-d20-y2022-ant2-0.03x-6-methyl-5-hepten-2-one-40-t140-z105um
ses-m4+d20+y2022+ant2+0+03x+6+methyl+5+hepten+2+one+40+t140+z10um	ses-m4-d20-y2022-ant2-0.03x-6-methyl-5-hepten-2-one-40-t140-z10um
ses-m4+d20+y2022+ant2+0+03x+6+methyl+5+hepten+2+one+40+t140+z110um	ses-m4-d20-y2022-ant2-0.03x-6-methyl-5-hepten-2-one-40-t140-z110um
ses-m4+d20+y2022+ant2+0+03x+6+methyl+5+hepten+2+one+40+t140+z115um	ses-m4-d20-y2022-ant2-0.03x-6-methyl-5-hepten-2-one-40-t140-z115um
ses-m4+d20+y2022+ant2+0+03x+6+methyl+5+hepten+2+one+40+t140+z120um	ses-m4-d20-y2022-ant2-0.03x-6-methyl-5-hepten-2-one-40-t140-z120um
ses-m4+d20+y2022+ant2+0+03x+6+methyl+5+hepten+2+one+40+t140+z125um	ses-m4-d20-y2022-ant2-0.03x-6-methyl-5-hepten-2-one-40-t140-z125um
ses-m4+d20+y2022+ant2+0+03x+6+methyl+5+hepten+2+one+40+t140+z130um	ses-m4-d20-y2022-ant2-0.03x-6-methyl-5-hepten-2-one-40-t140-z130um
ses-m4+d20+y2022+ant2+0+03x+6+methyl+5+hepten+2+one+40+t140+z135um	ses-m4-d20-y2022-ant2-0.03x-6-methyl-5-hepten-2-one-40-t140-z135um
ses-m4+d20+y2022+ant2+0+03x+6+methyl+5+hepten+2+one+40+t140+z140um	ses-m4-d20-y2022-ant2-0.03x-6-methyl-5-hepten-2-one-40-t140-z140um
ses-m4+d20+y2022+ant2+0+03x+6+methyl+5+hepten+2+one+40+t140+z145um	ses-m4-d20-y2022-ant2-0.03x-6-methyl-5-hepten-2-one-40-t140-z145um
ses-m4+d20+y2022+ant2+0+03x+6+methyl+5+hepten+2+one+40+t140+z150um	ses-m4-d20-y2022-ant2-0.03x-6-methyl-5-hepten-2-one-40-t140-z150um
ses-m4+d20+y2022+ant2+0+03x+6+methyl+5+hepten+2+one+40+t140+z155um	ses-m4-d20-y2022-ant2-0.03x-6-methyl-5-hepten-2-one-40-t140-z155um
ses-m4+d20+y2022+ant2+0+03x+6+methyl+5+hepten+2+one+40+t140+z15um	ses-m4-d20-y2022-ant2-0.03x-6-methyl-5-hepten-2-one-40-t140-z15um
ses-m4+d20+y2022+ant2+0+03x+6+methyl+5+hepten+2+one+40+t140+z160um	ses-m4-d20-y2022-ant2-0.03x-6-methyl-5-hepten-2-one-40-t140-z160um
ses-m4+d20+y2022+ant2+0+03x+6+methyl+5+hepten+2+one+40+t140+z20um	ses-m4-d20-y2022-ant2-0.03x-6-methyl-5-hepten-2-one-40-t140-z20um
ses-m4+d20+y2022+ant2+0+03x+6+methyl+5+hepten+2+one+40+t140+z25um	ses-m4-d20-y2022-ant2-0.03x-6-methyl-5-hepten-2-one-40-t140-z25um
ses-m4+d20+y2022+ant2+0+03x+6+methyl+5+hepten+2+one+40+t140+z30um	ses-m4-d20-y2022-ant2-0.03x-6-methyl-5-hepten-2-one-40-t140-z30um
ses-m4+d20+y2022+ant2+0+03x+6+methyl+5+hepten+2+one+40+t140+z35um	ses-m4-d20-y2022-ant2-0.03x-6-methyl-5-hepten-2-one-40-t140-z35um
ses-m4+d20+y2022+ant2+0+03x+6+methyl+5+hepten+2+one+40+t140+z40um	ses-m4-d20-y2022-ant2-0.03x-6-methyl-5-hepten-2-one-40-t140-z40um
ses-m4+d20+y2022+ant2+0+03x+6+methyl+5+hepten+2+one+40+t140+z45um	ses-m4-d20-y2022-ant2-0.03x-6-methyl-5-hepten-2-one-40-t140-z45um
ses-m4+d20+y2022+ant2+0+03x+6+methyl+5+hepten+2+one+40+t140+z50um	ses-m4-d20-y2022-ant2-0.03x-6-methyl-5-hepten-2-one-40-t140-z50um
ses-m4+d20+y2022+ant2+0+03x+6+methyl+5+hepten+2+one+40+t140+z55um	ses-m4-d20-y2022-ant2-0.03x-6-methyl-5-hepten-2-one-40-t140-z55um
ses-m4+d20+y2022+ant2+0+03x+6+methyl+5+hepten+2+one+40+t140+z5um	ses-m4-d20-y2022-ant2-0.03x-6-methyl-5-hepten-2-one-40-t140-z5um
ses-m4+d20+y2022+ant2+0+03x+6+methyl+5+hepten+2+one+40+t140+z60um	ses-m4-d20-y2022-ant2-0.03x-6-methyl-5-hepten-2-one-40-t140-z60um
ses-m4+d20+y2022+ant2+0+03x+6+methyl+5+hepten+2+one+40+t140+z65um	ses-m4-d20-y2022-ant2-0.03x-6-methyl-5-hepten-2-one-40-t140-z65um
ses-m4+d20+y2022+ant2+0+03x+6+methyl+5+hepten+2+one+40+t140+z70um	ses-m4-d20-y2022-ant2-0.03x-6-methyl-5-hepten-2-one-40-t140-z70um
ses-m4+d20+y2022+ant2+0+03x+6+methyl+5+hepten+2+one+40+t140+z75um	ses-m4-d20-y2022-ant2-0.03x-6-methyl-5-hepten-2-one-40-t140-z75um
ses-m4+d20+y2022+ant2+0+03x+6+methyl+5+hepten+2+one+40+t140+z80um	ses-m4-d20-y2022-ant2-0.03x-6-methyl-5-hepten-2-one-40-t140-z80um
ses-m4+d20+y2022+ant2+0+03x+6+methyl+5+hepten+2+one+40+t140+z85um	ses-m4-d20-y2022-ant2-0.03x-6-methyl-5-hepten-2-one-40-t140-z85um
ses-m4+d20+y2022+ant2+0+03x+6+methyl+5+hepten+2+one+40+t140+z90um	ses-m4-d20-y2022-ant2-0.03x-6-methyl-5-hepten-2-one-40-t140-z90um
ses-m4+d20+y2022+ant2+0+03x+6+methyl+5+hepten+2+one+40+t140+z95um	ses-m4-d20-y2022-ant2-0.03x-6-methyl-5-hepten-2-one-40-t140-z95um
ses-m4+d20+y2022+ant2+0+12x+4+methyl+3+heptanol+40+t148+z0um	ses-m4-d20-y2022-ant2-0.12x-4-methyl-3-heptanol-40-t148-z0um
ses-m4+d20+y2022+ant2+0+12x+4+methyl+3+heptanol+40+t148+z100um	ses-m4-d20-y2022-ant2-0.12x-4-methyl-3-heptanol-40-t148-z100um
ses-m4+d20+y2022+ant2+0+12x+4+methyl+3+heptanol+40+t148+z105um	ses-m4-d20-y2022-ant2-0.12x-4-methyl-3-heptanol-40-t148-z105um
ses-m4+d20+y2022+ant2+0+12x+4+methyl+3+heptanol+40+t148+z10um	ses-m4-d20-y2022-ant2-0.12x-4-methyl-3-heptanol-40-t148-z10um
ses-m4+d20+y2022+ant2+0+12x+4+methyl+3+heptanol+40+t148+z110um	ses-m4-d20-y2022-ant2-0.12x-4-methyl-3-heptanol-40-t148-z110um
ses-m4+d20+y2022+ant2+0+12x+4+methyl+3+heptanol+40+t148+z115um	ses-m4-d20-y2022-ant2-0.12x-4-methyl-3-heptanol-40-t148-z115um
ses-m4+d20+y2022+ant2+0+12x+4+methyl+3+heptanol+40+t148+z120um	ses-m4-d20-y2022-ant2-0.12x-4-methyl-3-heptanol-40-t148-z120um
ses-m4+d20+y2022+ant2+0+12x+4+methyl+3+heptanol+40+t148+z125um	ses-m4-d20-y2022-ant2-0.12x-4-methyl-3-heptanol-40-t148-z125um
ses-m4+d20+y2022+ant2+0+12x+4+methyl+3+heptanol+40+t148+z130um	ses-m4-d20-y2022-ant2-0.12x-4-methyl-3-heptanol-40-t148-z130um
ses-m4+d20+y2022+ant2+0+12x+4+methyl+3+heptanol+40+t148+z135um	ses-m4-d20-y2022-ant2-0.12x-4-methyl-3-heptanol-40-t148-z135um
ses-m4+d20+y2022+ant2+0+12x+4+methyl+3+heptanol+40+t148+z140um	ses-m4-d20-y2022-ant2-0.12x-4-methyl-3-heptanol-40-t148-z140um
ses-m4+d20+y2022+ant2+0+12x+4+methyl+3+heptanol+40+t148+z145um	ses-m4-d20-y2022-ant2-0.12x-4-methyl-3-heptanol-40-t148-z145um
ses-m4+d20+y2022+ant2+0+12x+4+methyl+3+heptanol+40+t148+z150um	ses-m4-d20-y2022-ant2-0.12x-4-methyl-3-heptanol-40-t148-z150um
ses-m4+d20+y2022+ant2+0+12x+4+methyl+3+heptanol+40+t148+z155um	ses-m4-d20-y2022-ant2-0.12x-4-methyl-3-heptanol-40-t148-z155um
ses-m4+d20+y2022+ant2+0+12x+4+methyl+3+heptanol+40+t148+z15um	ses-m4-d20-y2022-ant2-0.12x-4-methyl-3-heptanol-40-t148-z15um
ses-m4+d20+y2022+ant2+0+12x+4+methyl+3+heptanol+40+t148+z160um	ses-m4-d20-y2022-ant2-0.12x-4-methyl-3-heptanol-40-t148-z160um
ses-m4+d20+y2022+ant2+0+12x+4+methyl+3+heptanol+40+t148+z20um	ses-m4-d20-y2022-ant2-0.12x-4-methyl-3-heptanol-40-t148-z20um
ses-m4+d20+y2022+ant2+0+12x+4+methyl+3+heptanol+40+t148+z25um	ses-m4-d20-y2022-ant2-0.12x-4-methyl-3-heptanol-40-t148-z25um
ses-m4+d20+y2022+ant2+0+12x+4+methyl+3+heptanol+40+t148+z30um	ses-m4-d20-y2022-ant2-0.12x-4-methyl-3-heptanol-40-t148-z30um
ses-m4+d20+y2022+ant2+0+12x+4+methyl+3+heptanol+40+t148+z35um	ses-m4-d20-y2022-ant2-0.12x-4-methyl-3-heptanol-40-t148-z35um
ses-m4+d20+y2022+ant2+0+12x+4+methyl+3+heptanol+40+t148+z40um	ses-m4-d20-y2022-ant2-0.12x-4-methyl-3-heptanol-40-t148-z40um
ses-m4+d20+y2022+ant2+0+12x+4+methyl+3+heptanol+40+t148+z45um	ses-m4-d20-y2022-ant2-0.12x-4-methyl-3-heptanol-40-t148-z45um
ses-m4+d20+y2022+ant2+0+12x+4+methyl+3+heptanol+40+t148+z50um	ses-m4-d20-y2022-ant2-0.12x-4-methyl-3-heptanol-40-t148-z50um
ses-m4+d20+y2022+ant2+0+12x+4+methyl+3+heptanol+40+t148+z55um	ses-m4-d20-y2022-ant2-0.12x-4-methyl-3-heptanol-40-t148-z55um
ses-m4+d20+y2022+ant2+0+12x+4+methyl+3+heptanol+40+t148+z5um	ses-m4-d20-y2022-ant2-0.12x-4-methyl-3-heptanol-40-t148-z5um
ses-m4+d20+y2022+ant2+0+12x+4+methyl+3+heptanol+40+t148+z60um	ses-m4-d20-y2022-ant2-0.12x-4-methyl-3-heptanol-40-t148-z60um
ses-m4+d20+y2022+ant2+0+12x+4+methyl+3+heptanol+40+t148+z65um	ses-m4-d20-y2022-ant2-0.12x-4-methyl-3-heptanol-40-t148-z65um
ses-m4+d20+y2022+ant2+0+12x+4+methyl+3+heptanol+40+t148+z70um	ses-m4-d20-y2022-ant2-0.12x-4-methyl-3-heptanol-40-t148-z70um
ses-m4+d20+y2022+ant2+0+12x+4+methyl+3+heptanol+40+t148+z75um	ses-m4-d20-y2022-ant2-0.12x-4-methyl-3-heptanol-40-t148-z75um
ses-m4+d20+y2022+ant2+0+12x+4+methyl+3+heptanol+40+t148+z80um	ses-m4-d20-y2022-ant2-0.12x-4-methyl-3-heptanol-40-t148-z80um
ses-m4+d20+y2022+ant2+0+12x+4+methyl+3+heptanol+40+t148+z85um	ses-m4-d20-y2022-ant2-0.12x-4-methyl-3-heptanol-40-t148-z85um
ses-m4+d20+y2022+ant2+0+12x+4+methyl+3+heptanol+40+t148+z90um	ses-m4-d20-y2022-ant2-0.12x-4-methyl-3-heptanol-40-t148-z90um
ses-m4+d20+y2022+ant2+0+12x+4+methyl+3+heptanol+40+t148+z95um	ses-m4-d20-y2022-ant2-0.12x-4-methyl-3-heptanol-40-t148-z95um
ses-m4+d20+y2022+ant2+0+12x+4+methyl+3+heptanol+40+t153+z0um	ses-m4-d20-y2022-ant2-0.12x-4-methyl-3-heptanol-40-t153-z0um
ses-m4+d20+y2022+ant2+0+12x+4+methyl+3+heptanol+40+t153+z100um	ses-m4-d20-y2022-ant2-0.12x-4-methyl-3-heptanol-40-t153-z100um
ses-m4+d20+y2022+ant2+0+12x+4+methyl+3+heptanol+40+t153+z105um	ses-m4-d20-y2022-ant2-0.12x-4-methyl-3-heptanol-40-t153-z105um
ses-m4+d20+y2022+ant2+0+12x+4+methyl+3+heptanol+40+t153+z10um	ses-m4-d20-y2022-ant2-0.12x-4-methyl-3-heptanol-40-t153-z10um
ses-m4+d20+y2022+ant2+0+12x+4+methyl+3+heptanol+40+t153+z110um	ses-m4-d20-y2022-ant2-0.12x-4-methyl-3-heptanol-40-t153-z110um
ses-m4+d20+y2022+ant2+0+12x+4+methyl+3+heptanol+40+t153+z115um	ses-m4-d20-y2022-ant2-0.12x-4-methyl-3-heptanol-40-t153-z115um
ses-m4+d20+y2022+ant2+0+12x+4+methyl+3+heptanol+40+t153+z120um	ses-m4-d20-y2022-ant2-0.12x-4-methyl-3-heptanol-40-t153-z120um
ses-m4+d20+y2022+ant2+0+12x+4+methyl+3+heptanol+40+t153+z125um	ses-m4-d20-y2022-ant2-0.12x-4-methyl-3-heptanol-40-t153-z125um
ses-m4+d20+y2022+ant2+0+12x+4+methyl+3+heptanol+40+t153+z130um	ses-m4-d20-y2022-ant2-0.12x-4-methyl-3-heptanol-40-t153-z130um
ses-m4+d20+y2022+ant2+0+12x+4+methyl+3+heptanol+40+t153+z135um	ses-m4-d20-y2022-ant2-0.12x-4-methyl-3-heptanol-40-t153-z135um
ses-m4+d20+y2022+ant2+0+12x+4+methyl+3+heptanol+40+t153+z140um	ses-m4-d20-y2022-ant2-0.12x-4-methyl-3-heptanol-40-t153-z140um
ses-m4+d20+y2022+ant2+0+12x+4+methyl+3+heptanol+40+t153+z145um	ses-m4-d20-y2022-ant2-0.12x-4-methyl-3-heptanol-40-t153-z145um
ses-m4+d20+y2022+ant2+0+12x+4+methyl+3+heptanol+40+t153+z150um	ses-m4-d20-y2022-ant2-0.12x-4-methyl-3-heptanol-40-t153-z150um
ses-m4+d20+y2022+ant2+0+12x+4+methyl+3+heptanol+40+t153+z155um	ses-m4-d20-y2022-ant2-0.12x-4-methyl-3-heptanol-40-t153-z155um
ses-m4+d20+y2022+ant2+0+12x+4+methyl+3+heptanol+40+t153+z15um	ses-m4-d20-y2022-ant2-0.12x-4-methyl-3-heptanol-40-t153-z15um
ses-m4+d20+y2022+ant2+0+12x+4+methyl+3+heptanol+40+t153+z160um	ses-m4-d20-y2022-ant2-0.12x-4-methyl-3-heptanol-40-t153-z160um
ses-m4+d20+y2022+ant2+0+12x+4+methyl+3+heptanol+40+t153+z20um	ses-m4-d20-y2022-ant2-0.12x-4-methyl-3-heptanol-40-t153-z20um
ses-m4+d20+y2022+ant2+0+12x+4+methyl+3+heptanol+40+t153+z25um	ses-m4-d20-y2022-ant2-0.12x-4-methyl-3-heptanol-40-t153-z25um
ses-m4+d20+y2022+ant2+0+12x+4+methyl+3+heptanol+40+t153+z30um	ses-m4-d20-y2022-ant2-0.12x-4-methyl-3-heptanol-40-t153-z30um
ses-m4+d20+y2022+ant2+0+12x+4+methyl+3+heptanol+40+t153+z35um	ses-m4-d20-y2022-ant2-0.12x-4-methyl-3-heptanol-40-t153-z35um
ses-m4+d20+y2022+ant2+0+12x+4+methyl+3+heptanol+40+t153+z40um	ses-m4-d20-y2022-ant2-0.12x-4-methyl-3-heptanol-40-t153-z40um
ses-m4+d20+y2022+ant2+0+12x+4+methyl+3+heptanol+40+t153+z45um	ses-m4-d20-y2022-ant2-0.12x-4-methyl-3-heptanol-40-t153-z45um
ses-m4+d20+y2022+ant2+0+12x+4+methyl+3+heptanol+40+t153+z50um	ses-m4-d20-y2022-ant2-0.12x-4-methyl-3-heptanol-40-t153-z50um
ses-m4+d20+y2022+ant2+0+12x+4+methyl+3+heptanol+40+t153+z55um	ses-m4-d20-y2022-ant2-0.12x-4-methyl-3-heptanol-40-t153-z55um
ses-m4+d20+y2022+ant2+0+12x+4+methyl+3+heptanol+40+t153+z5um	ses-m4-d20-y2022-ant2-0.12x-4-methyl-3-heptanol-40-t153-z5um
ses-m4+d20+y2022+ant2+0+12x+4+methyl+3+heptanol+40+t153+z60um	ses-m4-d20-y2022-ant2-0.12x-4-methyl-3-heptanol-40-t153-z60um
ses-m4+d20+y2022+ant2+0+12x+4+methyl+3+heptanol+40+t153+z65um	ses-m4-d20-y2022-ant2-0.12x-4-methyl-3-heptanol-40-t153-z65um
ses-m4+d20+y2022+ant2+0+12x+4+methyl+3+heptanol+40+t153+z70um	ses-m4-d20-y2022-ant2-0.12x-4-methyl-3-heptanol-40-t153-z70um
ses-m4+d20+y2022+ant2+0+12x+4+methyl+3+heptanol+40+t153+z75um	ses-m4-d20-y2022-ant2-0.12x-4-methyl-3-heptanol-40-t153-z75um
ses-m4+d20+y2022+ant2+0+12x+4+methyl+3+heptanol+40+t153+z80um	ses-m4-d20-y2022-ant2-0.12x-4-methyl-3-heptanol-40-t153-z80um
ses-m4+d20+y2022+ant2+0+12x+4+methyl+3+heptanol+40+t153+z85um	ses-m4-d20-y2022-ant2-0.12x-4-methyl-3-heptanol-40-t153-z85um
ses-m4+d20+y2022+ant2+0+12x+4+methyl+3+heptanol+40+t153+z90um	ses-m4-d20-y2022-ant2-0.12x-4-methyl-3-heptanol-40-t153-z90um
ses-m4+d20+y2022+ant2+0+12x+4+methyl+3+heptanol+40+t153+z95um	ses-m4-d20-y2022-ant2-0.12x-4-methyl-3-heptanol-40-t153-z95um
ses-m4+d20+y2022+ant2+0+12x+4+methyl+3+heptanol+40+t158+z0um	ses-m4-d20-y2022-ant2-0.12x-4-methyl-3-heptanol-40-t158-z0um
ses-m4+d20+y2022+ant2+0+12x+4+methyl+3+heptanol+40+t158+z100um	ses-m4-d20-y2022-ant2-0.12x-4-methyl-3-heptanol-40-t158-z100um
ses-m4+d20+y2022+ant2+0+12x+4+methyl+3+heptanol+40+t158+z105um	ses-m4-d20-y2022-ant2-0.12x-4-methyl-3-heptanol-40-t158-z105um
ses-m4+d20+y2022+ant2+0+12x+4+methyl+3+heptanol+40+t158+z10um	ses-m4-d20-y2022-ant2-0.12x-4-methyl-3-heptanol-40-t158-z10um
ses-m4+d20+y2022+ant2+0+12x+4+methyl+3+heptanol+40+t158+z110um	ses-m4-d20-y2022-ant2-0.12x-4-methyl-3-heptanol-40-t158-z110um
ses-m4+d20+y2022+ant2+0+12x+4+methyl+3+heptanol+40+t158+z115um	ses-m4-d20-y2022-ant2-0.12x-4-methyl-3-heptanol-40-t158-z115um
ses-m4+d20+y2022+ant2+0+12x+4+methyl+3+heptanol+40+t158+z120um	ses-m4-d20-y2022-ant2-0.12x-4-methyl-3-heptanol-40-t158-z120um
ses-m4+d20+y2022+ant2+0+12x+4+methyl+3+heptanol+40+t158+z125um	ses-m4-d20-y2022-ant2-0.12x-4-methyl-3-heptanol-40-t158-z125um
ses-m4+d20+y2022+ant2+0+12x+4+methyl+3+heptanol+40+t158+z130um	ses-m4-d20-y2022-ant2-0.12x-4-methyl-3-heptanol-40-t158-z130um
ses-m4+d20+y2022+ant2+0+12x+4+methyl+3+heptanol+40+t158+z135um	ses-m4-d20-y2022-ant2-0.12x-4-methyl-3-heptanol-40-t158-z135um
ses-m4+d20+y2022+ant2+0+12x+4+methyl+3+heptanol+40+t158+z140um	ses-m4-d20-y2022-ant2-0.12x-4-methyl-3-heptanol-40-t158-z140um
ses-m4+d20+y2022+ant2+0+12x+4+methyl+3+heptanol+40+t158+z145um	ses-m4-d20-y2022-ant2-0.12x-4-methyl-3-heptanol-40-t158-z145um
ses-m4+d20+y2022+ant2+0+12x+4+methyl+3+heptanol+40+t158+z150um	ses-m4-d20-y2022-ant2-0.12x-4-methyl-3-heptanol-40-t158-z150um
ses-m4+d20+y2022+ant2+0+12x+4+methyl+3+heptanol+40+t158+z155um	ses-m4-d20-y2022-ant2-0.12x-4-methyl-3-heptanol-40-t158-z155um
ses-m4+d20+y2022+ant2+0+12x+4+methyl+3+heptanol+40+t158+z15um	ses-m4-d20-y2022-ant2-0.12x-4-methyl-3-heptanol-40-t158-z15um
ses-m4+d20+y2022+ant2+0+12x+4+methyl+3+heptanol+40+t158+z160um	ses-m4-d20-y2022-ant2-0.12x-4-methyl-3-heptanol-40-t158-z160um
ses-m4+d20+y2022+ant2+0+12x+4+methyl+3+heptanol+40+t158+z20um	ses-m4-d20-y2022-ant2-0.12x-4-methyl-3-heptanol-40-t158-z20um
ses-m4+d20+y2022+ant2+0+12x+4+methyl+3+heptanol+40+t158+z25um	ses-m4-d20-y2022-ant2-0.12x-4-methyl-3-heptanol-40-t158-z25um
ses-m4+d20+y2022+ant2+0+12x+4+methyl+3+heptanol+40+t158+z30um	ses-m4-d20-y2022-ant2-0.12x-4-methyl-3-heptanol-40-t158-z30um
ses-m4+d20+y2022+ant2+0+12x+4+methyl+3+heptanol+40+t158+z35um	ses-m4-d20-y2022-ant2-0.12x-4-methyl-3-heptanol-40-t158-z35um
ses-m4+d20+y2022+ant2+0+12x+4+methyl+3+heptanol+40+t158+z40um	ses-m4-d20-y2022-ant2-0.12x-4-methyl-3-heptanol-40-t158-z40um
ses-m4+d20+y2022+ant2+0+12x+4+methyl+3+heptanol+40+t158+z45um	ses-m4-d20-y2022-ant2-0.12x-4-methyl-3-heptanol-40-t158-z45um
ses-m4+d20+y2022+ant2+0+12x+4+methyl+3+heptanol+40+t158+z50um	ses-m4-d20-y2022-ant2-0.12x-4-methyl-3-heptanol-40-t158-z50um
ses-m4+d20+y2022+ant2+0+12x+4+methyl+3+heptanol+40+t158+z55um	ses-m4-d20-y2022-ant2-0.12x-4-methyl-3-heptanol-40-t158-z55um
ses-m4+d20+y2022+ant2+0+12x+4+methyl+3+heptanol+40+t158+z5um	ses-m4-d20-y2022-ant2-0.12x-4-methyl-3-heptanol-40-t158-z5um
ses-m4+d20+y2022+ant2+0+12x+4+methyl+3+heptanol+40+t158+z60um	ses-m4-d20-y2022-ant2-0.12x-4-methyl-3-heptanol-40-t158-z60um
ses-m4+d20+y2022+ant2+0+12x+4+methyl+3+heptanol+40+t158+z65um	ses-m4-d20-y2022-ant2-0.12x-4-methyl-3-heptanol-40-t158-z65um
ses-m4+d20+y2022+ant2+0+12x+4+methyl+3+heptanol+40+t158+z70um	ses-m4-d20-y2022-ant2-0.12x-4-methyl-3-heptanol-40-t158-z70um
ses-m4+d20+y2022+ant2+0+12x+4+methyl+3+heptanol+40+t158+z75um	ses-m4-d20-y2022-ant2-0.12x-4-methyl-3-heptanol-40-t158-z75um
ses-m4+d20+y2022+ant2+0+12x+4+methyl+3+heptanol+40+t158+z80um	ses-m4-d20-y2022-ant2-0.12x-4-methyl-3-heptanol-40-t158-z80um
ses-m4+d20+y2022+ant2+0+12x+4+methyl+3+heptanol+40+t158+z85um	ses-m4-d20-y2022-ant2-0.12x-4-methyl-3-heptanol-40-t158-z85um
ses-m4+d20+y2022+ant2+0+12x+4+methyl+3+heptanol+40+t158+z90um	ses-m4-d20-y2022-ant2-0.12x-4-methyl-3-heptanol-40-t158-z90um
ses-m4+d20+y2022+ant2+0+12x+4+methyl+3+heptanol+40+t158+z95um	ses-m4-d20-y2022-ant2-0.12x-4-methyl-3-heptanol-40-t158-z95um
ses-m4+d20+y2022+ant2+0+12x+4+methyl+3+heptanone+40+t150+z0um	ses-m4-d20-y2022-ant2-0.12x-4-methyl-3-heptanone-40-t150-z0um
ses-m4+d20+y2022+ant2+0+12x+4+methyl+3+heptanone+40+t150+z100um	ses-m4-d20-y2022-ant2-0.12x-4-methyl-3-heptanone-40-t150-z100um
ses-m4+d20+y2022+ant2+0+12x+4+methyl+3+heptanone+40+t150+z105um	ses-m4-d20-y2022-ant2-0.12x-4-methyl-3-heptanone-40-t150-z105um
ses-m4+d20+y2022+ant2+0+12x+4+methyl+3+heptanone+40+t150+z10um	ses-m4-d20-y2022-ant2-0.12x-4-methyl-3-heptanone-40-t150-z10um
ses-m4+d20+y2022+ant2+0+12x+4+methyl+3+heptanone+40+t150+z110um	ses-m4-d20-y2022-ant2-0.12x-4-methyl-3-heptanone-40-t150-z110um
ses-m4+d20+y2022+ant2+0+12x+4+methyl+3+heptanone+40+t150+z115um	ses-m4-d20-y2022-ant2-0.12x-4-methyl-3-heptanone-40-t150-z115um
ses-m4+d20+y2022+ant2+0+12x+4+methyl+3+heptanone+40+t150+z120um	ses-m4-d20-y2022-ant2-0.12x-4-methyl-3-heptanone-40-t150-z120um
ses-m4+d20+y2022+ant2+0+12x+4+methyl+3+heptanone+40+t150+z125um	ses-m4-d20-y2022-ant2-0.12x-4-methyl-3-heptanone-40-t150-z125um
ses-m4+d20+y2022+ant2+0+12x+4+methyl+3+heptanone+40+t150+z130um	ses-m4-d20-y2022-ant2-0.12x-4-methyl-3-heptanone-40-t150-z130um
ses-m4+d20+y2022+ant2+0+12x+4+methyl+3+heptanone+40+t150+z135um	ses-m4-d20-y2022-ant2-0.12x-4-methyl-3-heptanone-40-t150-z135um
ses-m4+d20+y2022+ant2+0+12x+4+methyl+3+heptanone+40+t150+z140um	ses-m4-d20-y2022-ant2-0.12x-4-methyl-3-heptanone-40-t150-z140um
ses-m4+d20+y2022+ant2+0+12x+4+methyl+3+heptanone+40+t150+z145um	ses-m4-d20-y2022-ant2-0.12x-4-methyl-3-heptanone-40-t150-z145um
ses-m4+d20+y2022+ant2+0+12x+4+methyl+3+heptanone+40+t150+z150um	ses-m4-d20-y2022-ant2-0.12x-4-methyl-3-heptanone-40-t150-z150um
ses-m4+d20+y2022+ant2+0+12x+4+methyl+3+heptanone+40+t150+z155um	ses-m4-d20-y2022-ant2-0.12x-4-methyl-3-heptanone-40-t150-z155um
ses-m4+d20+y2022+ant2+0+12x+4+methyl+3+heptanone+40+t150+z15um	ses-m4-d20-y2022-ant2-0.12x-4-methyl-3-heptanone-40-t150-z15um
ses-m4+d20+y2022+ant2+0+12x+4+methyl+3+heptanone+40+t150+z160um	ses-m4-d20-y2022-ant2-0.12x-4-methyl-3-heptanone-40-t150-z160um
ses-m4+d20+y2022+ant2+0+12x+4+methyl+3+heptanone+40+t150+z20um	ses-m4-d20-y2022-ant2-0.12x-4-methyl-3-heptanone-40-t150-z20um
ses-m4+d20+y2022+ant2+0+12x+4+methyl+3+heptanone+40+t150+z25um	ses-m4-d20-y2022-ant2-0.12x-4-methyl-3-heptanone-40-t150-z25um
ses-m4+d20+y2022+ant2+0+12x+4+methyl+3+heptanone+40+t150+z30um	ses-m4-d20-y2022-ant2-0.12x-4-methyl-3-heptanone-40-t150-z30um
ses-m4+d20+y2022+ant2+0+12x+4+methyl+3+heptanone+40+t150+z35um	ses-m4-d20-y2022-ant2-0.12x-4-methyl-3-heptanone-40-t150-z35um
ses-m4+d20+y2022+ant2+0+12x+4+methyl+3+heptanone+40+t150+z40um	ses-m4-d20-y2022-ant2-0.12x-4-methyl-3-heptanone-40-t150-z40um
ses-m4+d20+y2022+ant2+0+12x+4+methyl+3+heptanone+40+t150+z45um	ses-m4-d20-y2022-ant2-0.12x-4-methyl-3-heptanone-40-t150-z45um
ses-m4+d20+y2022+ant2+0+12x+4+methyl+3+heptanone+40+t150+z50um	ses-m4-d20-y2022-ant2-0.12x-4-methyl-3-heptanone-40-t150-z50um
ses-m4+d20+y2022+ant2+0+12x+4+methyl+3+heptanone+40+t150+z55um	ses-m4-d20-y2022-ant2-0.12x-4-methyl-3-heptanone-40-t150-z55um
ses-m4+d20+y2022+ant2+0+12x+4+methyl+3+heptanone+40+t150+z5um	ses-m4-d20-y2022-ant2-0.12x-4-methyl-3-heptanone-40-t150-z5um
ses-m4+d20+y2022+ant2+0+12x+4+methyl+3+heptanone+40+t150+z60um	ses-m4-d20-y2022-ant2-0.12x-4-methyl-3-heptanone-40-t150-z60um
ses-m4+d20+y2022+ant2+0+12x+4+methyl+3+heptanone+40+t150+z65um	ses-m4-d20-y2022-ant2-0.12x-4-methyl-3-heptanone-40-t150-z65um
ses-m4+d20+y2022+ant2+0+12x+4+methyl+3+heptanone+40+t150+z70um	ses-m4-d20-y2022-ant2-0.12x-4-methyl-3-heptanone-40-t150-z70um
ses-m4+d20+y2022+ant2+0+12x+4+methyl+3+heptanone+40+t150+z75um	ses-m4-d20-y2022-ant2-0.12x-4-methyl-3-heptanone-40-t150-z75um
ses-m4+d20+y2022+ant2+0+12x+4+methyl+3+heptanone+40+t150+z80um	ses-m4-d20-y2022-ant2-0.12x-4-methyl-3-heptanone-40-t150-z80um
ses-m4+d20+y2022+ant2+0+12x+4+methyl+3+heptanone+40+t150+z85um	ses-m4-d20-y2022-ant2-0.12x-4-methyl-3-heptanone-40-t150-z85um
ses-m4+d20+y2022+ant2+0+12x+4+methyl+3+heptanone+40+t150+z90um	ses-m4-d20-y2022-ant2-0.12x-4-methyl-3-heptanone-40-t150-z90um
ses-m4+d20+y2022+ant2+0+12x+4+methyl+3+heptanone+40+t150+z95um	ses-m4-d20-y2022-ant2-0.12x-4-methyl-3-heptanone-40-t150-z95um
ses-m4+d20+y2022+ant2+0+12x+4+methyl+3+heptanone+40+t155+z0um	ses-m4-d20-y2022-ant2-0.12x-4-methyl-3-heptanone-40-t155-z0um
ses-m4+d20+y2022+ant2+0+12x+4+methyl+3+heptanone+40+t155+z100um	ses-m4-d20-y2022-ant2-0.12x-4-methyl-3-heptanone-40-t155-z100um
ses-m4+d20+y2022+ant2+0+12x+4+methyl+3+heptanone+40+t155+z105um	ses-m4-d20-y2022-ant2-0.12x-4-methyl-3-heptanone-40-t155-z105um
ses-m4+d20+y2022+ant2+0+12x+4+methyl+3+heptanone+40+t155+z10um	ses-m4-d20-y2022-ant2-0.12x-4-methyl-3-heptanone-40-t155-z10um
ses-m4+d20+y2022+ant2+0+12x+4+methyl+3+heptanone+40+t155+z110um	ses-m4-d20-y2022-ant2-0.12x-4-methyl-3-heptanone-40-t155-z110um
ses-m4+d20+y2022+ant2+0+12x+4+methyl+3+heptanone+40+t155+z115um	ses-m4-d20-y2022-ant2-0.12x-4-methyl-3-heptanone-40-t155-z115um
ses-m4+d20+y2022+ant2+0+12x+4+methyl+3+heptanone+40+t155+z120um	ses-m4-d20-y2022-ant2-0.12x-4-methyl-3-heptanone-40-t155-z120um
ses-m4+d20+y2022+ant2+0+12x+4+methyl+3+heptanone+40+t155+z125um	ses-m4-d20-y2022-ant2-0.12x-4-methyl-3-heptanone-40-t155-z125um
ses-m4+d20+y2022+ant2+0+12x+4+methyl+3+heptanone+40+t155+z130um	ses-m4-d20-y2022-ant2-0.12x-4-methyl-3-heptanone-40-t155-z130um
ses-m4+d20+y2022+ant2+0+12x+4+methyl+3+heptanone+40+t155+z135um	ses-m4-d20-y2022-ant2-0.12x-4-methyl-3-heptanone-40-t155-z135um
ses-m4+d20+y2022+ant2+0+12x+4+methyl+3+heptanone+40+t155+z140um	ses-m4-d20-y2022-ant2-0.12x-4-methyl-3-heptanone-40-t155-z140um
ses-m4+d20+y2022+ant2+0+12x+4+methyl+3+heptanone+40+t155+z145um	ses-m4-d20-y2022-ant2-0.12x-4-methyl-3-heptanone-40-t155-z145um
ses-m4+d20+y2022+ant2+0+12x+4+methyl+3+heptanone+40+t155+z150um	ses-m4-d20-y2022-ant2-0.12x-4-methyl-3-heptanone-40-t155-z150um
ses-m4+d20+y2022+ant2+0+12x+4+methyl+3+heptanone+40+t155+z155um	ses-m4-d20-y2022-ant2-0.12x-4-methyl-3-heptanone-40-t155-z155um
ses-m4+d20+y2022+ant2+0+12x+4+methyl+3+heptanone+40+t155+z15um	ses-m4-d20-y2022-ant2-0.12x-4-methyl-3-heptanone-40-t155-z15um
ses-m4+d20+y2022+ant2+0+12x+4+methyl+3+heptanone+40+t155+z160um	ses-m4-d20-y2022-ant2-0.12x-4-methyl-3-heptanone-40-t155-z160um
ses-m4+d20+y2022+ant2+0+12x+4+methyl+3+heptanone+40+t155+z20um	ses-m4-d20-y2022-ant2-0.12x-4-methyl-3-heptanone-40-t155-z20um
ses-m4+d20+y2022+ant2+0+12x+4+methyl+3+heptanone+40+t155+z25um	ses-m4-d20-y2022-ant2-0.12x-4-methyl-3-heptanone-40-t155-z25um
ses-m4+d20+y2022+ant2+0+12x+4+methyl+3+heptanone+40+t155+z30um	ses-m4-d20-y2022-ant2-0.12x-4-methyl-3-heptanone-40-t155-z30um
ses-m4+d20+y2022+ant2+0+12x+4+methyl+3+heptanone+40+t155+z35um	ses-m4-d20-y2022-ant2-0.12x-4-methyl-3-heptanone-40-t155-z35um
ses-m4+d20+y2022+ant2+0+12x+4+methyl+3+heptanone+40+t155+z40um	ses-m4-d20-y2022-ant2-0.12x-4-methyl-3-heptanone-40-t155-z40um
ses-m4+d20+y2022+ant2+0+12x+4+methyl+3+heptanone+40+t155+z45um	ses-m4-d20-y2022-ant2-0.12x-4-methyl-3-heptanone-40-t155-z45um
ses-m4+d20+y2022+ant2+0+12x+4+methyl+3+heptanone+40+t155+z50um	ses-m4-d20-y2022-ant2-0.12x-4-methyl-3-heptanone-40-t155-z50um
ses-m4+d20+y2022+ant2+0+12x+4+methyl+3+heptanone+40+t155+z55um	ses-m4-d20-y2022-ant2-0.12x-4-methyl-3-heptanone-40-t155-z55um
ses-m4+d20+y2022+ant2+0+12x+4+methyl+3+heptanone+40+t155+z5um	ses-m4-d20-y2022-ant2-0.12x-4-methyl-3-heptanone-40-t155-z5um
ses-m4+d20+y2022+ant2+0+12x+4+methyl+3+heptanone+40+t155+z60um	ses-m4-d20-y2022-ant2-0.12x-4-methyl-3-heptanone-40-t155-z60um
ses-m4+d20+y2022+ant2+0+12x+4+methyl+3+heptanone+40+t155+z65um	ses-m4-d20-y2022-ant2-0.12x-4-methyl-3-heptanone-40-t155-z65um
ses-m4+d20+y2022+ant2+0+12x+4+methyl+3+heptanone+40+t155+z70um	ses-m4-d20-y2022-ant2-0.12x-4-methyl-3-heptanone-40-t155-z70um
ses-m4+d20+y2022+ant2+0+12x+4+methyl+3+heptanone+40+t155+z75um	ses-m4-d20-y2022-ant2-0.12x-4-methyl-3-heptanone-40-t155-z75um
ses-m4+d20+y2022+ant2+0+12x+4+methyl+3+heptanone+40+t155+z80um	ses-m4-d20-y2022-ant2-0.12x-4-methyl-3-heptanone-40-t155-z80um
ses-m4+d20+y2022+ant2+0+12x+4+methyl+3+heptanone+40+t155+z85um	ses-m4-d20-y2022-ant2-0.12x-4-methyl-3-heptanone-40-t155-z85um
ses-m4+d20+y2022+ant2+0+12x+4+methyl+3+heptanone+40+t155+z90um	ses-m4-d20-y2022-ant2-0.12x-4-methyl-3-heptanone-40-t155-z90um
ses-m4+d20+y2022+ant2+0+12x+4+methyl+3+heptanone+40+t155+z95um	ses-m4-d20-y2022-ant2-0.12x-4-methyl-3-heptanone-40-t155-z95um
ses-m4+d20+y2022+ant2+0+12x+4+methyl+3+heptanone+40+t160+z0um	ses-m4-d20-y2022-ant2-0.12x-4-methyl-3-heptanone-40-t160-z0um
ses-m4+d20+y2022+ant2+0+12x+4+methyl+3+heptanone+40+t160+z100um	ses-m4-d20-y2022-ant2-0.12x-4-methyl-3-heptanone-40-t160-z100um
ses-m4+d20+y2022+ant2+0+12x+4+methyl+3+heptanone+40+t160+z105um	ses-m4-d20-y2022-ant2-0.12x-4-methyl-3-heptanone-40-t160-z105um
ses-m4+d20+y2022+ant2+0+12x+4+methyl+3+heptanone+40+t160+z10um	ses-m4-d20-y2022-ant2-0.12x-4-methyl-3-heptanone-40-t160-z10um
ses-m4+d20+y2022+ant2+0+12x+4+methyl+3+heptanone+40+t160+z110um	ses-m4-d20-y2022-ant2-0.12x-4-methyl-3-heptanone-40-t160-z110um
ses-m4+d20+y2022+ant2+0+12x+4+methyl+3+heptanone+40+t160+z115um	ses-m4-d20-y2022-ant2-0.12x-4-methyl-3-heptanone-40-t160-z115um
ses-m4+d20+y2022+ant2+0+12x+4+methyl+3+heptanone+40+t160+z120um	ses-m4-d20-y2022-ant2-0.12x-4-methyl-3-heptanone-40-t160-z120um
ses-m4+d20+y2022+ant2+0+12x+4+methyl+3+heptanone+40+t160+z125um	ses-m4-d20-y2022-ant2-0.12x-4-methyl-3-heptanone-40-t160-z125um
ses-m4+d20+y2022+ant2+0+12x+4+methyl+3+heptanone+40+t160+z130um	ses-m4-d20-y2022-ant2-0.12x-4-methyl-3-heptanone-40-t160-z130um
ses-m4+d20+y2022+ant2+0+12x+4+methyl+3+heptanone+40+t160+z135um	ses-m4-d20-y2022-ant2-0.12x-4-methyl-3-heptanone-40-t160-z135um
ses-m4+d20+y2022+ant2+0+12x+4+methyl+3+heptanone+40+t160+z140um	ses-m4-d20-y2022-ant2-0.12x-4-methyl-3-heptanone-40-t160-z140um
ses-m4+d20+y2022+ant2+0+12x+4+methyl+3+heptanone+40+t160+z145um	ses-m4-d20-y2022-ant2-0.12x-4-methyl-3-heptanone-40-t160-z145um
ses-m4+d20+y2022+ant2+0+12x+4+methyl+3+heptanone+40+t160+z150um	ses-m4-d20-y2022-ant2-0.12x-4-methyl-3-heptanone-40-t160-z150um
ses-m4+d20+y2022+ant2+0+12x+4+methyl+3+heptanone+40+t160+z155um	ses-m4-d20-y2022-ant2-0.12x-4-methyl-3-heptanone-40-t160-z155um
ses-m4+d20+y2022+ant2+0+12x+4+methyl+3+heptanone+40+t160+z15um	ses-m4-d20-y2022-ant2-0.12x-4-methyl-3-heptanone-40-t160-z15um
ses-m4+d20+y2022+ant2+0+12x+4+methyl+3+heptanone+40+t160+z160um	ses-m4-d20-y2022-ant2-0.12x-4-methyl-3-heptanone-40-t160-z160um
ses-m4+d20+y2022+ant2+0+12x+4+methyl+3+heptanone+40+t160+z20um	ses-m4-d20-y2022-ant2-0.12x-4-methyl-3-heptanone-40-t160-z20um
ses-m4+d20+y2022+ant2+0+12x+4+methyl+3+heptanone+40+t160+z25um	ses-m4-d20-y2022-ant2-0.12x-4-methyl-3-heptanone-40-t160-z25um
ses-m4+d20+y2022+ant2+0+12x+4+methyl+3+heptanone+40+t160+z30um	ses-m4-d20-y2022-ant2-0.12x-4-methyl-3-heptanone-40-t160-z30um
ses-m4+d20+y2022+ant2+0+12x+4+methyl+3+heptanone+40+t160+z35um	ses-m4-d20-y2022-ant2-0.12x-4-methyl-3-heptanone-40-t160-z35um
ses-m4+d20+y2022+ant2+0+12x+4+methyl+3+heptanone+40+t160+z40um	ses-m4-d20-y2022-ant2-0.12x-4-methyl-3-heptanone-40-t160-z40um
ses-m4+d20+y2022+ant2+0+12x+4+methyl+3+heptanone+40+t160+z45um	ses-m4-d20-y2022-ant2-0.12x-4-methyl-3-heptanone-40-t160-z45um
ses-m4+d20+y2022+ant2+0+12x+4+methyl+3+heptanone+40+t160+z50um	ses-m4-d20-y2022-ant2-0.12x-4-methyl-3-heptanone-40-t160-z50um
ses-m4+d20+y2022+ant2+0+12x+4+methyl+3+heptanone+40+t160+z55um	ses-m4-d20-y2022-ant2-0.12x-4-methyl-3-heptanone-40-t160-z55um
ses-m4+d20+y2022+ant2+0+12x+4+methyl+3+heptanone+40+t160+z5um	ses-m4-d20-y2022-ant2-0.12x-4-methyl-3-heptanone-40-t160-z5um
ses-m4+d20+y2022+ant2+0+12x+4+methyl+3+heptanone+40+t160+z60um	ses-m4-d20-y2022-ant2-0.12x-4-methyl-3-heptanone-40-t160-z60um
ses-m4+d20+y2022+ant2+0+12x+4+methyl+3+heptanone+40+t160+z65um	ses-m4-d20-y2022-ant2-0.12x-4-methyl-3-heptanone-40-t160-z65um
ses-m4+d20+y2022+ant2+0+12x+4+methyl+3+heptanone+40+t160+z70um	ses-m4-d20-y2022-ant2-0.12x-4-methyl-3-heptanone-40-t160-z70um
ses-m4+d20+y2022+ant2+0+12x+4+methyl+3+heptanone+40+t160+z75um	ses-m4-d20-y2022-ant2-0.12x-4-methyl-3-heptanone-40-t160-z75um
ses-m4+d20+y2022+ant2+0+12x+4+methyl+3+heptanone+40+t160+z80um	ses-m4-d20-y2022-ant2-0.12x-4-methyl-3-heptanone-40-t160-z80um
ses-m4+d20+y2022+ant2+0+12x+4+methyl+3+heptanone+40+t160+z85um	ses-m4-d20-y2022-ant2-0.12x-4-methyl-3-heptanone-40-t160-z85um
ses-m4+d20+y2022+ant2+0+12x+4+methyl+3+heptanone+40+t160+z90um	ses-m4-d20-y2022-ant2-0.12x-4-methyl-3-heptanone-40-t160-z90um
ses-m4+d20+y2022+ant2+0+12x+4+methyl+3+heptanone+40+t160+z95um	ses-m4-d20-y2022-ant2-0.12x-4-methyl-3-heptanone-40-t160-z95um
ses-m4+d20+y2022+ant2+0+12x+4+methyl+3+hexanol+40+t146+z0um	ses-m4-d20-y2022-ant2-0.12x-4-methyl-3-hexanol-40-t146-z0um
ses-m4+d20+y2022+ant2+0+12x+4+methyl+3+hexanol+40+t146+z100um	ses-m4-d20-y2022-ant2-0.12x-4-methyl-3-hexanol-40-t146-z100um
ses-m4+d20+y2022+ant2+0+12x+4+methyl+3+hexanol+40+t146+z105um	ses-m4-d20-y2022-ant2-0.12x-4-methyl-3-hexanol-40-t146-z105um
ses-m4+d20+y2022+ant2+0+12x+4+methyl+3+hexanol+40+t146+z10um	ses-m4-d20-y2022-ant2-0.12x-4-methyl-3-hexanol-40-t146-z10um
ses-m4+d20+y2022+ant2+0+12x+4+methyl+3+hexanol+40+t146+z110um	ses-m4-d20-y2022-ant2-0.12x-4-methyl-3-hexanol-40-t146-z110um
ses-m4+d20+y2022+ant2+0+12x+4+methyl+3+hexanol+40+t146+z115um	ses-m4-d20-y2022-ant2-0.12x-4-methyl-3-hexanol-40-t146-z115um
ses-m4+d20+y2022+ant2+0+12x+4+methyl+3+hexanol+40+t146+z120um	ses-m4-d20-y2022-ant2-0.12x-4-methyl-3-hexanol-40-t146-z120um
ses-m4+d20+y2022+ant2+0+12x+4+methyl+3+hexanol+40+t146+z125um	ses-m4-d20-y2022-ant2-0.12x-4-methyl-3-hexanol-40-t146-z125um
ses-m4+d20+y2022+ant2+0+12x+4+methyl+3+hexanol+40+t146+z130um	ses-m4-d20-y2022-ant2-0.12x-4-methyl-3-hexanol-40-t146-z130um
ses-m4+d20+y2022+ant2+0+12x+4+methyl+3+hexanol+40+t146+z135um	ses-m4-d20-y2022-ant2-0.12x-4-methyl-3-hexanol-40-t146-z135um
ses-m4+d20+y2022+ant2+0+12x+4+methyl+3+hexanol+40+t146+z140um	ses-m4-d20-y2022-ant2-0.12x-4-methyl-3-hexanol-40-t146-z140um
ses-m4+d20+y2022+ant2+0+12x+4+methyl+3+hexanol+40+t146+z145um	ses-m4-d20-y2022-ant2-0.12x-4-methyl-3-hexanol-40-t146-z145um
ses-m4+d20+y2022+ant2+0+12x+4+methyl+3+hexanol+40+t146+z150um	ses-m4-d20-y2022-ant2-0.12x-4-methyl-3-hexanol-40-t146-z150um
ses-m4+d20+y2022+ant2+0+12x+4+methyl+3+hexanol+40+t146+z155um	ses-m4-d20-y2022-ant2-0.12x-4-methyl-3-hexanol-40-t146-z155um
ses-m4+d20+y2022+ant2+0+12x+4+methyl+3+hexanol+40+t146+z15um	ses-m4-d20-y2022-ant2-0.12x-4-methyl-3-hexanol-40-t146-z15um
ses-m4+d20+y2022+ant2+0+12x+4+methyl+3+hexanol+40+t146+z160um	ses-m4-d20-y2022-ant2-0.12x-4-methyl-3-hexanol-40-t146-z160um
ses-m4+d20+y2022+ant2+0+12x+4+methyl+3+hexanol+40+t146+z20um	ses-m4-d20-y2022-ant2-0.12x-4-methyl-3-hexanol-40-t146-z20um
ses-m4+d20+y2022+ant2+0+12x+4+methyl+3+hexanol+40+t146+z25um	ses-m4-d20-y2022-ant2-0.12x-4-methyl-3-hexanol-40-t146-z25um
ses-m4+d20+y2022+ant2+0+12x+4+methyl+3+hexanol+40+t146+z30um	ses-m4-d20-y2022-ant2-0.12x-4-methyl-3-hexanol-40-t146-z30um
ses-m4+d20+y2022+ant2+0+12x+4+methyl+3+hexanol+40+t146+z35um	ses-m4-d20-y2022-ant2-0.12x-4-methyl-3-hexanol-40-t146-z35um
ses-m4+d20+y2022+ant2+0+12x+4+methyl+3+hexanol+40+t146+z40um	ses-m4-d20-y2022-ant2-0.12x-4-methyl-3-hexanol-40-t146-z40um
ses-m4+d20+y2022+ant2+0+12x+4+methyl+3+hexanol+40+t146+z45um	ses-m4-d20-y2022-ant2-0.12x-4-methyl-3-hexanol-40-t146-z45um
ses-m4+d20+y2022+ant2+0+12x+4+methyl+3+hexanol+40+t146+z50um	ses-m4-d20-y2022-ant2-0.12x-4-methyl-3-hexanol-40-t146-z50um
ses-m4+d20+y2022+ant2+0+12x+4+methyl+3+hexanol+40+t146+z55um	ses-m4-d20-y2022-ant2-0.12x-4-methyl-3-hexanol-40-t146-z55um
ses-m4+d20+y2022+ant2+0+12x+4+methyl+3+hexanol+40+t146+z5um	ses-m4-d20-y2022-ant2-0.12x-4-methyl-3-hexanol-40-t146-z5um
ses-m4+d20+y2022+ant2+0+12x+4+methyl+3+hexanol+40+t146+z60um	ses-m4-d20-y2022-ant2-0.12x-4-methyl-3-hexanol-40-t146-z60um
ses-m4+d20+y2022+ant2+0+12x+4+methyl+3+hexanol+40+t146+z65um	ses-m4-d20-y2022-ant2-0.12x-4-methyl-3-hexanol-40-t146-z65um
ses-m4+d20+y2022+ant2+0+12x+4+methyl+3+hexanol+40+t146+z70um	ses-m4-d20-y2022-ant2-0.12x-4-methyl-3-hexanol-40-t146-z70um
ses-m4+d20+y2022+ant2+0+12x+4+methyl+3+hexanol+40+t146+z75um	ses-m4-d20-y2022-ant2-0.12x-4-methyl-3-hexanol-40-t146-z75um
ses-m4+d20+y2022+ant2+0+12x+4+methyl+3+hexanol+40+t146+z80um	ses-m4-d20-y2022-ant2-0.12x-4-methyl-3-hexanol-40-t146-z80um
ses-m4+d20+y2022+ant2+0+12x+4+methyl+3+hexanol+40+t146+z85um	ses-m4-d20-y2022-ant2-0.12x-4-methyl-3-hexanol-40-t146-z85um
ses-m4+d20+y2022+ant2+0+12x+4+methyl+3+hexanol+40+t146+z90um	ses-m4-d20-y2022-ant2-0.12x-4-methyl-3-hexanol-40-t146-z90um
ses-m4+d20+y2022+ant2+0+12x+4+methyl+3+hexanol+40+t146+z95um	ses-m4-d20-y2022-ant2-0.12x-4-methyl-3-hexanol-40-t146-z95um
ses-m4+d20+y2022+ant2+0+12x+4+methyl+3+hexanol+40+t152+z0um	ses-m4-d20-y2022-ant2-0.12x-4-methyl-3-hexanol-40-t152-z0um
ses-m4+d20+y2022+ant2+0+12x+4+methyl+3+hexanol+40+t152+z100um	ses-m4-d20-y2022-ant2-0.12x-4-methyl-3-hexanol-40-t152-z100um
ses-m4+d20+y2022+ant2+0+12x+4+methyl+3+hexanol+40+t152+z105um	ses-m4-d20-y2022-ant2-0.12x-4-methyl-3-hexanol-40-t152-z105um
ses-m4+d20+y2022+ant2+0+12x+4+methyl+3+hexanol+40+t152+z10um	ses-m4-d20-y2022-ant2-0.12x-4-methyl-3-hexanol-40-t152-z10um
ses-m4+d20+y2022+ant2+0+12x+4+methyl+3+hexanol+40+t152+z110um	ses-m4-d20-y2022-ant2-0.12x-4-methyl-3-hexanol-40-t152-z110um
ses-m4+d20+y2022+ant2+0+12x+4+methyl+3+hexanol+40+t152+z115um	ses-m4-d20-y2022-ant2-0.12x-4-methyl-3-hexanol-40-t152-z115um
ses-m4+d20+y2022+ant2+0+12x+4+methyl+3+hexanol+40+t152+z120um	ses-m4-d20-y2022-ant2-0.12x-4-methyl-3-hexanol-40-t152-z120um
ses-m4+d20+y2022+ant2+0+12x+4+methyl+3+hexanol+40+t152+z125um	ses-m4-d20-y2022-ant2-0.12x-4-methyl-3-hexanol-40-t152-z125um
ses-m4+d20+y2022+ant2+0+12x+4+methyl+3+hexanol+40+t152+z130um	ses-m4-d20-y2022-ant2-0.12x-4-methyl-3-hexanol-40-t152-z130um
ses-m4+d20+y2022+ant2+0+12x+4+methyl+3+hexanol+40+t152+z135um	ses-m4-d20-y2022-ant2-0.12x-4-methyl-3-hexanol-40-t152-z135um
ses-m4+d20+y2022+ant2+0+12x+4+methyl+3+hexanol+40+t152+z140um	ses-m4-d20-y2022-ant2-0.12x-4-methyl-3-hexanol-40-t152-z140um
ses-m4+d20+y2022+ant2+0+12x+4+methyl+3+hexanol+40+t152+z145um	ses-m4-d20-y2022-ant2-0.12x-4-methyl-3-hexanol-40-t152-z145um
ses-m4+d20+y2022+ant2+0+12x+4+methyl+3+hexanol+40+t152+z150um	ses-m4-d20-y2022-ant2-0.12x-4-methyl-3-hexanol-40-t152-z150um
ses-m4+d20+y2022+ant2+0+12x+4+methyl+3+hexanol+40+t152+z155um	ses-m4-d20-y2022-ant2-0.12x-4-methyl-3-hexanol-40-t152-z155um
ses-m4+d20+y2022+ant2+0+12x+4+methyl+3+hexanol+40+t152+z15um	ses-m4-d20-y2022-ant2-0.12x-4-methyl-3-hexanol-40-t152-z15um
ses-m4+d20+y2022+ant2+0+12x+4+methyl+3+hexanol+40+t152+z160um	ses-m4-d20-y2022-ant2-0.12x-4-methyl-3-hexanol-40-t152-z160um
ses-m4+d20+y2022+ant2+0+12x+4+methyl+3+hexanol+40+t152+z20um	ses-m4-d20-y2022-ant2-0.12x-4-methyl-3-hexanol-40-t152-z20um
ses-m4+d20+y2022+ant2+0+12x+4+methyl+3+hexanol+40+t152+z25um	ses-m4-d20-y2022-ant2-0.12x-4-methyl-3-hexanol-40-t152-z25um
ses-m4+d20+y2022+ant2+0+12x+4+methyl+3+hexanol+40+t152+z30um	ses-m4-d20-y2022-ant2-0.12x-4-methyl-3-hexanol-40-t152-z30um
ses-m4+d20+y2022+ant2+0+12x+4+methyl+3+hexanol+40+t152+z35um	ses-m4-d20-y2022-ant2-0.12x-4-methyl-3-hexanol-40-t152-z35um
ses-m4+d20+y2022+ant2+0+12x+4+methyl+3+hexanol+40+t152+z40um	ses-m4-d20-y2022-ant2-0.12x-4-methyl-3-hexanol-40-t152-z40um
ses-m4+d20+y2022+ant2+0+12x+4+methyl+3+hexanol+40+t152+z45um	ses-m4-d20-y2022-ant2-0.12x-4-methyl-3-hexanol-40-t152-z45um
ses-m4+d20+y2022+ant2+0+12x+4+methyl+3+hexanol+40+t152+z50um	ses-m4-d20-y2022-ant2-0.12x-4-methyl-3-hexanol-40-t152-z50um
ses-m4+d20+y2022+ant2+0+12x+4+methyl+3+hexanol+40+t152+z55um	ses-m4-d20-y2022-ant2-0.12x-4-methyl-3-hexanol-40-t152-z55um
ses-m4+d20+y2022+ant2+0+12x+4+methyl+3+hexanol+40+t152+z5um	ses-m4-d20-y2022-ant2-0.12x-4-methyl-3-hexanol-40-t152-z5um
ses-m4+d20+y2022+ant2+0+12x+4+methyl+3+hexanol+40+t152+z60um	ses-m4-d20-y2022-ant2-0.12x-4-methyl-3-hexanol-40-t152-z60um
ses-m4+d20+y2022+ant2+0+12x+4+methyl+3+hexanol+40+t152+z65um	ses-m4-d20-y2022-ant2-0.12x-4-methyl-3-hexanol-40-t152-z65um
ses-m4+d20+y2022+ant2+0+12x+4+methyl+3+hexanol+40+t152+z70um	ses-m4-d20-y2022-ant2-0.12x-4-methyl-3-hexanol-40-t152-z70um
ses-m4+d20+y2022+ant2+0+12x+4+methyl+3+hexanol+40+t152+z75um	ses-m4-d20-y2022-ant2-0.12x-4-methyl-3-hexanol-40-t152-z75um
ses-m4+d20+y2022+ant2+0+12x+4+methyl+3+hexanol+40+t152+z80um	ses-m4-d20-y2022-ant2-0.12x-4-methyl-3-hexanol-40-t152-z80um
ses-m4+d20+y2022+ant2+0+12x+4+methyl+3+hexanol+40+t152+z85um	ses-m4-d20-y2022-ant2-0.12x-4-methyl-3-hexanol-40-t152-z85um
ses-m4+d20+y2022+ant2+0+12x+4+methyl+3+hexanol+40+t152+z90um	ses-m4-d20-y2022-ant2-0.12x-4-methyl-3-hexanol-40-t152-z90um
ses-m4+d20+y2022+ant2+0+12x+4+methyl+3+hexanol+40+t152+z95um	ses-m4-d20-y2022-ant2-0.12x-4-methyl-3-hexanol-40-t152-z95um
ses-m4+d20+y2022+ant2+0+12x+4+methyl+3+hexanol+40+t157+z0um	ses-m4-d20-y2022-ant2-0.12x-4-methyl-3-hexanol-40-t157-z0um
ses-m4+d20+y2022+ant2+0+12x+4+methyl+3+hexanol+40+t157+z100um	ses-m4-d20-y2022-ant2-0.12x-4-methyl-3-hexanol-40-t157-z100um
ses-m4+d20+y2022+ant2+0+12x+4+methyl+3+hexanol+40+t157+z105um	ses-m4-d20-y2022-ant2-0.12x-4-methyl-3-hexanol-40-t157-z105um
ses-m4+d20+y2022+ant2+0+12x+4+methyl+3+hexanol+40+t157+z10um	ses-m4-d20-y2022-ant2-0.12x-4-methyl-3-hexanol-40-t157-z10um
ses-m4+d20+y2022+ant2+0+12x+4+methyl+3+hexanol+40+t157+z110um	ses-m4-d20-y2022-ant2-0.12x-4-methyl-3-hexanol-40-t157-z110um
ses-m4+d20+y2022+ant2+0+12x+4+methyl+3+hexanol+40+t157+z115um	ses-m4-d20-y2022-ant2-0.12x-4-methyl-3-hexanol-40-t157-z115um
ses-m4+d20+y2022+ant2+0+12x+4+methyl+3+hexanol+40+t157+z120um	ses-m4-d20-y2022-ant2-0.12x-4-methyl-3-hexanol-40-t157-z120um
ses-m4+d20+y2022+ant2+0+12x+4+methyl+3+hexanol+40+t157+z125um	ses-m4-d20-y2022-ant2-0.12x-4-methyl-3-hexanol-40-t157-z125um
ses-m4+d20+y2022+ant2+0+12x+4+methyl+3+hexanol+40+t157+z130um	ses-m4-d20-y2022-ant2-0.12x-4-methyl-3-hexanol-40-t157-z130um
ses-m4+d20+y2022+ant2+0+12x+4+methyl+3+hexanol+40+t157+z135um	ses-m4-d20-y2022-ant2-0.12x-4-methyl-3-hexanol-40-t157-z135um
ses-m4+d20+y2022+ant2+0+12x+4+methyl+3+hexanol+40+t157+z140um	ses-m4-d20-y2022-ant2-0.12x-4-methyl-3-hexanol-40-t157-z140um
ses-m4+d20+y2022+ant2+0+12x+4+methyl+3+hexanol+40+t157+z145um	ses-m4-d20-y2022-ant2-0.12x-4-methyl-3-hexanol-40-t157-z145um
ses-m4+d20+y2022+ant2+0+12x+4+methyl+3+hexanol+40+t157+z150um	ses-m4-d20-y2022-ant2-0.12x-4-methyl-3-hexanol-40-t157-z150um
ses-m4+d20+y2022+ant2+0+12x+4+methyl+3+hexanol+40+t157+z155um	ses-m4-d20-y2022-ant2-0.12x-4-methyl-3-hexanol-40-t157-z155um
ses-m4+d20+y2022+ant2+0+12x+4+methyl+3+hexanol+40+t157+z15um	ses-m4-d20-y2022-ant2-0.12x-4-methyl-3-hexanol-40-t157-z15um
ses-m4+d20+y2022+ant2+0+12x+4+methyl+3+hexanol+40+t157+z160um	ses-m4-d20-y2022-ant2-0.12x-4-methyl-3-hexanol-40-t157-z160um
ses-m4+d20+y2022+ant2+0+12x+4+methyl+3+hexanol+40+t157+z20um	ses-m4-d20-y2022-ant2-0.12x-4-methyl-3-hexanol-40-t157-z20um
ses-m4+d20+y2022+ant2+0+12x+4+methyl+3+hexanol+40+t157+z25um	ses-m4-d20-y2022-ant2-0.12x-4-methyl-3-hexanol-40-t157-z25um
ses-m4+d20+y2022+ant2+0+12x+4+methyl+3+hexanol+40+t157+z30um	ses-m4-d20-y2022-ant2-0.12x-4-methyl-3-hexanol-40-t157-z30um
ses-m4+d20+y2022+ant2+0+12x+4+methyl+3+hexanol+40+t157+z35um	ses-m4-d20-y2022-ant2-0.12x-4-methyl-3-hexanol-40-t157-z35um
ses-m4+d20+y2022+ant2+0+12x+4+methyl+3+hexanol+40+t157+z40um	ses-m4-d20-y2022-ant2-0.12x-4-methyl-3-hexanol-40-t157-z40um
ses-m4+d20+y2022+ant2+0+12x+4+methyl+3+hexanol+40+t157+z45um	ses-m4-d20-y2022-ant2-0.12x-4-methyl-3-hexanol-40-t157-z45um
ses-m4+d20+y2022+ant2+0+12x+4+methyl+3+hexanol+40+t157+z50um	ses-m4-d20-y2022-ant2-0.12x-4-methyl-3-hexanol-40-t157-z50um
ses-m4+d20+y2022+ant2+0+12x+4+methyl+3+hexanol+40+t157+z55um	ses-m4-d20-y2022-ant2-0.12x-4-methyl-3-hexanol-40-t157-z55um
ses-m4+d20+y2022+ant2+0+12x+4+methyl+3+hexanol+40+t157+z5um	ses-m4-d20-y2022-ant2-0.12x-4-methyl-3-hexanol-40-t157-z5um
ses-m4+d20+y2022+ant2+0+12x+4+methyl+3+hexanol+40+t157+z60um	ses-m4-d20-y2022-ant2-0.12x-4-methyl-3-hexanol-40-t157-z60um
ses-m4+d20+y2022+ant2+0+12x+4+methyl+3+hexanol+40+t157+z65um	ses-m4-d20-y2022-ant2-0.12x-4-methyl-3-hexanol-40-t157-z65um
ses-m4+d20+y2022+ant2+0+12x+4+methyl+3+hexanol+40+t157+z70um	ses-m4-d20-y2022-ant2-0.12x-4-methyl-3-hexanol-40-t157-z70um
ses-m4+d20+y2022+ant2+0+12x+4+methyl+3+hexanol+40+t157+z75um	ses-m4-d20-y2022-ant2-0.12x-4-methyl-3-hexanol-40-t157-z75um
ses-m4+d20+y2022+ant2+0+12x+4+methyl+3+hexanol+40+t157+z80um	ses-m4-d20-y2022-ant2-0.12x-4-methyl-3-hexanol-40-t157-z80um
ses-m4+d20+y2022+ant2+0+12x+4+methyl+3+hexanol+40+t157+z85um	ses-m4-d20-y2022-ant2-0.12x-4-methyl-3-hexanol-40-t157-z85um
ses-m4+d20+y2022+ant2+0+12x+4+methyl+3+hexanol+40+t157+z90um	ses-m4-d20-y2022-ant2-0.12x-4-methyl-3-hexanol-40-t157-z90um
ses-m4+d20+y2022+ant2+0+12x+4+methyl+3+hexanol+40+t157+z95um	ses-m4-d20-y2022-ant2-0.12x-4-methyl-3-hexanol-40-t157-z95um
ses-m4+d20+y2022+ant2+0+12x+6+methyl+5+hepten+2+one+40+t145+z0um	ses-m4-d20-y2022-ant2-0.12x-6-methyl-5-hepten-2-one-40-t145-z0um
ses-m4+d20+y2022+ant2+0+12x+6+methyl+5+hepten+2+one+40+t145+z100um	ses-m4-d20-y2022-ant2-0.12x-6-methyl-5-hepten-2-one-40-t145-z100um
ses-m4+d20+y2022+ant2+0+12x+6+methyl+5+hepten+2+one+40+t145+z105um	ses-m4-d20-y2022-ant2-0.12x-6-methyl-5-hepten-2-one-40-t145-z105um
ses-m4+d20+y2022+ant2+0+12x+6+methyl+5+hepten+2+one+40+t145+z10um	ses-m4-d20-y2022-ant2-0.12x-6-methyl-5-hepten-2-one-40-t145-z10um
ses-m4+d20+y2022+ant2+0+12x+6+methyl+5+hepten+2+one+40+t145+z110um	ses-m4-d20-y2022-ant2-0.12x-6-methyl-5-hepten-2-one-40-t145-z110um
ses-m4+d20+y2022+ant2+0+12x+6+methyl+5+hepten+2+one+40+t145+z115um	ses-m4-d20-y2022-ant2-0.12x-6-methyl-5-hepten-2-one-40-t145-z115um
ses-m4+d20+y2022+ant2+0+12x+6+methyl+5+hepten+2+one+40+t145+z120um	ses-m4-d20-y2022-ant2-0.12x-6-methyl-5-hepten-2-one-40-t145-z120um
ses-m4+d20+y2022+ant2+0+12x+6+methyl+5+hepten+2+one+40+t145+z125um	ses-m4-d20-y2022-ant2-0.12x-6-methyl-5-hepten-2-one-40-t145-z125um
ses-m4+d20+y2022+ant2+0+12x+6+methyl+5+hepten+2+one+40+t145+z130um	ses-m4-d20-y2022-ant2-0.12x-6-methyl-5-hepten-2-one-40-t145-z130um
ses-m4+d20+y2022+ant2+0+12x+6+methyl+5+hepten+2+one+40+t145+z135um	ses-m4-d20-y2022-ant2-0.12x-6-methyl-5-hepten-2-one-40-t145-z135um
ses-m4+d20+y2022+ant2+0+12x+6+methyl+5+hepten+2+one+40+t145+z140um	ses-m4-d20-y2022-ant2-0.12x-6-methyl-5-hepten-2-one-40-t145-z140um
ses-m4+d20+y2022+ant2+0+12x+6+methyl+5+hepten+2+one+40+t145+z145um	ses-m4-d20-y2022-ant2-0.12x-6-methyl-5-hepten-2-one-40-t145-z145um
ses-m4+d20+y2022+ant2+0+12x+6+methyl+5+hepten+2+one+40+t145+z150um	ses-m4-d20-y2022-ant2-0.12x-6-methyl-5-hepten-2-one-40-t145-z150um
ses-m4+d20+y2022+ant2+0+12x+6+methyl+5+hepten+2+one+40+t145+z155um	ses-m4-d20-y2022-ant2-0.12x-6-methyl-5-hepten-2-one-40-t145-z155um
ses-m4+d20+y2022+ant2+0+12x+6+methyl+5+hepten+2+one+40+t145+z15um	ses-m4-d20-y2022-ant2-0.12x-6-methyl-5-hepten-2-one-40-t145-z15um
ses-m4+d20+y2022+ant2+0+12x+6+methyl+5+hepten+2+one+40+t145+z160um	ses-m4-d20-y2022-ant2-0.12x-6-methyl-5-hepten-2-one-40-t145-z160um
ses-m4+d20+y2022+ant2+0+12x+6+methyl+5+hepten+2+one+40+t145+z20um	ses-m4-d20-y2022-ant2-0.12x-6-methyl-5-hepten-2-one-40-t145-z20um
ses-m4+d20+y2022+ant2+0+12x+6+methyl+5+hepten+2+one+40+t145+z25um	ses-m4-d20-y2022-ant2-0.12x-6-methyl-5-hepten-2-one-40-t145-z25um
ses-m4+d20+y2022+ant2+0+12x+6+methyl+5+hepten+2+one+40+t145+z30um	ses-m4-d20-y2022-ant2-0.12x-6-methyl-5-hepten-2-one-40-t145-z30um
ses-m4+d20+y2022+ant2+0+12x+6+methyl+5+hepten+2+one+40+t145+z35um	ses-m4-d20-y2022-ant2-0.12x-6-methyl-5-hepten-2-one-40-t145-z35um
ses-m4+d20+y2022+ant2+0+12x+6+methyl+5+hepten+2+one+40+t145+z40um	ses-m4-d20-y2022-ant2-0.12x-6-methyl-5-hepten-2-one-40-t145-z40um
ses-m4+d20+y2022+ant2+0+12x+6+methyl+5+hepten+2+one+40+t145+z45um	ses-m4-d20-y2022-ant2-0.12x-6-methyl-5-hepten-2-one-40-t145-z45um
ses-m4+d20+y2022+ant2+0+12x+6+methyl+5+hepten+2+one+40+t145+z50um	ses-m4-d20-y2022-ant2-0.12x-6-methyl-5-hepten-2-one-40-t145-z50um
ses-m4+d20+y2022+ant2+0+12x+6+methyl+5+hepten+2+one+40+t145+z55um	ses-m4-d20-y2022-ant2-0.12x-6-methyl-5-hepten-2-one-40-t145-z55um
ses-m4+d20+y2022+ant2+0+12x+6+methyl+5+hepten+2+one+40+t145+z5um	ses-m4-d20-y2022-ant2-0.12x-6-methyl-5-hepten-2-one-40-t145-z5um
ses-m4+d20+y2022+ant2+0+12x+6+methyl+5+hepten+2+one+40+t145+z60um	ses-m4-d20-y2022-ant2-0.12x-6-methyl-5-hepten-2-one-40-t145-z60um
ses-m4+d20+y2022+ant2+0+12x+6+methyl+5+hepten+2+one+40+t145+z65um	ses-m4-d20-y2022-ant2-0.12x-6-methyl-5-hepten-2-one-40-t145-z65um
ses-m4+d20+y2022+ant2+0+12x+6+methyl+5+hepten+2+one+40+t145+z70um	ses-m4-d20-y2022-ant2-0.12x-6-methyl-5-hepten-2-one-40-t145-z70um
ses-m4+d20+y2022+ant2+0+12x+6+methyl+5+hepten+2+one+40+t145+z75um	ses-m4-d20-y2022-ant2-0.12x-6-methyl-5-hepten-2-one-40-t145-z75um
ses-m4+d20+y2022+ant2+0+12x+6+methyl+5+hepten+2+one+40+t145+z80um	ses-m4-d20-y2022-ant2-0.12x-6-methyl-5-hepten-2-one-40-t145-z80um
ses-m4+d20+y2022+ant2+0+12x+6+methyl+5+hepten+2+one+40+t145+z85um	ses-m4-d20-y2022-ant2-0.12x-6-methyl-5-hepten-2-one-40-t145-z85um
ses-m4+d20+y2022+ant2+0+12x+6+methyl+5+hepten+2+one+40+t145+z90um	ses-m4-d20-y2022-ant2-0.12x-6-methyl-5-hepten-2-one-40-t145-z90um
ses-m4+d20+y2022+ant2+0+12x+6+methyl+5+hepten+2+one+40+t145+z95um	ses-m4-d20-y2022-ant2-0.12x-6-methyl-5-hepten-2-one-40-t145-z95um
ses-m4+d20+y2022+ant2+0+12x+6+methyl+5+hepten+2+one+40+t151+z0um	ses-m4-d20-y2022-ant2-0.12x-6-methyl-5-hepten-2-one-40-t151-z0um
ses-m4+d20+y2022+ant2+0+12x+6+methyl+5+hepten+2+one+40+t151+z100um	ses-m4-d20-y2022-ant2-0.12x-6-methyl-5-hepten-2-one-40-t151-z100um
ses-m4+d20+y2022+ant2+0+12x+6+methyl+5+hepten+2+one+40+t151+z105um	ses-m4-d20-y2022-ant2-0.12x-6-methyl-5-hepten-2-one-40-t151-z105um
ses-m4+d20+y2022+ant2+0+12x+6+methyl+5+hepten+2+one+40+t151+z10um	ses-m4-d20-y2022-ant2-0.12x-6-methyl-5-hepten-2-one-40-t151-z10um
ses-m4+d20+y2022+ant2+0+12x+6+methyl+5+hepten+2+one+40+t151+z110um	ses-m4-d20-y2022-ant2-0.12x-6-methyl-5-hepten-2-one-40-t151-z110um
ses-m4+d20+y2022+ant2+0+12x+6+methyl+5+hepten+2+one+40+t151+z115um	ses-m4-d20-y2022-ant2-0.12x-6-methyl-5-hepten-2-one-40-t151-z115um
ses-m4+d20+y2022+ant2+0+12x+6+methyl+5+hepten+2+one+40+t151+z120um	ses-m4-d20-y2022-ant2-0.12x-6-methyl-5-hepten-2-one-40-t151-z120um
ses-m4+d20+y2022+ant2+0+12x+6+methyl+5+hepten+2+one+40+t151+z125um	ses-m4-d20-y2022-ant2-0.12x-6-methyl-5-hepten-2-one-40-t151-z125um
ses-m4+d20+y2022+ant2+0+12x+6+methyl+5+hepten+2+one+40+t151+z130um	ses-m4-d20-y2022-ant2-0.12x-6-methyl-5-hepten-2-one-40-t151-z130um
ses-m4+d20+y2022+ant2+0+12x+6+methyl+5+hepten+2+one+40+t151+z135um	ses-m4-d20-y2022-ant2-0.12x-6-methyl-5-hepten-2-one-40-t151-z135um
ses-m4+d20+y2022+ant2+0+12x+6+methyl+5+hepten+2+one+40+t151+z140um	ses-m4-d20-y2022-ant2-0.12x-6-methyl-5-hepten-2-one-40-t151-z140um
ses-m4+d20+y2022+ant2+0+12x+6+methyl+5+hepten+2+one+40+t151+z145um	ses-m4-d20-y2022-ant2-0.12x-6-methyl-5-hepten-2-one-40-t151-z145um
ses-m4+d20+y2022+ant2+0+12x+6+methyl+5+hepten+2+one+40+t151+z150um	ses-m4-d20-y2022-ant2-0.12x-6-methyl-5-hepten-2-one-40-t151-z150um
ses-m4+d20+y2022+ant2+0+12x+6+methyl+5+hepten+2+one+40+t151+z155um	ses-m4-d20-y2022-ant2-0.12x-6-methyl-5-hepten-2-one-40-t151-z155um
ses-m4+d20+y2022+ant2+0+12x+6+methyl+5+hepten+2+one+40+t151+z15um	ses-m4-d20-y2022-ant2-0.12x-6-methyl-5-hepten-2-one-40-t151-z15um
ses-m4+d20+y2022+ant2+0+12x+6+methyl+5+hepten+2+one+40+t151+z160um	ses-m4-d20-y2022-ant2-0.12x-6-methyl-5-hepten-2-one-40-t151-z160um
ses-m4+d20+y2022+ant2+0+12x+6+methyl+5+hepten+2+one+40+t151+z20um	ses-m4-d20-y2022-ant2-0.12x-6-methyl-5-hepten-2-one-40-t151-z20um
ses-m4+d20+y2022+ant2+0+12x+6+methyl+5+hepten+2+one+40+t151+z25um	ses-m4-d20-y2022-ant2-0.12x-6-methyl-5-hepten-2-one-40-t151-z25um
ses-m4+d20+y2022+ant2+0+12x+6+methyl+5+hepten+2+one+40+t151+z30um	ses-m4-d20-y2022-ant2-0.12x-6-methyl-5-hepten-2-one-40-t151-z30um
ses-m4+d20+y2022+ant2+0+12x+6+methyl+5+hepten+2+one+40+t151+z35um	ses-m4-d20-y2022-ant2-0.12x-6-methyl-5-hepten-2-one-40-t151-z35um
ses-m4+d20+y2022+ant2+0+12x+6+methyl+5+hepten+2+one+40+t151+z40um	ses-m4-d20-y2022-ant2-0.12x-6-methyl-5-hepten-2-one-40-t151-z40um
ses-m4+d20+y2022+ant2+0+12x+6+methyl+5+hepten+2+one+40+t151+z45um	ses-m4-d20-y2022-ant2-0.12x-6-methyl-5-hepten-2-one-40-t151-z45um
ses-m4+d20+y2022+ant2+0+12x+6+methyl+5+hepten+2+one+40+t151+z50um	ses-m4-d20-y2022-ant2-0.12x-6-methyl-5-hepten-2-one-40-t151-z50um
ses-m4+d20+y2022+ant2+0+12x+6+methyl+5+hepten+2+one+40+t151+z55um	ses-m4-d20-y2022-ant2-0.12x-6-methyl-5-hepten-2-one-40-t151-z55um
ses-m4+d20+y2022+ant2+0+12x+6+methyl+5+hepten+2+one+40+t151+z5um	ses-m4-d20-y2022-ant2-0.12x-6-methyl-5-hepten-2-one-40-t151-z5um
ses-m4+d20+y2022+ant2+0+12x+6+methyl+5+hepten+2+one+40+t151+z60um	ses-m4-d20-y2022-ant2-0.12x-6-methyl-5-hepten-2-one-40-t151-z60um
ses-m4+d20+y2022+ant2+0+12x+6+methyl+5+hepten+2+one+40+t151+z65um	ses-m4-d20-y2022-ant2-0.12x-6-methyl-5-hepten-2-one-40-t151-z65um
ses-m4+d20+y2022+ant2+0+12x+6+methyl+5+hepten+2+one+40+t151+z70um	ses-m4-d20-y2022-ant2-0.12x-6-methyl-5-hepten-2-one-40-t151-z70um
ses-m4+d20+y2022+ant2+0+12x+6+methyl+5+hepten+2+one+40+t151+z75um	ses-m4-d20-y2022-ant2-0.12x-6-methyl-5-hepten-2-one-40-t151-z75um
ses-m4+d20+y2022+ant2+0+12x+6+methyl+5+hepten+2+one+40+t151+z80um	ses-m4-d20-y2022-ant2-0.12x-6-methyl-5-hepten-2-one-40-t151-z80um
ses-m4+d20+y2022+ant2+0+12x+6+methyl+5+hepten+2+one+40+t151+z85um	ses-m4-d20-y2022-ant2-0.12x-6-methyl-5-hepten-2-one-40-t151-z85um
ses-m4+d20+y2022+ant2+0+12x+6+methyl+5+hepten+2+one+40+t151+z90um	ses-m4-d20-y2022-ant2-0.12x-6-methyl-5-hepten-2-one-40-t151-z90um
ses-m4+d20+y2022+ant2+0+12x+6+methyl+5+hepten+2+one+40+t151+z95um	ses-m4-d20-y2022-ant2-0.12x-6-methyl-5-hepten-2-one-40-t151-z95um
ses-m4+d20+y2022+ant2+0+12x+6+methyl+5+hepten+2+one+40+t156+z0um	ses-m4-d20-y2022-ant2-0.12x-6-methyl-5-hepten-2-one-40-t156-z0um
ses-m4+d20+y2022+ant2+0+12x+6+methyl+5+hepten+2+one+40+t156+z100um	ses-m4-d20-y2022-ant2-0.12x-6-methyl-5-hepten-2-one-40-t156-z100um
ses-m4+d20+y2022+ant2+0+12x+6+methyl+5+hepten+2+one+40+t156+z105um	ses-m4-d20-y2022-ant2-0.12x-6-methyl-5-hepten-2-one-40-t156-z105um
ses-m4+d20+y2022+ant2+0+12x+6+methyl+5+hepten+2+one+40+t156+z10um	ses-m4-d20-y2022-ant2-0.12x-6-methyl-5-hepten-2-one-40-t156-z10um
ses-m4+d20+y2022+ant2+0+12x+6+methyl+5+hepten+2+one+40+t156+z110um	ses-m4-d20-y2022-ant2-0.12x-6-methyl-5-hepten-2-one-40-t156-z110um
ses-m4+d20+y2022+ant2+0+12x+6+methyl+5+hepten+2+one+40+t156+z115um	ses-m4-d20-y2022-ant2-0.12x-6-methyl-5-hepten-2-one-40-t156-z115um
ses-m4+d20+y2022+ant2+0+12x+6+methyl+5+hepten+2+one+40+t156+z120um	ses-m4-d20-y2022-ant2-0.12x-6-methyl-5-hepten-2-one-40-t156-z120um
ses-m4+d20+y2022+ant2+0+12x+6+methyl+5+hepten+2+one+40+t156+z125um	ses-m4-d20-y2022-ant2-0.12x-6-methyl-5-hepten-2-one-40-t156-z125um
ses-m4+d20+y2022+ant2+0+12x+6+methyl+5+hepten+2+one+40+t156+z130um	ses-m4-d20-y2022-ant2-0.12x-6-methyl-5-hepten-2-one-40-t156-z130um
ses-m4+d20+y2022+ant2+0+12x+6+methyl+5+hepten+2+one+40+t156+z135um	ses-m4-d20-y2022-ant2-0.12x-6-methyl-5-hepten-2-one-40-t156-z135um
ses-m4+d20+y2022+ant2+0+12x+6+methyl+5+hepten+2+one+40+t156+z140um	ses-m4-d20-y2022-ant2-0.12x-6-methyl-5-hepten-2-one-40-t156-z140um
ses-m4+d20+y2022+ant2+0+12x+6+methyl+5+hepten+2+one+40+t156+z145um	ses-m4-d20-y2022-ant2-0.12x-6-methyl-5-hepten-2-one-40-t156-z145um
ses-m4+d20+y2022+ant2+0+12x+6+methyl+5+hepten+2+one+40+t156+z150um	ses-m4-d20-y2022-ant2-0.12x-6-methyl-5-hepten-2-one-40-t156-z150um
ses-m4+d20+y2022+ant2+0+12x+6+methyl+5+hepten+2+one+40+t156+z155um	ses-m4-d20-y2022-ant2-0.12x-6-methyl-5-hepten-2-one-40-t156-z155um
ses-m4+d20+y2022+ant2+0+12x+6+methyl+5+hepten+2+one+40+t156+z15um	ses-m4-d20-y2022-ant2-0.12x-6-methyl-5-hepten-2-one-40-t156-z15um
ses-m4+d20+y2022+ant2+0+12x+6+methyl+5+hepten+2+one+40+t156+z160um	ses-m4-d20-y2022-ant2-0.12x-6-methyl-5-hepten-2-one-40-t156-z160um
ses-m4+d20+y2022+ant2+0+12x+6+methyl+5+hepten+2+one+40+t156+z20um	ses-m4-d20-y2022-ant2-0.12x-6-methyl-5-hepten-2-one-40-t156-z20um
ses-m4+d20+y2022+ant2+0+12x+6+methyl+5+hepten+2+one+40+t156+z25um	ses-m4-d20-y2022-ant2-0.12x-6-methyl-5-hepten-2-one-40-t156-z25um
ses-m4+d20+y2022+ant2+0+12x+6+methyl+5+hepten+2+one+40+t156+z30um	ses-m4-d20-y2022-ant2-0.12x-6-methyl-5-hepten-2-one-40-t156-z30um
ses-m4+d20+y2022+ant2+0+12x+6+methyl+5+hepten+2+one+40+t156+z35um	ses-m4-d20-y2022-ant2-0.12x-6-methyl-5-hepten-2-one-40-t156-z35um
ses-m4+d20+y2022+ant2+0+12x+6+methyl+5+hepten+2+one+40+t156+z40um	ses-m4-d20-y2022-ant2-0.12x-6-methyl-5-hepten-2-one-40-t156-z40um
ses-m4+d20+y2022+ant2+0+12x+6+methyl+5+hepten+2+one+40+t156+z45um	ses-m4-d20-y2022-ant2-0.12x-6-methyl-5-hepten-2-one-40-t156-z45um
ses-m4+d20+y2022+ant2+0+12x+6+methyl+5+hepten+2+one+40+t156+z50um	ses-m4-d20-y2022-ant2-0.12x-6-methyl-5-hepten-2-one-40-t156-z50um
ses-m4+d20+y2022+ant2+0+12x+6+methyl+5+hepten+2+one+40+t156+z55um	ses-m4-d20-y2022-ant2-0.12x-6-methyl-5-hepten-2-one-40-t156-z55um
ses-m4+d20+y2022+ant2+0+12x+6+methyl+5+hepten+2+one+40+t156+z5um	ses-m4-d20-y2022-ant2-0.12x-6-methyl-5-hepten-2-one-40-t156-z5um
ses-m4+d20+y2022+ant2+0+12x+6+methyl+5+hepten+2+one+40+t156+z60um	ses-m4-d20-y2022-ant2-0.12x-6-methyl-5-hepten-2-one-40-t156-z60um
ses-m4+d20+y2022+ant2+0+12x+6+methyl+5+hepten+2+one+40+t156+z65um	ses-m4-d20-y2022-ant2-0.12x-6-methyl-5-hepten-2-one-40-t156-z65um
ses-m4+d20+y2022+ant2+0+12x+6+methyl+5+hepten+2+one+40+t156+z70um	ses-m4-d20-y2022-ant2-0.12x-6-methyl-5-hepten-2-one-40-t156-z70um
ses-m4+d20+y2022+ant2+0+12x+6+methyl+5+hepten+2+one+40+t156+z75um	ses-m4-d20-y2022-ant2-0.12x-6-methyl-5-hepten-2-one-40-t156-z75um
ses-m4+d20+y2022+ant2+0+12x+6+methyl+5+hepten+2+one+40+t156+z80um	ses-m4-d20-y2022-ant2-0.12x-6-methyl-5-hepten-2-one-40-t156-z80um
ses-m4+d20+y2022+ant2+0+12x+6+methyl+5+hepten+2+one+40+t156+z85um	ses-m4-d20-y2022-ant2-0.12x-6-methyl-5-hepten-2-one-40-t156-z85um
ses-m4+d20+y2022+ant2+0+12x+6+methyl+5+hepten+2+one+40+t156+z90um	ses-m4-d20-y2022-ant2-0.12x-6-methyl-5-hepten-2-one-40-t156-z90um
ses-m4+d20+y2022+ant2+0+12x+6+methyl+5+hepten+2+one+40+t156+z95um	ses-m4-d20-y2022-ant2-0.12x-6-methyl-5-hepten-2-one-40-t156-z95um
ses-m4+d20+y2022+ant2+1x+isopropanol+40+t128+z0um	ses-m4-d20-y2022-ant2-1x-isopropanol-40-t128-z0um
ses-m4+d20+y2022+ant2+1x+isopropanol+40+t128+z100um	ses-m4-d20-y2022-ant2-1x-isopropanol-40-t128-z100um
ses-m4+d20+y2022+ant2+1x+isopropanol+40+t128+z105um	ses-m4-d20-y2022-ant2-1x-isopropanol-40-t128-z105um
ses-m4+d20+y2022+ant2+1x+isopropanol+40+t128+z10um	ses-m4-d20-y2022-ant2-1x-isopropanol-40-t128-z10um
ses-m4+d20+y2022+ant2+1x+isopropanol+40+t128+z110um	ses-m4-d20-y2022-ant2-1x-isopropanol-40-t128-z110um
ses-m4+d20+y2022+ant2+1x+isopropanol+40+t128+z115um	ses-m4-d20-y2022-ant2-1x-isopropanol-40-t128-z115um
ses-m4+d20+y2022+ant2+1x+isopropanol+40+t128+z120um	ses-m4-d20-y2022-ant2-1x-isopropanol-40-t128-z120um
ses-m4+d20+y2022+ant2+1x+isopropanol+40+t128+z125um	ses-m4-d20-y2022-ant2-1x-isopropanol-40-t128-z125um
ses-m4+d20+y2022+ant2+1x+isopropanol+40+t128+z130um	ses-m4-d20-y2022-ant2-1x-isopropanol-40-t128-z130um
ses-m4+d20+y2022+ant2+1x+isopropanol+40+t128+z135um	ses-m4-d20-y2022-ant2-1x-isopropanol-40-t128-z135um
ses-m4+d20+y2022+ant2+1x+isopropanol+40+t128+z140um	ses-m4-d20-y2022-ant2-1x-isopropanol-40-t128-z140um
ses-m4+d20+y2022+ant2+1x+isopropanol+40+t128+z145um	ses-m4-d20-y2022-ant2-1x-isopropanol-40-t128-z145um
ses-m4+d20+y2022+ant2+1x+isopropanol+40+t128+z150um	ses-m4-d20-y2022-ant2-1x-isopropanol-40-t128-z150um
ses-m4+d20+y2022+ant2+1x+isopropanol+40+t128+z155um	ses-m4-d20-y2022-ant2-1x-isopropanol-40-t128-z155um
ses-m4+d20+y2022+ant2+1x+isopropanol+40+t128+z15um	ses-m4-d20-y2022-ant2-1x-isopropanol-40-t128-z15um
ses-m4+d20+y2022+ant2+1x+isopropanol+40+t128+z160um	ses-m4-d20-y2022-ant2-1x-isopropanol-40-t128-z160um
ses-m4+d20+y2022+ant2+1x+isopropanol+40+t128+z20um	ses-m4-d20-y2022-ant2-1x-isopropanol-40-t128-z20um
ses-m4+d20+y2022+ant2+1x+isopropanol+40+t128+z25um	ses-m4-d20-y2022-ant2-1x-isopropanol-40-t128-z25um
ses-m4+d20+y2022+ant2+1x+isopropanol+40+t128+z30um	ses-m4-d20-y2022-ant2-1x-isopropanol-40-t128-z30um
ses-m4+d20+y2022+ant2+1x+isopropanol+40+t128+z35um	ses-m4-d20-y2022-ant2-1x-isopropanol-40-t128-z35um
ses-m4+d20+y2022+ant2+1x+isopropanol+40+t128+z40um	ses-m4-d20-y2022-ant2-1x-isopropanol-40-t128-z40um
ses-m4+d20+y2022+ant2+1x+isopropanol+40+t128+z45um	ses-m4-d20-y2022-ant2-1x-isopropanol-40-t128-z45um
ses-m4+d20+y2022+ant2+1x+isopropanol+40+t128+z50um	ses-m4-d20-y2022-ant2-1x-isopropanol-40-t128-z50um
ses-m4+d20+y2022+ant2+1x+isopropanol+40+t128+z55um	ses-m4-d20-y2022-ant2-1x-isopropanol-40-t128-z55um
ses-m4+d20+y2022+ant2+1x+isopropanol+40+t128+z5um	ses-m4-d20-y2022-ant2-1x-isopropanol-40-t128-z5um
ses-m4+d20+y2022+ant2+1x+isopropanol+40+t128+z60um	ses-m4-d20-y2022-ant2-1x-isopropanol-40-t128-z60um
ses-m4+d20+y2022+ant2+1x+isopropanol+40+t128+z65um	ses-m4-d20-y2022-ant2-1x-isopropanol-40-t128-z65um
ses-m4+d20+y2022+ant2+1x+isopropanol+40+t128+z70um	ses-m4-d20-y2022-ant2-1x-isopropanol-40-t128-z70um
ses-m4+d20+y2022+ant2+1x+isopropanol+40+t128+z75um	ses-m4-d20-y2022-ant2-1x-isopropanol-40-t128-z75um
ses-m4+d20+y2022+ant2+1x+isopropanol+40+t128+z80um	ses-m4-d20-y2022-ant2-1x-isopropanol-40-t128-z80um
ses-m4+d20+y2022+ant2+1x+isopropanol+40+t128+z85um	ses-m4-d20-y2022-ant2-1x-isopropanol-40-t128-z85um
ses-m4+d20+y2022+ant2+1x+isopropanol+40+t128+z90um	ses-m4-d20-y2022-ant2-1x-isopropanol-40-t128-z90um
ses-m4+d20+y2022+ant2+1x+isopropanol+40+t128+z95um	ses-m4-d20-y2022-ant2-1x-isopropanol-40-t128-z95um
ses-m4+d20+y2022+ant2+1x+paraffin+oil+40+t127+z0um	ses-m4-d20-y2022-ant2-1x-paraffin-oil-40-t127-z0um
ses-m4+d20+y2022+ant2+1x+paraffin+oil+40+t127+z100um	ses-m4-d20-y2022-ant2-1x-paraffin-oil-40-t127-z100um
ses-m4+d20+y2022+ant2+1x+paraffin+oil+40+t127+z105um	ses-m4-d20-y2022-ant2-1x-paraffin-oil-40-t127-z105um
ses-m4+d20+y2022+ant2+1x+paraffin+oil+40+t127+z10um	ses-m4-d20-y2022-ant2-1x-paraffin-oil-40-t127-z10um
ses-m4+d20+y2022+ant2+1x+paraffin+oil+40+t127+z110um	ses-m4-d20-y2022-ant2-1x-paraffin-oil-40-t127-z110um
ses-m4+d20+y2022+ant2+1x+paraffin+oil+40+t127+z115um	ses-m4-d20-y2022-ant2-1x-paraffin-oil-40-t127-z115um
ses-m4+d20+y2022+ant2+1x+paraffin+oil+40+t127+z120um	ses-m4-d20-y2022-ant2-1x-paraffin-oil-40-t127-z120um
ses-m4+d20+y2022+ant2+1x+paraffin+oil+40+t127+z125um	ses-m4-d20-y2022-ant2-1x-paraffin-oil-40-t127-z125um
ses-m4+d20+y2022+ant2+1x+paraffin+oil+40+t127+z130um	ses-m4-d20-y2022-ant2-1x-paraffin-oil-40-t127-z130um
ses-m4+d20+y2022+ant2+1x+paraffin+oil+40+t127+z135um	ses-m4-d20-y2022-ant2-1x-paraffin-oil-40-t127-z135um
ses-m4+d20+y2022+ant2+1x+paraffin+oil+40+t127+z140um	ses-m4-d20-y2022-ant2-1x-paraffin-oil-40-t127-z140um
ses-m4+d20+y2022+ant2+1x+paraffin+oil+40+t127+z145um	ses-m4-d20-y2022-ant2-1x-paraffin-oil-40-t127-z145um
ses-m4+d20+y2022+ant2+1x+paraffin+oil+40+t127+z150um	ses-m4-d20-y2022-ant2-1x-paraffin-oil-40-t127-z150um
ses-m4+d20+y2022+ant2+1x+paraffin+oil+40+t127+z155um	ses-m4-d20-y2022-ant2-1x-paraffin-oil-40-t127-z155um
ses-m4+d20+y2022+ant2+1x+paraffin+oil+40+t127+z15um	ses-m4-d20-y2022-ant2-1x-paraffin-oil-40-t127-z15um
ses-m4+d20+y2022+ant2+1x+paraffin+oil+40+t127+z160um	ses-m4-d20-y2022-ant2-1x-paraffin-oil-40-t127-z160um
ses-m4+d20+y2022+ant2+1x+paraffin+oil+40+t127+z20um	ses-m4-d20-y2022-ant2-1x-paraffin-oil-40-t127-z20um
ses-m4+d20+y2022+ant2+1x+paraffin+oil+40+t127+z25um	ses-m4-d20-y2022-ant2-1x-paraffin-oil-40-t127-z25um
ses-m4+d20+y2022+ant2+1x+paraffin+oil+40+t127+z30um	ses-m4-d20-y2022-ant2-1x-paraffin-oil-40-t127-z30um
ses-m4+d20+y2022+ant2+1x+paraffin+oil+40+t127+z35um	ses-m4-d20-y2022-ant2-1x-paraffin-oil-40-t127-z35um
ses-m4+d20+y2022+ant2+1x+paraffin+oil+40+t127+z40um	ses-m4-d20-y2022-ant2-1x-paraffin-oil-40-t127-z40um
ses-m4+d20+y2022+ant2+1x+paraffin+oil+40+t127+z45um	ses-m4-d20-y2022-ant2-1x-paraffin-oil-40-t127-z45um
ses-m4+d20+y2022+ant2+1x+paraffin+oil+40+t127+z50um	ses-m4-d20-y2022-ant2-1x-paraffin-oil-40-t127-z50um
ses-m4+d20+y2022+ant2+1x+paraffin+oil+40+t127+z55um	ses-m4-d20-y2022-ant2-1x-paraffin-oil-40-t127-z55um
ses-m4+d20+y2022+ant2+1x+paraffin+oil+40+t127+z5um	ses-m4-d20-y2022-ant2-1x-paraffin-oil-40-t127-z5um
ses-m4+d20+y2022+ant2+1x+paraffin+oil+40+t127+z60um	ses-m4-d20-y2022-ant2-1x-paraffin-oil-40-t127-z60um
ses-m4+d20+y2022+ant2+1x+paraffin+oil+40+t127+z65um	ses-m4-d20-y2022-ant2-1x-paraffin-oil-40-t127-z65um
ses-m4+d20+y2022+ant2+1x+paraffin+oil+40+t127+z70um	ses-m4-d20-y2022-ant2-1x-paraffin-oil-40-t127-z70um
ses-m4+d20+y2022+ant2+1x+paraffin+oil+40+t127+z75um	ses-m4-d20-y2022-ant2-1x-paraffin-oil-40-t127-z75um
ses-m4+d20+y2022+ant2+1x+paraffin+oil+40+t127+z80um	ses-m4-d20-y2022-ant2-1x-paraffin-oil-40-t127-z80um
ses-m4+d20+y2022+ant2+1x+paraffin+oil+40+t127+z85um	ses-m4-d20-y2022-ant2-1x-paraffin-oil-40-t127-z85um
ses-m4+d20+y2022+ant2+1x+paraffin+oil+40+t127+z90um	ses-m4-d20-y2022-ant2-1x-paraffin-oil-40-t127-z90um
ses-m4+d20+y2022+ant2+1x+paraffin+oil+40+t127+z95um	ses-m4-d20-y2022-ant2-1x-paraffin-oil-40-t127-z95um
